Fecha,Región,Provincia,Distrito,Establecimiento,Tipo_Combustible,Precio_Soles_Galon
2026-08-24,La Libertad,Ascope,Ascope,COMBUSTIBLE ZAVALETA PERU E.I.R.L.,Diesel DB5,26.40
2026-08-24,La Libertad,Ascope,Ascope,ESTACION DE SERVICIOS INVERSIONES SAN LORENZO S.A.C.,Diesel DB5,26.50
2026-08-24,La Libertad,Ascope,Ascope,ESTACION DE SERVICIOS INVERSIONES SAN LORENZO S.A.C.,Gasolina Premium,23.00
2026-08-24,La Libertad,Ascope,Ascope,COMBUSTIBLE ZAVALETA PERU E.I.R.L.,Gasolina Regular,21.50
2026-08-24,La Libertad,Ascope,Ascope,ESTACION DE SERVICIOS INVERSIONES SAN LORENZO S.A.C.,Gasolina Regular,21.70
2026-08-24,La Libertad,Ascope,Casa Grande,GASOLINERA DON ARMANDO S.A.C.,Diesel DB5,26.00
2026-08-24,La Libertad,Ascope,Casa Grande,INVERSIONES Y SERVICIOS  GENERALES SANTA TERESITA SAC.,Diesel DB5,26.20
2026-08-24,La Libertad,Ascope,Casa Grande,GASOLINERA DON ARMANDO S.A.C.,Gasolina Premium,23.50
2026-08-24,La Libertad,Ascope,Casa Grande,GASOLINERA DON ARMANDO S.A.C.,Gasolina Regular,22.50
2026-08-24,La Libertad,Ascope,Casa Grande,INVERSIONES Y SERVICIOS  GENERALES SANTA TERESITA SAC.,Gasolina Regular,22.50
2026-08-24,La Libertad,Ascope,Chicama,ESTACION DE SERVICIOS YESSENIA S.A.C.,Diesel DB5,23.99
2026-08-24,La Libertad,Ascope,Chicama,ESTACION VALLE CHICAMA S.A.C,Diesel DB5,23.70
2026-08-24,La Libertad,Ascope,Chicama,ESTACION VALLE CHICAMA S.A.C,Diesel DB5,23.70
2026-08-24,La Libertad,Ascope,Chicama,JOSE ALBERTO LEIVA CARDENAS,Diesel DB5,24.40
2026-08-24,La Libertad,Ascope,Chicama,MULTISERVICIOS CHICAMA EIRL,Diesel DB5,25.59
2026-08-24,La Libertad,Ascope,Chicama,PETRO CRYSMAR S.A.C.,Diesel DB5,23.74
2026-08-24,La Libertad,Ascope,Chicama,ESTACION DE SERVICIOS YESSENIA S.A.C.,Gasolina Premium,21.10
2026-08-24,La Libertad,Ascope,Chicama,ESTACION VALLE CHICAMA S.A.C,Gasolina Premium,20.89
2026-08-24,La Libertad,Ascope,Chicama,ESTACION VALLE CHICAMA S.A.C,Gasolina Premium,20.89
2026-08-24,La Libertad,Ascope,Chicama,JOSE ALBERTO LEIVA CARDENAS,Gasolina Premium,21.20
2026-08-24,La Libertad,Ascope,Chicama,MULTISERVICIOS CHICAMA EIRL,Gasolina Premium,22.99
2026-08-24,La Libertad,Ascope,Chicama,PETRO CRYSMAR S.A.C.,Gasolina Premium,20.39
2026-08-24,La Libertad,Ascope,Chicama,ESTACION DE SERVICIOS YESSENIA S.A.C.,Gasolina Regular,20.10
2026-08-24,La Libertad,Ascope,Chicama,ESTACION VALLE CHICAMA S.A.C,Gasolina Regular,19.69
2026-08-24,La Libertad,Ascope,Chicama,ESTACION VALLE CHICAMA S.A.C,Gasolina Regular,19.69
2026-08-24,La Libertad,Ascope,Chicama,JOSE ALBERTO LEIVA CARDENAS,Gasolina Regular,20.00
2026-08-24,La Libertad,Ascope,Chicama,MULTISERVICIOS CHICAMA EIRL,Gasolina Regular,21.95
2026-08-24,La Libertad,Ascope,Chicama,PETRO CRYSMAR S.A.C.,Gasolina Regular,19.39
2026-08-24,La Libertad,Ascope,Chocope,ESTACION DE SERVICIOS EL TRANSPORTISTA II E.I.R.L.,Diesel DB5,24.60
2026-08-24,La Libertad,Ascope,Chocope,ESTACION DE SERVICIOS INVERSIONES NIKAROLE SAC,Diesel DB5,26.50
2026-08-24,La Libertad,Ascope,Chocope,MUNDO PETROL S.A.C.,Diesel DB5,25.49
2026-08-24,La Libertad,Ascope,Chocope,ESTACION DE SERVICIOS EL TRANSPORTISTA II E.I.R.L.,Gasolina Premium,21.80
2026-08-24,La Libertad,Ascope,Chocope,ESTACION DE SERVICIOS INVERSIONES NIKAROLE SAC,Gasolina Premium,22.90
2026-08-24,La Libertad,Ascope,Chocope,ESTACION DE SERVICIOS EL TRANSPORTISTA II E.I.R.L.,Gasolina Regular,20.50
2026-08-24,La Libertad,Ascope,Chocope,ESTACION DE SERVICIOS INVERSIONES NIKAROLE SAC,Gasolina Regular,22.50
2026-08-24,La Libertad,Ascope,Chocope,MUNDO PETROL S.A.C.,Gasolina Regular,22.99
2026-08-24,La Libertad,Ascope,Paijan,ESTACION DE SERVICIOS EL TRANSPORTISTA E.I.R.L.,Diesel DB5,24.60
2026-08-24,La Libertad,Ascope,Paijan,ESTACION DE SERVICIOS MACABI,Diesel DB5,20.80
2026-08-24,La Libertad,Ascope,Paijan,ESTACION DE SERVICIOS SEBASTIAN S.A.C,Diesel DB5,24.80
2026-08-24,La Libertad,Ascope,Paijan,GRIFO PAIJAN SRL,Diesel DB5,25.15
2026-08-24,La Libertad,Ascope,Paijan,SERVICIOS GENERALES VARNASA S.R.L.,Diesel DB5,26.74
2026-08-24,La Libertad,Ascope,Paijan,ESTACION DE SERVICIOS EL TRANSPORTISTA E.I.R.L.,Gasolina Premium,21.80
2026-08-24,La Libertad,Ascope,Paijan,ESTACION DE SERVICIOS MACABI,Gasolina Premium,20.50
2026-08-24,La Libertad,Ascope,Paijan,ESTACION DE SERVICIOS SEBASTIAN S.A.C,Gasolina Premium,22.00
2026-08-24,La Libertad,Ascope,Paijan,GRIFO PAIJAN SRL,Gasolina Premium,22.69
2026-08-24,La Libertad,Ascope,Paijan,SERVICIOS GENERALES VARNASA S.R.L.,Gasolina Premium,22.99
2026-08-24,La Libertad,Ascope,Paijan,ESTACION DE SERVICIOS EL TRANSPORTISTA E.I.R.L.,Gasolina Regular,20.50
2026-08-24,La Libertad,Ascope,Paijan,ESTACION DE SERVICIOS MACABI,Gasolina Regular,18.85
2026-08-24,La Libertad,Ascope,Paijan,ESTACION DE SERVICIOS SEBASTIAN S.A.C,Gasolina Regular,20.50
2026-08-24,La Libertad,Ascope,Paijan,GRIFO PAIJAN SRL,Gasolina Regular,21.05
2026-08-24,La Libertad,Ascope,Paijan,SERVICIOS GENERALES VARNASA S.R.L.,Gasolina Regular,21.49
2026-08-24,La Libertad,Ascope,Razuri,SANTISTEBAN BROTHERS S.A.C.,Diesel DB5,26.50
2026-08-24,La Libertad,Ascope,Razuri,SANTISTEBAN BROTHERS S.A.C.,Gasolina Regular,22.95
2026-08-24,La Libertad,Ascope,Santiago De Cao,SERVICIOS MULTIPLES ACUARIO E.I.R.L,Diesel DB5,25.69
2026-08-24,La Libertad,Ascope,Santiago De Cao,SERVICIOS MULTIPLES ACUARIO E.I.R.L,Gasolina Regular,22.79
2026-08-24,La Libertad,Bolivar,Bolivar,NEGOCIOS E INVERSIONES DAREP S.A.C.,Diesel DB5,26.49
2026-08-24,La Libertad,Bolivar,Bolivar,NEGOCIOS E INVERSIONES DAREP S.A.C.,Gasolina Premium,24.49
2026-08-24,La Libertad,Bolivar,Bolivar,NEGOCIOS E INVERSIONES DAREP S.A.C.,Gasolina Regular,22.99
2026-08-24,La Libertad,Chepen,Chepen,COMBUSTIBLES Y LUBRICANTES SANTO TOMAS E.I.R.L,Diesel DB5,23.84
2026-08-24,La Libertad,Chepen,Chepen,GLOBAL FUEL EESS CHEPEN,Diesel DB5,25.79
2026-08-24,La Libertad,Chepen,Chepen,GRIFO MULTICENTRO CHEPEN  S.R.L.,Diesel DB5,23.65
2026-08-24,La Libertad,Chepen,Chepen,GRIFO PANAMERICANO S.R.L,Diesel DB5,23.88
2026-08-24,La Libertad,Chepen,Chepen,GRIFO SANTA ROCIO EIRL,Diesel DB5,24.30
2026-08-24,La Libertad,Chepen,Chepen,GRIFOS KAMT S.A.C.,Diesel DB5,24.59
2026-08-24,La Libertad,Chepen,Chepen,GRUPO VISTA ALEGRE S.A.C.,Diesel DB5,24.19
2026-08-24,La Libertad,Chepen,Chepen,MULTISERVICIOS LOS ALAMOS EIRL,Diesel DB5,24.29
2026-08-24,La Libertad,Chepen,Chepen,COMBUSTIBLES Y LUBRICANTES SANTO TOMAS E.I.R.L,Gasolina Premium,20.95
2026-08-24,La Libertad,Chepen,Chepen,GLOBAL FUEL EESS CHEPEN,Gasolina Premium,22.99
2026-08-24,La Libertad,Chepen,Chepen,GRIFO MULTICENTRO CHEPEN  S.R.L.,Gasolina Premium,20.97
2026-08-24,La Libertad,Chepen,Chepen,GRIFO PANAMERICANO S.R.L,Gasolina Premium,20.95
2026-08-24,La Libertad,Chepen,Chepen,GRIFO SANTA ROCIO EIRL,Gasolina Premium,21.99
2026-08-24,La Libertad,Chepen,Chepen,GRIFOS KAMT S.A.C.,Gasolina Premium,21.79
2026-08-24,La Libertad,Chepen,Chepen,GRUPO VISTA ALEGRE S.A.C.,Gasolina Premium,21.59
2026-08-24,La Libertad,Chepen,Chepen,MULTISERVICIOS LOS ALAMOS EIRL,Gasolina Premium,20.99
2026-08-24,La Libertad,Chepen,Chepen,COMBUSTIBLES Y LUBRICANTES SANTO TOMAS E.I.R.L,Gasolina Regular,19.95
2026-08-24,La Libertad,Chepen,Chepen,GLOBAL FUEL EESS CHEPEN,Gasolina Regular,21.99
2026-08-24,La Libertad,Chepen,Chepen,GRIFO MULTICENTRO CHEPEN  S.R.L.,Gasolina Regular,19.96
2026-08-24,La Libertad,Chepen,Chepen,GRIFO PANAMERICANO S.R.L,Gasolina Regular,19.98
2026-08-24,La Libertad,Chepen,Chepen,GRIFO SANTA ROCIO EIRL,Gasolina Regular,21.00
2026-08-24,La Libertad,Chepen,Chepen,GRIFOS KAMT S.A.C.,Gasolina Regular,20.89
2026-08-24,La Libertad,Chepen,Chepen,GRUPO VISTA ALEGRE S.A.C.,Gasolina Regular,21.19
2026-08-24,La Libertad,Chepen,Chepen,MULTISERVICIOS LOS ALAMOS EIRL,Gasolina Regular,19.99
2026-08-24,La Libertad,Chepen,Pacanga,ALBERTO ANIBAL CABANILLAS GONZALES,Diesel DB5,24.20
2026-08-24,La Libertad,Chepen,Pacanga,COLIGASS S.A.C.,Diesel DB5,23.99
2026-08-24,La Libertad,Chepen,Pacanga,ESTACION DE SERVICIOS PACANGUILLA E.I.R.L,Diesel DB5,24.20
2026-08-24,La Libertad,Chepen,Pacanga,GRUPO VISTA ALEGRE S.A.C.,Diesel DB5,23.99
2026-08-24,La Libertad,Chepen,Pacanga,STEFANY ROSEMERY PINEDA BARAHONA,Diesel DB5,24.19
2026-08-24,La Libertad,Chepen,Pacanga,TRANSPETROL PERU SOCIEDAD ANONIMA CERRADA,Diesel DB5,23.99
2026-08-24,La Libertad,Chepen,Pacanga,COLIGASS S.A.C.,Gasolina Premium,21.59
2026-08-24,La Libertad,Chepen,Pacanga,GRUPO VISTA ALEGRE S.A.C.,Gasolina Premium,21.59
2026-08-24,La Libertad,Chepen,Pacanga,TRANSPETROL PERU SOCIEDAD ANONIMA CERRADA,Gasolina Premium,22.99
2026-08-24,La Libertad,Chepen,Pacanga,ALBERTO ANIBAL CABANILLAS GONZALES,Gasolina Regular,21.00
2026-08-24,La Libertad,Chepen,Pacanga,COLIGASS S.A.C.,Gasolina Regular,20.69
2026-08-24,La Libertad,Chepen,Pacanga,ESTACION DE SERVICIOS PACANGUILLA E.I.R.L,Gasolina Regular,21.69
2026-08-24,La Libertad,Chepen,Pacanga,GRUPO VISTA ALEGRE S.A.C.,Gasolina Regular,20.59
2026-08-24,La Libertad,Chepen,Pacanga,STEFANY ROSEMERY PINEDA BARAHONA,Gasolina Regular,21.40
2026-08-24,La Libertad,Chepen,Pacanga,TRANSPETROL PERU SOCIEDAD ANONIMA CERRADA,Gasolina Regular,21.49
2026-08-24,La Libertad,Chepen,Pueblo Nuevo,SERVICIOS LA ESPERANZA,Diesel DB5,24.70
2026-08-24,La Libertad,Chepen,Pueblo Nuevo,SERVICIOS LA ESPERANZA,Gasolina Regular,21.15
2026-08-24,La Libertad,Gran Chimu,Cascas,ESTACION DE SERVICIOS A Y CH SAC,Diesel DB5,25.30
2026-08-24,La Libertad,Gran Chimu,Cascas,ESTACION DE SERVICIOS JOLLUCO E.I.R.L.,Diesel DB5,25.30
2026-08-24,La Libertad,Gran Chimu,Cascas,FELDECON E.I.R.L.,Diesel DB5,24.99
2026-08-24,La Libertad,Gran Chimu,Cascas,NARRO VILLALOBOS WILSON ALFREDO,Diesel DB5,25.30
2026-08-24,La Libertad,Gran Chimu,Cascas,ESTACION DE SERVICIOS A Y CH SAC,Gasolina Premium,22.50
2026-08-24,La Libertad,Gran Chimu,Cascas,ESTACION DE SERVICIOS JOLLUCO E.I.R.L.,Gasolina Premium,22.50
2026-08-24,La Libertad,Gran Chimu,Cascas,FELDECON E.I.R.L.,Gasolina Premium,22.40
2026-08-24,La Libertad,Gran Chimu,Cascas,NARRO VILLALOBOS WILSON ALFREDO,Gasolina Premium,22.60
2026-08-24,La Libertad,Gran Chimu,Cascas,ESTACION DE SERVICIOS A Y CH SAC,Gasolina Regular,20.90
2026-08-24,La Libertad,Gran Chimu,Cascas,ESTACION DE SERVICIOS JOLLUCO E.I.R.L.,Gasolina Regular,20.90
2026-08-24,La Libertad,Gran Chimu,Cascas,FELDECON E.I.R.L.,Gasolina Regular,20.85
2026-08-24,La Libertad,Gran Chimu,Cascas,NARRO VILLALOBOS WILSON ALFREDO,Gasolina Regular,20.90
2026-08-24,La Libertad,Julcan,Julcan,ESTACION DE SERVICIOS SAN JUAN,Diesel DB5,25.80
2026-08-24,La Libertad,Julcan,Julcan,ESTACION DE SERVICIOS SAN JUAN,Gasolina Premium,24.00
2026-08-24,La Libertad,Julcan,Julcan,ESTACION DE SERVICIOS SAN JUAN,Gasolina Regular,22.60
2026-08-24,La Libertad,Otuzco,Agallpampa,AERO GAS DEL NORTE SOCIEDAD ANONIMA  CERRADA,Diesel DB5,25.49
2026-08-24,La Libertad,Otuzco,Agallpampa,AERO GAS DEL NORTE SOCIEDAD ANONIMA  CERRADA,Gasolina Premium,23.89
2026-08-24,La Libertad,Otuzco,Agallpampa,AERO GAS DEL NORTE SOCIEDAD ANONIMA  CERRADA,Gasolina Regular,22.85
2026-08-24,La Libertad,Otuzco,Otuzco,CORPORACION E INVERSIONES BUENA VISTA S.A.C.,Diesel DB5,25.99
2026-08-24,La Libertad,Otuzco,Otuzco,ESTACION DE SERVICIOS PETRONORTE,Diesel DB5,26.00
2026-08-24,La Libertad,Otuzco,Otuzco,GRIFO ANGELITA,Diesel DB5,25.90
2026-08-24,La Libertad,Otuzco,Otuzco,GRIFO SAN CARLOS S.R.L.,Diesel DB5,25.50
2026-08-24,La Libertad,Otuzco,Otuzco,GRIFOS¿S E INVERSIONES SHADAAY S.A.C.,Diesel DB5,25.00
2026-08-24,La Libertad,Otuzco,Otuzco,CORPORACION E INVERSIONES BUENA VISTA S.A.C.,Gasolina Premium,24.00
2026-08-24,La Libertad,Otuzco,Otuzco,ESTACION DE SERVICIOS PETRONORTE,Gasolina Premium,23.70
2026-08-24,La Libertad,Otuzco,Otuzco,GRIFO ANGELITA,Gasolina Premium,23.50
2026-08-24,La Libertad,Otuzco,Otuzco,GRIFO SAN CARLOS S.R.L.,Gasolina Premium,23.00
2026-08-24,La Libertad,Otuzco,Otuzco,CORPORACION E INVERSIONES BUENA VISTA S.A.C.,Gasolina Regular,23.00
2026-08-24,La Libertad,Otuzco,Otuzco,ESTACION DE SERVICIOS PETRONORTE,Gasolina Regular,22.70
2026-08-24,La Libertad,Otuzco,Otuzco,GRIFO ANGELITA,Gasolina Regular,22.50
2026-08-24,La Libertad,Otuzco,Otuzco,GRIFO SAN CARLOS S.R.L.,Gasolina Regular,21.90
2026-08-24,La Libertad,Otuzco,Otuzco,GRIFOS¿S E INVERSIONES SHADAAY S.A.C.,Gasolina Regular,21.50
2026-08-24,La Libertad,Otuzco,Usquil,MENDEZ LAZARO HERMES DENARIO,Diesel DB5,25.50
2026-08-24,La Libertad,Otuzco,Usquil,MENDEZ LAZARO HERMES DENARIO,Gasolina Regular,23.00
2026-08-24,La Libertad,Pacasmayo,Guadalupe,ESTACION DE SERVICIOS HUAYOBAMBA E.I.R.L,Diesel DB5,24.50
2026-08-24,La Libertad,Pacasmayo,Guadalupe,ESTACION DE SERVICIOS RAMIREZ E HIJOS S.A.C.,Diesel DB5,24.45
2026-08-24,La Libertad,Pacasmayo,Guadalupe,GRIFO CONTINENTAL S.A.C.,Diesel DB5,24.35
2026-08-24,La Libertad,Pacasmayo,Guadalupe,GRIFO ORLANDO,Diesel DB5,24.88
2026-08-24,La Libertad,Pacasmayo,Guadalupe,GRIFOS DEL NORTE S.A.C.,Diesel DB5,24.89
2026-08-24,La Libertad,Pacasmayo,Guadalupe,GRIFOS RAMIREZ R & C S.A.C.,Diesel DB5,24.45
2026-08-24,La Libertad,Pacasmayo,Guadalupe,GRUPO AMELIA E.I.R.L.,Diesel DB5,23.65
2026-08-24,La Libertad,Pacasmayo,Guadalupe,MULTISERVICIOS FADA S.R.L.,Diesel DB5,24.45
2026-08-24,La Libertad,Pacasmayo,Guadalupe,MULTISERVICIOS G & M S.R.L.,Diesel DB5,24.65
2026-08-24,La Libertad,Pacasmayo,Guadalupe,MULTISERVICIOS VELASQUEZ S.R.L.,Diesel DB5,24.59
2026-08-24,La Libertad,Pacasmayo,Guadalupe,SERVICIOS LA ESPERANZA,Diesel DB5,24.65
2026-08-24,La Libertad,Pacasmayo,Guadalupe,TEO COMBUSTIBLES S.A.C.,Diesel DB5,24.45
2026-08-24,La Libertad,Pacasmayo,Guadalupe,ESTACION DE SERVICIOS HUAYOBAMBA E.I.R.L,Gasolina Premium,23.00
2026-08-24,La Libertad,Pacasmayo,Guadalupe,ESTACION DE SERVICIOS RAMIREZ E HIJOS S.A.C.,Gasolina Premium,22.69
2026-08-24,La Libertad,Pacasmayo,Guadalupe,GRIFO CONTINENTAL S.A.C.,Gasolina Premium,22.59
2026-08-24,La Libertad,Pacasmayo,Guadalupe,GRIFOS DEL NORTE S.A.C.,Gasolina Premium,22.19
2026-08-24,La Libertad,Pacasmayo,Guadalupe,GRIFOS RAMIREZ R & C S.A.C.,Gasolina Premium,22.69
2026-08-24,La Libertad,Pacasmayo,Guadalupe,GRUPO AMELIA E.I.R.L.,Gasolina Premium,21.85
2026-08-24,La Libertad,Pacasmayo,Guadalupe,MULTISERVICIOS FADA S.R.L.,Gasolina Premium,21.69
2026-08-24,La Libertad,Pacasmayo,Guadalupe,MULTISERVICIOS G & M S.R.L.,Gasolina Premium,22.90
2026-08-24,La Libertad,Pacasmayo,Guadalupe,MULTISERVICIOS VELASQUEZ S.R.L.,Gasolina Premium,21.99
2026-08-24,La Libertad,Pacasmayo,Guadalupe,SERVICIOS LA ESPERANZA,Gasolina Premium,22.45
2026-08-24,La Libertad,Pacasmayo,Guadalupe,TEO COMBUSTIBLES S.A.C.,Gasolina Premium,22.69
2026-08-24,La Libertad,Pacasmayo,Guadalupe,ESTACION DE SERVICIOS HUAYOBAMBA E.I.R.L,Gasolina Regular,20.50
2026-08-24,La Libertad,Pacasmayo,Guadalupe,ESTACION DE SERVICIOS RAMIREZ E HIJOS S.A.C.,Gasolina Regular,20.25
2026-08-24,La Libertad,Pacasmayo,Guadalupe,GRIFO CONTINENTAL S.A.C.,Gasolina Regular,20.19
2026-08-24,La Libertad,Pacasmayo,Guadalupe,GRIFO ORLANDO,Gasolina Regular,20.75
2026-08-24,La Libertad,Pacasmayo,Guadalupe,GRIFOS DEL NORTE S.A.C.,Gasolina Regular,20.75
2026-08-24,La Libertad,Pacasmayo,Guadalupe,GRIFOS RAMIREZ R & C S.A.C.,Gasolina Regular,20.25
2026-08-24,La Libertad,Pacasmayo,Guadalupe,GRUPO AMELIA E.I.R.L.,Gasolina Regular,20.00
2026-08-24,La Libertad,Pacasmayo,Guadalupe,MULTISERVICIOS FADA S.R.L.,Gasolina Regular,21.30
2026-08-24,La Libertad,Pacasmayo,Guadalupe,MULTISERVICIOS G & M S.R.L.,Gasolina Regular,20.25
2026-08-24,La Libertad,Pacasmayo,Guadalupe,MULTISERVICIOS VELASQUEZ S.R.L.,Gasolina Regular,21.39
2026-08-24,La Libertad,Pacasmayo,Guadalupe,SERVICIOS LA ESPERANZA,Gasolina Regular,21.10
2026-08-24,La Libertad,Pacasmayo,Guadalupe,TEO COMBUSTIBLES S.A.C.,Gasolina Regular,20.25
2026-08-24,La Libertad,Pacasmayo,Pacasmayo,G & N GRIFOS S.A.,Diesel DB5,26.59
2026-08-24,La Libertad,Pacasmayo,Pacasmayo,SERVICELIB SAC,Diesel DB5,27.24
2026-08-24,La Libertad,Pacasmayo,Pacasmayo,SERVICENTRO DE TRANSPORTISTAS DE LA PROVINCIA DE PACASMAYO S.A.,Diesel DB5,25.90
2026-08-24,La Libertad,Pacasmayo,Pacasmayo,COESTI S.A. EESS ULTRACOM PACASMAYO,Gasolina Premium,23.59
2026-08-24,La Libertad,Pacasmayo,Pacasmayo,G & N GRIFOS S.A.,Gasolina Premium,23.59
2026-08-24,La Libertad,Pacasmayo,Pacasmayo,SERVICELIB SAC,Gasolina Premium,23.50
2026-08-24,La Libertad,Pacasmayo,Pacasmayo,SERVICENTRO DE TRANSPORTISTAS DE LA PROVINCIA DE PACASMAYO S.A.,Gasolina Premium,23.50
2026-08-24,La Libertad,Pacasmayo,Pacasmayo,COESTI S.A. EESS ULTRACOM PACASMAYO,Gasolina Regular,21.79
2026-08-24,La Libertad,Pacasmayo,Pacasmayo,G & N GRIFOS S.A.,Gasolina Regular,22.35
2026-08-24,La Libertad,Pacasmayo,Pacasmayo,SERVICELIB SAC,Gasolina Regular,22.30
2026-08-24,La Libertad,Pacasmayo,Pacasmayo,SERVICENTRO DE TRANSPORTISTAS DE LA PROVINCIA DE PACASMAYO S.A.,Gasolina Regular,22.40
2026-08-24,La Libertad,Pacasmayo,San Jose,AERO GAS DEL NORTE SOCIEDAD ANONIMA  CERRADA,Diesel DB5,24.25
2026-08-24,La Libertad,Pacasmayo,San Jose,AERO GAS DEL NORTE SOCIEDAD ANONIMA  CERRADA,Diesel DB5,24.45
2026-08-24,La Libertad,Pacasmayo,San Jose,CONCORSA SAC,Diesel DB5,25.25
2026-08-24,La Libertad,Pacasmayo,San Jose,ESTACION DE SERVICIOS SAN MIGUEL SP S.A.C,Diesel DB5,24.49
2026-08-24,La Libertad,Pacasmayo,San Jose,GRAN PRIX CORPORACION EIRL,Diesel DB5,24.29
2026-08-24,La Libertad,Pacasmayo,San Jose,SERVICIOS LA ESPERANZA,Diesel DB5,24.65
2026-08-24,La Libertad,Pacasmayo,San Jose,AERO GAS DEL NORTE SOCIEDAD ANONIMA  CERRADA,Gasolina Premium,21.65
2026-08-24,La Libertad,Pacasmayo,San Jose,AERO GAS DEL NORTE SOCIEDAD ANONIMA  CERRADA,Gasolina Premium,21.69
2026-08-24,La Libertad,Pacasmayo,San Jose,CONCORSA SAC,Gasolina Premium,23.50
2026-08-24,La Libertad,Pacasmayo,San Jose,GRAN PRIX CORPORACION EIRL,Gasolina Premium,21.63
2026-08-24,La Libertad,Pacasmayo,San Jose,SERVICIOS LA ESPERANZA,Gasolina Premium,22.45
2026-08-24,La Libertad,Pacasmayo,San Jose,AERO GAS DEL NORTE SOCIEDAD ANONIMA  CERRADA,Gasolina Regular,20.19
2026-08-24,La Libertad,Pacasmayo,San Jose,AERO GAS DEL NORTE SOCIEDAD ANONIMA  CERRADA,Gasolina Regular,20.19
2026-08-24,La Libertad,Pacasmayo,San Jose,CONCORSA SAC,Gasolina Regular,22.50
2026-08-24,La Libertad,Pacasmayo,San Jose,ESTACION DE SERVICIOS SAN MIGUEL SP S.A.C,Gasolina Regular,19.90
2026-08-24,La Libertad,Pacasmayo,San Jose,GRAN PRIX CORPORACION EIRL,Gasolina Regular,20.15
2026-08-24,La Libertad,Pacasmayo,San Jose,SERVICIOS LA ESPERANZA,Gasolina Regular,21.10
2026-08-24,La Libertad,Pacasmayo,San Pedro De Lloc,COMBUSTIBLES Y ENERGIAS SANTA LUCIA S.A.C.,Diesel DB5,25.10
2026-08-24,La Libertad,Pacasmayo,San Pedro De Lloc,ESTACION DE SERVICIOS SANTO TOMAS DE LIMA S.A.C.,Diesel DB5,24.99
2026-08-24,La Libertad,Pacasmayo,San Pedro De Lloc,SERVICENTRO Y MULTISERVICIOS SAN PEDRO S.A.C.,Diesel DB5,25.18
2026-08-24,La Libertad,Pacasmayo,San Pedro De Lloc,COMBUSTIBLES Y ENERGIAS SANTA LUCIA S.A.C.,Gasolina Premium,23.00
2026-08-24,La Libertad,Pacasmayo,San Pedro De Lloc,ESTACION DE SERVICIOS SANTO TOMAS DE LIMA S.A.C.,Gasolina Premium,22.39
2026-08-24,La Libertad,Pacasmayo,San Pedro De Lloc,SERVICENTRO Y MULTISERVICIOS SAN PEDRO S.A.C.,Gasolina Premium,22.55
2026-08-24,La Libertad,Pacasmayo,San Pedro De Lloc,COMBUSTIBLES Y ENERGIAS SANTA LUCIA S.A.C.,Gasolina Regular,21.29
2026-08-24,La Libertad,Pacasmayo,San Pedro De Lloc,ESTACION DE SERVICIOS SANTO TOMAS DE LIMA S.A.C.,Gasolina Regular,20.99
2026-08-24,La Libertad,Pacasmayo,San Pedro De Lloc,SERVICENTRO Y MULTISERVICIOS SAN PEDRO S.A.C.,Gasolina Regular,21.29
2026-08-24,La Libertad,Pataz,Huancaspata,NEGOCIOS E INVERSIONES LYSEN S.A.C.,Diesel DB5,26.50
2026-08-24,La Libertad,Pataz,Huancaspata,NEGOCIOS E INVERSIONES LYSEN S.A.C.,Gasolina Premium,24.00
2026-08-24,La Libertad,Pataz,Huancaspata,NEGOCIOS E INVERSIONES LYSEN S.A.C.,Gasolina Regular,23.00
2026-08-24,La Libertad,Pataz,Parcoy,"DISTRIBUIDORA DE REPUESTOS, LUBRICANTES Y COMBUSTIBLES S.R.L.",Diesel DB5,25.50
2026-08-24,La Libertad,Pataz,Parcoy,ESTACION DE SERVICIOS CHUCHUMARAY S.A.C.,Diesel DB5,27.99
2026-08-24,La Libertad,Pataz,Parcoy,FRANCISCO JAVIER ZEVALLOS ESPINOZA,Diesel DB5,27.99
2026-08-24,La Libertad,Pataz,Parcoy,GRIFO JURADO EIRL,Diesel DB5,23.50
2026-08-24,La Libertad,Pataz,Parcoy,INVERSIONES Y COMBUSTIBLES KML EIRL,Diesel DB5,26.50
2026-08-24,La Libertad,Pataz,Parcoy,REPRESENTACIONES EL ALFARERO I S.A.C.,Diesel DB5,27.00
2026-08-24,La Libertad,Pataz,Parcoy,"DISTRIBUIDORA DE REPUESTOS, LUBRICANTES Y COMBUSTIBLES S.R.L.",Gasolina Premium,23.50
2026-08-24,La Libertad,Pataz,Parcoy,FRANCISCO JAVIER ZEVALLOS ESPINOZA,Gasolina Premium,24.99
2026-08-24,La Libertad,Pataz,Parcoy,GRIFO JURADO EIRL,Gasolina Premium,22.50
2026-08-24,La Libertad,Pataz,Parcoy,INVERSIONES Y COMBUSTIBLES KML EIRL,Gasolina Premium,24.00
2026-08-24,La Libertad,Pataz,Parcoy,REPRESENTACIONES EL ALFARERO I S.A.C.,Gasolina Premium,23.50
2026-08-24,La Libertad,Pataz,Parcoy,"DISTRIBUIDORA DE REPUESTOS, LUBRICANTES Y COMBUSTIBLES S.R.L.",Gasolina Regular,22.50
2026-08-24,La Libertad,Pataz,Parcoy,ESTACION DE SERVICIOS CHUCHUMARAY S.A.C.,Gasolina Regular,23.99
2026-08-24,La Libertad,Pataz,Parcoy,FRANCISCO JAVIER ZEVALLOS ESPINOZA,Gasolina Regular,23.99
2026-08-24,La Libertad,Pataz,Parcoy,GRIFO JURADO EIRL,Gasolina Regular,21.00
2026-08-24,La Libertad,Pataz,Parcoy,INVERSIONES Y COMBUSTIBLES KML EIRL,Gasolina Regular,23.50
2026-08-24,La Libertad,Pataz,Parcoy,REPRESENTACIONES EL ALFARERO I S.A.C.,Gasolina Regular,22.50
2026-08-24,La Libertad,Pataz,Pataz,ESTACION DE SERVICIOS RML S.A.C.,Diesel DB5,29.80
2026-08-24,La Libertad,Pataz,Pataz,INVERSIONES EL ENCONADO S.A.C.,Diesel DB5,26.00
2026-08-24,La Libertad,Pataz,Pataz,INVERSIONES EL ENCONADO S.A.C.,Gasolina Premium,23.50
2026-08-24,La Libertad,Pataz,Pataz,ESTACION DE SERVICIOS RML S.A.C.,Gasolina Regular,23.10
2026-08-24,La Libertad,Pataz,Pataz,INVERSIONES EL ENCONADO S.A.C.,Gasolina Regular,22.50
2026-08-24,La Libertad,Pataz,Tayabamba,CORPORACION SANTA FER S.A.C.,Diesel DB5,26.50
2026-08-24,La Libertad,Pataz,Tayabamba,ESTACIÓN DE SERVICIOS VIRGEN DEL ROSARIO S.A.C,Diesel DB5,26.00
2026-08-24,La Libertad,Pataz,Tayabamba,GRIFO AMANECER PATACINO S.A.C.,Diesel DB5,23.00
2026-08-24,La Libertad,Pataz,Tayabamba,INVERSIONES CHAGUALITO SRL,Diesel DB5,26.00
2026-08-24,La Libertad,Pataz,Tayabamba,NEGOCIOS E INVERSIONES LYSEN S.A.C.,Diesel DB5,27.00
2026-08-24,La Libertad,Pataz,Tayabamba,CORPORACION SANTA FER S.A.C.,Gasolina Premium,24.50
2026-08-24,La Libertad,Pataz,Tayabamba,CORPORACION SANTA FER S.A.C.,Gasolina Regular,24.00
2026-08-24,La Libertad,Pataz,Tayabamba,ESTACIÓN DE SERVICIOS VIRGEN DEL ROSARIO S.A.C,Gasolina Regular,23.00
2026-08-24,La Libertad,Pataz,Tayabamba,GRIFO AMANECER PATACINO S.A.C.,Gasolina Regular,25.00
2026-08-24,La Libertad,Pataz,Tayabamba,INVERSIONES CHAGUALITO SRL,Gasolina Regular,21.50
2026-08-24,La Libertad,Pataz,Tayabamba,NEGOCIOS E INVERSIONES LYSEN S.A.C.,Gasolina Regular,23.00
2026-08-24,La Libertad,Sanchez Carrion,Chugay,INVERSIONES Y TRANSPORTES ESTRELLA POLAR S.A.C.,Diesel DB5,25.50
2026-08-24,La Libertad,Sanchez Carrion,Chugay,INVERSIONES Y TRANSPORTES ESTRELLA POLAR S.A.C.,Gasolina Regular,23.00
2026-08-24,La Libertad,Sanchez Carrion,Cochorco,CORPORACION CHAGUALITO S.A.C.,Diesel DB5,29.80
2026-08-24,La Libertad,Sanchez Carrion,Cochorco,CORPORACION CHAGUALITO S.A.C.,Gasolina Premium,26.30
2026-08-24,La Libertad,Sanchez Carrion,Cochorco,CORPORACION CHAGUALITO S.A.C.,Gasolina Regular,23.10
2026-08-24,La Libertad,Sanchez Carrion,Huamachuco,CORPORACION HUAMACHUCO ENERGY S.A.C,Diesel DB5,26.39
2026-08-24,La Libertad,Sanchez Carrion,Huamachuco,EE.SS SANTISTEBAN,Diesel DB5,26.20
2026-08-24,La Libertad,Sanchez Carrion,Huamachuco,ESTACION DE SERIVICOS COLPACK SAC,Diesel DB5,26.80
2026-08-24,La Libertad,Sanchez Carrion,Huamachuco,ESTACION DE SERVICIOS DIEGO CUBA E.I.R.L.,Diesel DB5,26.80
2026-08-24,La Libertad,Sanchez Carrion,Huamachuco,ESTACION DE SERVICIOS GENERALES ROALDI S.A.C.,Diesel DB5,25.50
2026-08-24,La Libertad,Sanchez Carrion,Huamachuco,ESTACION DE SERVICIOS JUAN VILLARREAL,Diesel DB5,25.20
2026-08-24,La Libertad,Sanchez Carrion,Huamachuco,ESTACION DE SERVICIOS JUANCJUMER S.A.C.,Diesel DB5,26.80
2026-08-24,La Libertad,Sanchez Carrion,Huamachuco,ESTACION DE SERVICIOS MARVISALINAS S.A.C.,Diesel DB5,25.30
2026-08-24,La Libertad,Sanchez Carrion,Huamachuco,ESTACION DE SERVICIOS PALOMINO DIAZ S.A.C.,Diesel DB5,26.50
2026-08-24,La Libertad,Sanchez Carrion,Huamachuco,ESTACION DE SERVICIOS YESSENIA S.A.C.,Diesel DB5,24.70
2026-08-24,La Libertad,Sanchez Carrion,Huamachuco,GRIFO FORTUNA,Diesel DB5,26.50
2026-08-24,La Libertad,Sanchez Carrion,Huamachuco,GRIFO SAN JUAN S.A,Diesel DB5,26.80
2026-08-24,La Libertad,Sanchez Carrion,Huamachuco,GRIFOS PRIXVALSAC,Diesel DB5,25.90
2026-08-24,La Libertad,Sanchez Carrion,Huamachuco,INVERSIONES CHAMIZ E.I.R.L,Diesel DB5,24.98
2026-08-24,La Libertad,Sanchez Carrion,Huamachuco,INVERSIONES MODASA E.I.R.L.,Diesel DB5,26.48
2026-08-24,La Libertad,Sanchez Carrion,Huamachuco,INVERSIONES Y MULTISERVICIOS SAMUEL ETÓ S.A.C.,Diesel DB5,25.10
2026-08-24,La Libertad,Sanchez Carrion,Huamachuco,MULTISERVICIOS SALINAS VASQUEZ MGA S.A.C.,Diesel DB5,25.30
2026-08-24,La Libertad,Sanchez Carrion,Huamachuco,MULTISERVICIOS YANASARA S.A.C.,Diesel DB5,25.10
2026-08-24,La Libertad,Sanchez Carrion,Huamachuco,ROSA JUANA LLAURY VILLANUEVA,Diesel DB5,25.50
2026-08-24,La Libertad,Sanchez Carrion,Huamachuco,SERVICENTROS MARIELENA S.A.C.,Diesel DB5,25.50
2026-08-24,La Libertad,Sanchez Carrion,Huamachuco,SERVICIOS GENERALES ELJEZA & MAELSA S.A.C.,Diesel DB5,25.50
2026-08-24,La Libertad,Sanchez Carrion,Huamachuco,CORPORACION HUAMACHUCO ENERGY S.A.C,Gasolina Premium,23.39
2026-08-24,La Libertad,Sanchez Carrion,Huamachuco,EE.SS SANTISTEBAN,Gasolina Premium,23.60
2026-08-24,La Libertad,Sanchez Carrion,Huamachuco,ESTACION DE SERIVICOS COLPACK SAC,Gasolina Premium,23.50
2026-08-24,La Libertad,Sanchez Carrion,Huamachuco,ESTACION DE SERVICIOS DIEGO CUBA E.I.R.L.,Gasolina Premium,23.40
2026-08-24,La Libertad,Sanchez Carrion,Huamachuco,ESTACION DE SERVICIOS GENERALES ROALDI S.A.C.,Gasolina Premium,23.50
2026-08-24,La Libertad,Sanchez Carrion,Huamachuco,ESTACION DE SERVICIOS JUAN VILLARREAL,Gasolina Premium,23.00
2026-08-24,La Libertad,Sanchez Carrion,Huamachuco,ESTACION DE SERVICIOS JUANCJUMER S.A.C.,Gasolina Premium,23.50
2026-08-24,La Libertad,Sanchez Carrion,Huamachuco,ESTACION DE SERVICIOS MARVISALINAS S.A.C.,Gasolina Premium,23.20
2026-08-24,La Libertad,Sanchez Carrion,Huamachuco,ESTACION DE SERVICIOS PALOMINO DIAZ S.A.C.,Gasolina Premium,22.99
2026-08-24,La Libertad,Sanchez Carrion,Huamachuco,ESTACION DE SERVICIOS YESSENIA S.A.C.,Gasolina Premium,22.80
2026-08-24,La Libertad,Sanchez Carrion,Huamachuco,GRIFO FORTUNA,Gasolina Premium,22.89
2026-08-24,La Libertad,Sanchez Carrion,Huamachuco,GRIFO SAN JUAN S.A,Gasolina Premium,23.50
2026-08-24,La Libertad,Sanchez Carrion,Huamachuco,GRIFOS PRIXVALSAC,Gasolina Premium,23.80
2026-08-24,La Libertad,Sanchez Carrion,Huamachuco,INVERSIONES CHAMIZ E.I.R.L,Gasolina Premium,23.30
2026-08-24,La Libertad,Sanchez Carrion,Huamachuco,INVERSIONES MODASA E.I.R.L.,Gasolina Premium,22.98
2026-08-24,La Libertad,Sanchez Carrion,Huamachuco,MULTISERVICIOS SALINAS VASQUEZ MGA S.A.C.,Gasolina Premium,23.20
2026-08-24,La Libertad,Sanchez Carrion,Huamachuco,MULTISERVICIOS YANASARA S.A.C.,Gasolina Premium,21.84
2026-08-24,La Libertad,Sanchez Carrion,Huamachuco,ROSA JUANA LLAURY VILLANUEVA,Gasolina Premium,23.50
2026-08-24,La Libertad,Sanchez Carrion,Huamachuco,SERVICIOS GENERALES ELJEZA & MAELSA S.A.C.,Gasolina Premium,23.40
2026-08-24,La Libertad,Sanchez Carrion,Huamachuco,CORPORACION HUAMACHUCO ENERGY S.A.C,Gasolina Regular,22.39
2026-08-24,La Libertad,Sanchez Carrion,Huamachuco,EE.SS SANTISTEBAN,Gasolina Regular,22.80
2026-08-24,La Libertad,Sanchez Carrion,Huamachuco,ESTACION DE SERIVICOS COLPACK SAC,Gasolina Regular,22.50
2026-08-24,La Libertad,Sanchez Carrion,Huamachuco,ESTACION DE SERVICIOS DIEGO CUBA E.I.R.L.,Gasolina Regular,22.40
2026-08-24,La Libertad,Sanchez Carrion,Huamachuco,ESTACION DE SERVICIOS GENERALES ROALDI S.A.C.,Gasolina Regular,22.50
2026-08-24,La Libertad,Sanchez Carrion,Huamachuco,ESTACION DE SERVICIOS JUAN VILLARREAL,Gasolina Regular,22.50
2026-08-24,La Libertad,Sanchez Carrion,Huamachuco,ESTACION DE SERVICIOS JUANCJUMER S.A.C.,Gasolina Regular,22.50
2026-08-24,La Libertad,Sanchez Carrion,Huamachuco,ESTACION DE SERVICIOS MARVISALINAS S.A.C.,Gasolina Regular,22.40
2026-08-24,La Libertad,Sanchez Carrion,Huamachuco,ESTACION DE SERVICIOS PALOMINO DIAZ S.A.C.,Gasolina Regular,21.99
2026-08-24,La Libertad,Sanchez Carrion,Huamachuco,ESTACION DE SERVICIOS YESSENIA S.A.C.,Gasolina Regular,22.00
2026-08-24,La Libertad,Sanchez Carrion,Huamachuco,GRIFO FORTUNA,Gasolina Regular,21.89
2026-08-24,La Libertad,Sanchez Carrion,Huamachuco,GRIFO SAN JUAN S.A,Gasolina Regular,22.50
2026-08-24,La Libertad,Sanchez Carrion,Huamachuco,GRIFOS PRIXVALSAC,Gasolina Regular,22.30
2026-08-24,La Libertad,Sanchez Carrion,Huamachuco,INVERSIONES CHAMIZ E.I.R.L,Gasolina Regular,22.30
2026-08-24,La Libertad,Sanchez Carrion,Huamachuco,INVERSIONES MODASA E.I.R.L.,Gasolina Regular,21.98
2026-08-24,La Libertad,Sanchez Carrion,Huamachuco,INVERSIONES Y MULTISERVICIOS SAMUEL ETÓ S.A.C.,Gasolina Regular,21.20
2026-08-24,La Libertad,Sanchez Carrion,Huamachuco,MULTISERVICIOS SALINAS VASQUEZ MGA S.A.C.,Gasolina Regular,22.40
2026-08-24,La Libertad,Sanchez Carrion,Huamachuco,MULTISERVICIOS YANASARA S.A.C.,Gasolina Regular,20.37
2026-08-24,La Libertad,Sanchez Carrion,Huamachuco,ROSA JUANA LLAURY VILLANUEVA,Gasolina Regular,22.50
2026-08-24,La Libertad,Sanchez Carrion,Huamachuco,SERVICENTROS MARIELENA S.A.C.,Gasolina Regular,21.99
2026-08-24,La Libertad,Sanchez Carrion,Huamachuco,SERVICIOS GENERALES ELJEZA & MAELSA S.A.C.,Gasolina Regular,22.60
2026-08-24,La Libertad,Sanchez Carrion,Marcabal,CONSTRUCTORA RAMIREZ & AMADOR S.A.C.,Diesel DB5,25.50
2026-08-24,La Libertad,Sanchez Carrion,Marcabal,CONSTRUCTORA RAMIREZ & AMADOR S.A.C.,Gasolina Premium,21.20
2026-08-24,La Libertad,Sanchez Carrion,Marcabal,CONSTRUCTORA RAMIREZ & AMADOR S.A.C.,Gasolina Regular,21.50
2026-08-24,La Libertad,Sanchez Carrion,Sanagoran,ESTACION VALLE HERMOSO ENERGY S.A.C.,Diesel DB5,27.00
2026-08-24,La Libertad,Sanchez Carrion,Sanagoran,ESTACION VALLE HERMOSO ENERGY S.A.C.,Gasolina Premium,24.00
2026-08-24,La Libertad,Sanchez Carrion,Sanagoran,ESTACION VALLE HERMOSO ENERGY S.A.C.,Gasolina Regular,23.00
2026-08-24,La Libertad,Santiago De Chuco,Angasmarca,ORACIO MEDARDO VERA RAMOS,Diesel DB5,27.00
2026-08-24,La Libertad,Santiago De Chuco,Angasmarca,ORACIO MEDARDO VERA RAMOS,Gasolina Premium,25.00
2026-08-24,La Libertad,Santiago De Chuco,Angasmarca,ORACIO MEDARDO VERA RAMOS,Gasolina Regular,23.50
2026-08-24,La Libertad,Santiago De Chuco,Cachicadan,SERVICENTRO CACHICADAN E.I.R.L.,Diesel DB5,27.00
2026-08-24,La Libertad,Santiago De Chuco,Cachicadan,SERVICENTRO CACHICADAN E.I.R.L.,Gasolina Premium,26.00
2026-08-24,La Libertad,Santiago De Chuco,Cachicadan,SERVICENTRO CACHICADAN E.I.R.L.,Gasolina Regular,24.00
2026-08-24,La Libertad,Santiago De Chuco,Quiruvilca,INVERSIONES SELFA SERL,Diesel DB5,26.60
2026-08-24,La Libertad,Santiago De Chuco,Quiruvilca,SERVICENTRO PERZA S.A.C,Diesel DB5,26.00
2026-08-24,La Libertad,Santiago De Chuco,Quiruvilca,INVERSIONES SELFA SERL,Gasolina Premium,24.10
2026-08-24,La Libertad,Santiago De Chuco,Quiruvilca,SERVICENTRO PERZA S.A.C,Gasolina Premium,23.90
2026-08-24,La Libertad,Santiago De Chuco,Quiruvilca,INVERSIONES SELFA SERL,Gasolina Regular,23.10
2026-08-24,La Libertad,Santiago De Chuco,Quiruvilca,SERVICENTRO PERZA S.A.C,Gasolina Regular,22.90
2026-08-24,La Libertad,Santiago De Chuco,Santa Cruz De Chuca,TRANSPORTES Y ESTACION DE SERVICIOS PABLITO E.I.R.L.,Diesel DB5,26.50
2026-08-24,La Libertad,Santiago De Chuco,Santa Cruz De Chuca,TRANSPORTES Y ESTACION DE SERVICIOS PABLITO E.I.R.L.,Gasolina Regular,22.50
2026-08-24,La Libertad,Santiago De Chuco,Santiago De Chuco,M & J SERVICIOS EMPRESARIALES S.R.L.,Diesel DB5,27.20
2026-08-24,La Libertad,Santiago De Chuco,Santiago De Chuco,MULTINEGOCIOS EMPRESARIALES JHIRE S.A.C.,Diesel DB5,27.20
2026-08-24,La Libertad,Santiago De Chuco,Santiago De Chuco,SERVICETRO DANIEL EL DULCE,Diesel DB5,27.50
2026-08-24,La Libertad,Santiago De Chuco,Santiago De Chuco,ZAVALA PEREZ,Diesel DB5,27.00
2026-08-24,La Libertad,Santiago De Chuco,Santiago De Chuco,SERVICETRO DANIEL EL DULCE,Gasolina Premium,24.50
2026-08-24,La Libertad,Santiago De Chuco,Santiago De Chuco,ZAVALA PEREZ,Gasolina Premium,24.80
2026-08-24,La Libertad,Santiago De Chuco,Santiago De Chuco,M & J SERVICIOS EMPRESARIALES S.R.L.,Gasolina Regular,24.00
2026-08-24,La Libertad,Santiago De Chuco,Santiago De Chuco,MULTINEGOCIOS EMPRESARIALES JHIRE S.A.C.,Gasolina Regular,23.60
2026-08-24,La Libertad,Santiago De Chuco,Santiago De Chuco,SERVICETRO DANIEL EL DULCE,Gasolina Regular,23.80
2026-08-24,La Libertad,Santiago De Chuco,Santiago De Chuco,ZAVALA PEREZ,Gasolina Regular,23.80
2026-08-24,La Libertad,Trujillo,El Porvenir,EE SS GASOLINAS DE AMERICA SAC,Diesel DB5,24.29
2026-08-24,La Libertad,Trujillo,El Porvenir,EMPRESA TRANSPORTES SALAVERRY EXPRESS SA,Diesel DB5,24.59
2026-08-24,La Libertad,Trujillo,El Porvenir,MAQUINARIAS Y NEGOCIOS DIESEL S.A.C.,Diesel DB5,23.99
2026-08-24,La Libertad,Trujillo,El Porvenir,MULTISERVICIOS WILMERCITO SAC,Diesel DB5,24.68
2026-08-24,La Libertad,Trujillo,El Porvenir,PETGASOL ENERGY E.I.R.L.,Diesel DB5,24.47
2026-08-24,La Libertad,Trujillo,El Porvenir,SERVICENTRO HIDROGAS S.A.C.,Diesel DB5,24.88
2026-08-24,La Libertad,Trujillo,El Porvenir,EE SS GASOLINAS DE AMERICA SAC,Gasolina Premium,20.99
2026-08-24,La Libertad,Trujillo,El Porvenir,EMPRESA TRANSPORTES SALAVERRY EXPRESS SA,Gasolina Premium,21.99
2026-08-24,La Libertad,Trujillo,El Porvenir,MAQUINARIAS Y NEGOCIOS DIESEL S.A.C.,Gasolina Premium,21.95
2026-08-24,La Libertad,Trujillo,El Porvenir,MULTISERVICIOS WILMERCITO SAC,Gasolina Premium,22.09
2026-08-24,La Libertad,Trujillo,El Porvenir,PETGASOL ENERGY E.I.R.L.,Gasolina Premium,21.19
2026-08-24,La Libertad,Trujillo,El Porvenir,EE SS GASOLINAS DE AMERICA SAC,Gasolina Regular,19.99
2026-08-24,La Libertad,Trujillo,El Porvenir,EMPRESA TRANSPORTES SALAVERRY EXPRESS SA,Gasolina Regular,20.29
2026-08-24,La Libertad,Trujillo,El Porvenir,MAQUINARIAS Y NEGOCIOS DIESEL S.A.C.,Gasolina Regular,20.69
2026-08-24,La Libertad,Trujillo,El Porvenir,MULTISERVICIOS WILMERCITO SAC,Gasolina Regular,20.79
2026-08-24,La Libertad,Trujillo,El Porvenir,PETGASOL ENERGY E.I.R.L.,Gasolina Regular,20.25
2026-08-24,La Libertad,Trujillo,El Porvenir,SERVICENTRO HIDROGAS S.A.C.,Gasolina Regular,20.99
2026-08-24,La Libertad,Trujillo,Huanchaco,ASTUR FUELS S.A.,Diesel DB5,25.89
2026-08-24,La Libertad,Trujillo,Huanchaco,COESTI SA  EESS ULTRACOM HUANCHAQUITO,Diesel DB5,25.45
2026-08-24,La Libertad,Trujillo,Huanchaco,COESTI SA ESS EL MILAGRO,Diesel DB5,25.99
2026-08-24,La Libertad,Trujillo,Huanchaco,COMERCIALIZADORA Y SERVICIOS BROTHER S.A.C.,Diesel DB5,24.50
2026-08-24,La Libertad,Trujillo,Huanchaco,CONSORCIO DE SERVICIOS SR S.A.C.,Diesel DB5,26.00
2026-08-24,La Libertad,Trujillo,Huanchaco,EMPRESA DE TRANSPORTES HUANCHACO S.A.,Diesel DB5,26.00
2026-08-24,La Libertad,Trujillo,Huanchaco,ESTACION DE SERVICIOS E INVERSIONES JIREH S.R.L.,Diesel DB5,24.15
2026-08-24,La Libertad,Trujillo,Huanchaco,ESTACION DE SERVICIOS EL MILAGRO SAC,Diesel DB5,24.90
2026-08-24,La Libertad,Trujillo,Huanchaco,ESTACION DE SERVICIOS EL REPOSO S.A.C.,Diesel DB5,24.05
2026-08-24,La Libertad,Trujillo,Huanchaco,ESTACION DE SERVICIOS SAN JOSE S.A.C.,Diesel DB5,24.69
2026-08-24,La Libertad,Trujillo,Huanchaco,ESTACION DON FERNANDO SAC,Diesel DB5,24.99
2026-08-24,La Libertad,Trujillo,Huanchaco,GRIFO OLEOCENTRO REYSAN E.I.R.L.,Diesel DB5,26.50
2026-08-24,La Libertad,Trujillo,Huanchaco,GUTIS GAS STATION S.A.C,Diesel DB5,26.90
2026-08-24,La Libertad,Trujillo,Huanchaco,INVERSIONES GALVEZ S.A.C.,Diesel DB5,24.94
2026-08-24,La Libertad,Trujillo,Huanchaco,MGM ESTACIONXPRESS,Diesel DB5,24.45
2026-08-24,La Libertad,Trujillo,Huanchaco,PETRONEX PERU S.A.C.,Diesel DB5,23.99
2026-08-24,La Libertad,Trujillo,Huanchaco,PETRORED S.A.C,Diesel DB5,23.74
2026-08-24,La Libertad,Trujillo,Huanchaco,REPSOL COMERCIAL S.A.C.,Diesel DB5,27.49
2026-08-24,La Libertad,Trujillo,Huanchaco,SERVICENTRO HUANCHACO,Diesel DB5,25.39
2026-08-24,La Libertad,Trujillo,Huanchaco,TRACOM PERU S.A.C.,Diesel DB5,25.59
2026-08-24,La Libertad,Trujillo,Huanchaco,COESTI SA  EESS ULTRACOM HUANCHAQUITO,Gasolina Premium,22.39
2026-08-24,La Libertad,Trujillo,Huanchaco,COESTI SA ESS EL MILAGRO,Gasolina Premium,22.19
2026-08-24,La Libertad,Trujillo,Huanchaco,COMERCIALIZADORA Y SERVICIOS BROTHER S.A.C.,Gasolina Premium,22.00
2026-08-24,La Libertad,Trujillo,Huanchaco,CONSORCIO DE SERVICIOS SR S.A.C.,Gasolina Premium,23.00
2026-08-24,La Libertad,Trujillo,Huanchaco,EMPRESA DE TRANSPORTES HUANCHACO S.A.,Gasolina Premium,23.30
2026-08-24,La Libertad,Trujillo,Huanchaco,ESTACION DE SERVICIOS E INVERSIONES JIREH S.R.L.,Gasolina Premium,21.85
2026-08-24,La Libertad,Trujillo,Huanchaco,ESTACION DE SERVICIOS EL MILAGRO SAC,Gasolina Premium,21.20
2026-08-24,La Libertad,Trujillo,Huanchaco,ESTACION DE SERVICIOS EL REPOSO S.A.C.,Gasolina Premium,20.99
2026-08-24,La Libertad,Trujillo,Huanchaco,ESTACION DE SERVICIOS SAN JOSE S.A.C.,Gasolina Premium,20.94
2026-08-24,La Libertad,Trujillo,Huanchaco,ESTACION DON FERNANDO SAC,Gasolina Premium,22.69
2026-08-24,La Libertad,Trujillo,Huanchaco,GRIFO OLEOCENTRO REYSAN E.I.R.L.,Gasolina Premium,24.45
2026-08-24,La Libertad,Trujillo,Huanchaco,GUTIS GAS STATION S.A.C,Gasolina Premium,23.40
2026-08-24,La Libertad,Trujillo,Huanchaco,INVERSIONES GALVEZ S.A.C.,Gasolina Premium,21.89
2026-08-24,La Libertad,Trujillo,Huanchaco,MGM ESTACIONXPRESS,Gasolina Premium,21.74
2026-08-24,La Libertad,Trujillo,Huanchaco,PETRONEX PERU S.A.C.,Gasolina Premium,20.45
2026-08-24,La Libertad,Trujillo,Huanchaco,PETRORED S.A.C,Gasolina Premium,20.39
2026-08-24,La Libertad,Trujillo,Huanchaco,REPSOL COMERCIAL S.A.C.,Gasolina Premium,22.99
2026-08-24,La Libertad,Trujillo,Huanchaco,SERVICENTRO HUANCHACO,Gasolina Premium,23.69
2026-08-24,La Libertad,Trujillo,Huanchaco,COESTI SA  EESS ULTRACOM HUANCHAQUITO,Gasolina Regular,20.99
2026-08-24,La Libertad,Trujillo,Huanchaco,COESTI SA ESS EL MILAGRO,Gasolina Regular,20.25
2026-08-24,La Libertad,Trujillo,Huanchaco,COMERCIALIZADORA Y SERVICIOS BROTHER S.A.C.,Gasolina Regular,20.90
2026-08-24,La Libertad,Trujillo,Huanchaco,CONSORCIO DE SERVICIOS SR S.A.C.,Gasolina Regular,21.90
2026-08-24,La Libertad,Trujillo,Huanchaco,EMPRESA DE TRANSPORTES HUANCHACO S.A.,Gasolina Regular,22.00
2026-08-24,La Libertad,Trujillo,Huanchaco,ESTACION DE SERVICIOS E INVERSIONES JIREH S.R.L.,Gasolina Regular,20.75
2026-08-24,La Libertad,Trujillo,Huanchaco,ESTACION DE SERVICIOS EL MILAGRO SAC,Gasolina Regular,20.20
2026-08-24,La Libertad,Trujillo,Huanchaco,ESTACION DE SERVICIOS EL REPOSO S.A.C.,Gasolina Regular,19.86
2026-08-24,La Libertad,Trujillo,Huanchaco,ESTACION DE SERVICIOS SAN JOSE S.A.C.,Gasolina Regular,19.99
2026-08-24,La Libertad,Trujillo,Huanchaco,ESTACION DON FERNANDO SAC,Gasolina Regular,20.59
2026-08-24,La Libertad,Trujillo,Huanchaco,GRIFO OLEOCENTRO REYSAN E.I.R.L.,Gasolina Regular,22.50
2026-08-24,La Libertad,Trujillo,Huanchaco,GUTIS GAS STATION S.A.C,Gasolina Regular,22.50
2026-08-24,La Libertad,Trujillo,Huanchaco,INVERSIONES GALVEZ S.A.C.,Gasolina Regular,20.89
2026-08-24,La Libertad,Trujillo,Huanchaco,MGM ESTACIONXPRESS,Gasolina Regular,20.56
2026-08-24,La Libertad,Trujillo,Huanchaco,PETRONEX PERU S.A.C.,Gasolina Regular,19.49
2026-08-24,La Libertad,Trujillo,Huanchaco,PETRORED S.A.C,Gasolina Regular,19.39
2026-08-24,La Libertad,Trujillo,Huanchaco,REPSOL COMERCIAL S.A.C.,Gasolina Regular,19.99
2026-08-24,La Libertad,Trujillo,Huanchaco,SERVICENTRO HUANCHACO,Gasolina Regular,21.87
2026-08-24,La Libertad,Trujillo,La Esperanza,AERO GAS DEL NORTE SOCIEDAD ANONIMA  CERRADA,Diesel DB5,24.99
2026-08-24,La Libertad,Trujillo,La Esperanza,C & M SERVICENTROS SOCIEDAD ANONIMA CERRADA,Diesel DB5,24.49
2026-08-24,La Libertad,Trujillo,La Esperanza,COESTI S.A EE SS LOS POSTES,Diesel DB5,25.09
2026-08-24,La Libertad,Trujillo,La Esperanza,CORPORACION MASIPE S.A.C.,Diesel DB5,25.50
2026-08-24,La Libertad,Trujillo,La Esperanza,GASOLES S.A.C.,Diesel DB5,23.99
2026-08-24,La Libertad,Trujillo,La Esperanza,PETRO PARQUE,Diesel DB5,24.99
2026-08-24,La Libertad,Trujillo,La Esperanza,PETRONEX PERU S.A.C.,Diesel DB5,23.99
2026-08-24,La Libertad,Trujillo,La Esperanza,AERO GAS DEL NORTE SOCIEDAD ANONIMA  CERRADA,Gasolina Premium,22.15
2026-08-24,La Libertad,Trujillo,La Esperanza,C & M SERVICENTROS SOCIEDAD ANONIMA CERRADA,Gasolina Premium,21.49
2026-08-24,La Libertad,Trujillo,La Esperanza,COESTI S.A EE SS LOS POSTES,Gasolina Premium,21.75
2026-08-24,La Libertad,Trujillo,La Esperanza,CORPORACION MASIPE S.A.C.,Gasolina Premium,22.50
2026-08-24,La Libertad,Trujillo,La Esperanza,GASOLES S.A.C.,Gasolina Premium,23.58
2026-08-24,La Libertad,Trujillo,La Esperanza,PETRO PARQUE,Gasolina Premium,22.15
2026-08-24,La Libertad,Trujillo,La Esperanza,PETRONEX PERU S.A.C.,Gasolina Premium,20.99
2026-08-24,La Libertad,Trujillo,La Esperanza,AERO GAS DEL NORTE SOCIEDAD ANONIMA  CERRADA,Gasolina Regular,21.00
2026-08-24,La Libertad,Trujillo,La Esperanza,C & M SERVICENTROS SOCIEDAD ANONIMA CERRADA,Gasolina Regular,20.49
2026-08-24,La Libertad,Trujillo,La Esperanza,COESTI S.A EE SS LOS POSTES,Gasolina Regular,20.09
2026-08-24,La Libertad,Trujillo,La Esperanza,CORPORACION MASIPE S.A.C.,Gasolina Regular,21.50
2026-08-24,La Libertad,Trujillo,La Esperanza,GASOLES S.A.C.,Gasolina Regular,22.76
2026-08-24,La Libertad,Trujillo,La Esperanza,PETRO PARQUE,Gasolina Regular,21.00
2026-08-24,La Libertad,Trujillo,La Esperanza,PETRONEX PERU S.A.C.,Gasolina Regular,19.99
2026-08-24,La Libertad,Trujillo,Laredo,COMBUSTIBLES SAN ANDRES E.I.R.L.,Diesel DB5,25.49
2026-08-24,La Libertad,Trujillo,Laredo,EMPRESA DE TRANSPORTES SENOR DE LA MISERICORDIA S.A.,Diesel DB5,18.40
2026-08-24,La Libertad,Trujillo,Laredo,ESTACION DE SERVICIOS CENTENARIO E.I.R.L.,Diesel DB5,24.39
2026-08-24,La Libertad,Trujillo,Laredo,GRIFOS EL CHE II S.R.L.,Diesel DB5,24.94
2026-08-24,La Libertad,Trujillo,Laredo,SERVICENTRO SANTA ELENA E.I.R.L.,Diesel DB5,24.99
2026-08-24,La Libertad,Trujillo,Laredo,COMBUSTIBLES SAN ANDRES E.I.R.L.,Gasolina Premium,21.69
2026-08-24,La Libertad,Trujillo,Laredo,ESTACION DE SERVICIOS CENTENARIO E.I.R.L.,Gasolina Premium,22.39
2026-08-24,La Libertad,Trujillo,Laredo,GRIFOS EL CHE II S.R.L.,Gasolina Premium,21.89
2026-08-24,La Libertad,Trujillo,Laredo,SERVICENTRO SANTA ELENA E.I.R.L.,Gasolina Premium,22.69
2026-08-24,La Libertad,Trujillo,Laredo,COMBUSTIBLES SAN ANDRES E.I.R.L.,Gasolina Regular,20.69
2026-08-24,La Libertad,Trujillo,Laredo,EMPRESA DE TRANSPORTES SENOR DE LA MISERICORDIA S.A.,Gasolina Regular,20.90
2026-08-24,La Libertad,Trujillo,Laredo,ESTACION DE SERVICIOS CENTENARIO E.I.R.L.,Gasolina Regular,21.19
2026-08-24,La Libertad,Trujillo,Laredo,GRIFOS EL CHE II S.R.L.,Gasolina Regular,20.89
2026-08-24,La Libertad,Trujillo,Laredo,SERVICENTRO SANTA ELENA E.I.R.L.,Gasolina Regular,21.69
2026-08-24,La Libertad,Trujillo,Moche,ACUARIO FUELS S.A.C.,Diesel DB5,24.50
2026-08-24,La Libertad,Trujillo,Moche,C.A. LOAYZA S.R.LTDA,Diesel DB5,25.79
2026-08-24,La Libertad,Trujillo,Moche,COESTI S.A EESS ALTO MOCHE,Diesel DB5,25.49
2026-08-24,La Libertad,Trujillo,Moche,COESTI S.A. EESS MOCHE,Diesel DB5,25.49
2026-08-24,La Libertad,Trujillo,Moche,COESTI SA EESS SANTA AMALIA,Diesel DB5,25.49
2026-08-24,La Libertad,Trujillo,Moche,CONSORCIO Y PROYECTOS R¿ & R¿ S.R.L.,Diesel DB5,23.68
2026-08-24,La Libertad,Trujillo,Moche,ESTACION DE SERVICIOS LAS ABEJAS S.A.C,Diesel DB5,23.29
2026-08-24,La Libertad,Trujillo,Moche,ESTACION DE SERVICIOS SAN JOSE SRL,Diesel DB5,23.60
2026-08-24,La Libertad,Trujillo,Moche,ESTACION DE SERVICIOS SANTA MARIA S.R.L.,Diesel DB5,24.19
2026-08-24,La Libertad,Trujillo,Moche,GRANEL INDUSTRIAL S.A.C.,Diesel DB5,24.55
2026-08-24,La Libertad,Trujillo,Moche,GRIFO DELFIN S.A.C.,Diesel DB5,24.48
2026-08-24,La Libertad,Trujillo,Moche,GRIFOS MIRAMAR S.A.C.,Diesel DB5,23.70
2026-08-24,La Libertad,Trujillo,Moche,INVERSIONES Y SERVICIOS GALVEZ S.A.C.,Diesel DB5,24.58
2026-08-24,La Libertad,Trujillo,Moche,PETRONEX PERU S.A.C.,Diesel DB5,23.99
2026-08-24,La Libertad,Trujillo,Moche,SERVICENTRO RAMIREZ SAC,Diesel DB5,24.18
2026-08-24,La Libertad,Trujillo,Moche,ACUARIO FUELS S.A.C.,Gasolina Premium,21.50
2026-08-24,La Libertad,Trujillo,Moche,C.A. LOAYZA S.R.LTDA,Gasolina Premium,20.87
2026-08-24,La Libertad,Trujillo,Moche,COESTI S.A EESS ALTO MOCHE,Gasolina Premium,21.49
2026-08-24,La Libertad,Trujillo,Moche,COESTI S.A. EESS MOCHE,Gasolina Premium,21.25
2026-08-24,La Libertad,Trujillo,Moche,COESTI SA EESS SANTA AMALIA,Gasolina Premium,21.25
2026-08-24,La Libertad,Trujillo,Moche,ESTACION DE SERVICIOS LAS ABEJAS S.A.C,Gasolina Premium,20.89
2026-08-24,La Libertad,Trujillo,Moche,ESTACION DE SERVICIOS SAN JOSE SRL,Gasolina Premium,21.09
2026-08-24,La Libertad,Trujillo,Moche,ESTACION DE SERVICIOS SANTA MARIA S.R.L.,Gasolina Premium,21.09
2026-08-24,La Libertad,Trujillo,Moche,GRANEL INDUSTRIAL S.A.C.,Gasolina Premium,21.25
2026-08-24,La Libertad,Trujillo,Moche,GRIFO DELFIN S.A.C.,Gasolina Premium,21.52
2026-08-24,La Libertad,Trujillo,Moche,GRIFOS MIRAMAR S.A.C.,Gasolina Premium,21.00
2026-08-24,La Libertad,Trujillo,Moche,PETRONEX PERU S.A.C.,Gasolina Premium,20.99
2026-08-24,La Libertad,Trujillo,Moche,SERVICENTRO RAMIREZ SAC,Gasolina Premium,20.98
2026-08-24,La Libertad,Trujillo,Moche,ACUARIO FUELS S.A.C.,Gasolina Regular,20.50
2026-08-24,La Libertad,Trujillo,Moche,C.A. LOAYZA S.R.LTDA,Gasolina Regular,19.84
2026-08-24,La Libertad,Trujillo,Moche,COESTI S.A EESS ALTO MOCHE,Gasolina Regular,20.19
2026-08-24,La Libertad,Trujillo,Moche,COESTI SA EESS SANTA AMALIA,Gasolina Regular,19.99
2026-08-24,La Libertad,Trujillo,Moche,CONSORCIO Y PROYECTOS R¿ & R¿ S.R.L.,Gasolina Regular,20.06
2026-08-24,La Libertad,Trujillo,Moche,ESTACION DE SERVICIOS LAS ABEJAS S.A.C,Gasolina Regular,19.69
2026-08-24,La Libertad,Trujillo,Moche,ESTACION DE SERVICIOS SAN JOSE SRL,Gasolina Regular,20.09
2026-08-24,La Libertad,Trujillo,Moche,ESTACION DE SERVICIOS SANTA MARIA S.R.L.,Gasolina Regular,20.09
2026-08-24,La Libertad,Trujillo,Moche,GRANEL INDUSTRIAL S.A.C.,Gasolina Regular,19.99
2026-08-24,La Libertad,Trujillo,Moche,GRIFO DELFIN S.A.C.,Gasolina Regular,20.45
2026-08-24,La Libertad,Trujillo,Moche,GRIFOS MIRAMAR S.A.C.,Gasolina Regular,20.00
2026-08-24,La Libertad,Trujillo,Moche,INVERSIONES Y SERVICIOS GALVEZ S.A.C.,Gasolina Regular,19.99
2026-08-24,La Libertad,Trujillo,Moche,PETRONEX PERU S.A.C.,Gasolina Regular,19.99
2026-08-24,La Libertad,Trujillo,Moche,SERVICENTRO RAMIREZ SAC,Gasolina Regular,19.89
2026-08-24,La Libertad,Trujillo,Poroto,COMBUSTIBLES MOLINA B ENERGY E.I.R.L.,Diesel DB5,24.79
2026-08-24,La Libertad,Trujillo,Poroto,MULTISERVICIOS MERCHAV PETROL S.A.C.,Diesel DB5,24.50
2026-08-24,La Libertad,Trujillo,Poroto,COMBUSTIBLES MOLINA B ENERGY E.I.R.L.,Gasolina Premium,21.29
2026-08-24,La Libertad,Trujillo,Poroto,MULTISERVICIOS MERCHAV PETROL S.A.C.,Gasolina Premium,21.95
2026-08-24,La Libertad,Trujillo,Poroto,COMBUSTIBLES MOLINA B ENERGY E.I.R.L.,Gasolina Regular,20.39
2026-08-24,La Libertad,Trujillo,Poroto,MULTISERVICIOS MERCHAV PETROL S.A.C.,Gasolina Regular,21.20
2026-08-24,La Libertad,Trujillo,Simbal,MULTISERVICIOS GARCIA BRICEÑO S.A.C.,Diesel DB5,24.99
2026-08-24,La Libertad,Trujillo,Simbal,SERVICENTRO SANTA ELENA E.I.R.L.,Diesel DB5,24.99
2026-08-24,La Libertad,Trujillo,Simbal,MULTISERVICIOS GARCIA BRICEÑO S.A.C.,Gasolina Premium,21.59
2026-08-24,La Libertad,Trujillo,Simbal,SERVICENTRO SANTA ELENA E.I.R.L.,Gasolina Premium,22.69
2026-08-24,La Libertad,Trujillo,Simbal,MULTISERVICIOS GARCIA BRICEÑO S.A.C.,Gasolina Regular,20.59
2026-08-24,La Libertad,Trujillo,Simbal,SERVICENTRO SANTA ELENA E.I.R.L.,Gasolina Regular,21.69
2026-08-24,La Libertad,Trujillo,Trujillo,ACOSTA COMBUSTIBLES SAC,Diesel DB5,24.60
2026-08-24,La Libertad,Trujillo,Trujillo,ASFALTO Y DIESEL DEL PERU S.A.C,Diesel DB5,23.95
2026-08-24,La Libertad,Trujillo,Trujillo,CAIDIESEL S & R S.A.C.,Diesel DB5,25.70
2026-08-24,La Libertad,Trujillo,Trujillo,CGHL SAC,Diesel DB5,24.19
2026-08-24,La Libertad,Trujillo,Trujillo,CGHL SAC,Diesel DB5,24.19
2026-08-24,La Libertad,Trujillo,Trujillo,CGHL SAC,Diesel DB5,24.19
2026-08-24,La Libertad,Trujillo,Trujillo,CHECAPET SRL,Diesel DB5,23.99
2026-08-24,La Libertad,Trujillo,Trujillo,COESTI S. A. ES AMERICA NORTE II,Diesel DB5,25.99
2026-08-24,La Libertad,Trujillo,Trujillo,COESTI S.A  EESS LA PERLA,Diesel DB5,25.49
2026-08-24,La Libertad,Trujillo,Trujillo,COESTI S.A.  AMERICA NORTE 1,Diesel DB5,25.49
2026-08-24,La Libertad,Trujillo,Trujillo,COESTI S.A. EE SS ESPANA 2,Diesel DB5,24.99
2026-08-24,La Libertad,Trujillo,Trujillo,COESTI S.A. EESS ESPANA 1,Diesel DB5,24.99
2026-08-24,La Libertad,Trujillo,Trujillo,COESTI S.A. EESS UNION1,Diesel DB5,25.99
2026-08-24,La Libertad,Trujillo,Trujillo,COESTI S.A. EL TREBOL,Diesel DB5,24.79
2026-08-24,La Libertad,Trujillo,Trujillo,COESTI S.A. ES ULTRACOM VILLARREAL,Diesel DB5,25.99
2026-08-24,La Libertad,Trujillo,Trujillo,COESTI SA EESS LARCO,Diesel DB5,25.79
2026-08-24,La Libertad,Trujillo,Trujillo,COMPANIA COMERCIALIZADORA Y REPRESENTACIONES SA,Diesel DB5,23.60
2026-08-24,La Libertad,Trujillo,Trujillo,COMPANIA PERUANA DE PETROLEO GAS Y GASOLINA SAC,Diesel DB5,24.44
2026-08-24,La Libertad,Trujillo,Trujillo,COMPAÑIA PERUANA DE COMBUSTIBLES S.A.C.,Diesel DB5,23.99
2026-08-24,La Libertad,Trujillo,Trujillo,COMPAÑIA PERUANA DE PETROLEO GAS Y GASOLINA SAC,Diesel DB5,24.99
2026-08-24,La Libertad,Trujillo,Trujillo,EMPRESA SANTO TORIBIO S.A.C,Diesel DB5,23.29
2026-08-24,La Libertad,Trujillo,Trujillo,ENERGIGAS S.A.C.,Diesel DB5,23.55
2026-08-24,La Libertad,Trujillo,Trujillo,ESTACION DE SERVICIO PACIFICO S.R.L.,Diesel DB5,23.30
2026-08-24,La Libertad,Trujillo,Trujillo,ESTACION DE SERVICIO PACIFICO S.R.L.,Diesel DB5,23.30
2026-08-24,La Libertad,Trujillo,Trujillo,ESTACION DE SERVICIOS AVE FENIX S.A.,Diesel DB5,23.95
2026-08-24,La Libertad,Trujillo,Trujillo,ESTACION DE SERVICIOS CHIMU S.R.L.,Diesel DB5,24.79
2026-08-24,La Libertad,Trujillo,Trujillo,ESTACION DE SERVICIOS FATIMA E.I.R.L.,Diesel DB5,24.80
2026-08-24,La Libertad,Trujillo,Trujillo,ESTACION DE SERVICIOS KALIN S.A.C,Diesel DB5,23.90
2026-08-24,La Libertad,Trujillo,Trujillo,ESTACION DE SERVICIOS PESQUEDA 07 E.I.R.L.,Diesel DB5,24.27
2026-08-24,La Libertad,Trujillo,Trujillo,ESTACION DE SERVICIOS PUCARA S.A.C,Diesel DB5,23.60
2026-08-24,La Libertad,Trujillo,Trujillo,ESTACION DE SERVICIOS RYL SAC,Diesel DB5,23.99
2026-08-24,La Libertad,Trujillo,Trujillo,ESTACION DE SERVICIOS TORRESTRELLA SRL,Diesel DB5,24.97
2026-08-24,La Libertad,Trujillo,Trujillo,ESTACION DE SERVICIOS VILLARREAL S.R.L.,Diesel DB5,24.99
2026-08-24,La Libertad,Trujillo,Trujillo,ESTACION MIRAFLORES S.A.C,Diesel DB5,23.29
2026-08-24,La Libertad,Trujillo,Trujillo,GIOVANNI LEONCIO AGUIRRE MORENO,Diesel DB5,25.79
2026-08-24,La Libertad,Trujillo,Trujillo,GLOBAL FUEL SOCIEDAD ANONIMA,Diesel DB5,26.99
2026-08-24,La Libertad,Trujillo,Trujillo,GRANEL INDUSTRIAL S.A.C.,Diesel DB5,24.48
2026-08-24,La Libertad,Trujillo,Trujillo,GRANEL INDUSTRIAL S.A.C.,Diesel DB5,24.48
2026-08-24,La Libertad,Trujillo,Trujillo,GRANEL INDUSTRIAL S.A.C.,Diesel DB5,24.59
2026-08-24,La Libertad,Trujillo,Trujillo,GRIFO AMIGO S.A,Diesel DB5,27.79
2026-08-24,La Libertad,Trujillo,Trujillo,GRIFO AMIGO S.A.,Diesel DB5,27.49
2026-08-24,La Libertad,Trujillo,Trujillo,GRIFO AMIGO S.A.,Diesel DB5,27.79
2026-08-24,La Libertad,Trujillo,Trujillo,GRIFO DELFIN S.A.C.,Diesel DB5,24.48
2026-08-24,La Libertad,Trujillo,Trujillo,GRIFO E INVERSIONES A & B E.I.R.L.,Diesel DB5,24.50
2026-08-24,La Libertad,Trujillo,Trujillo,GRIFO ESTRELLA DAVID EIRL,Diesel DB5,24.55
2026-08-24,La Libertad,Trujillo,Trujillo,GRIFO KALIN E.I.R.L.,Diesel DB5,24.80
2026-08-24,La Libertad,Trujillo,Trujillo,GRIFO SAN JORGE,Diesel DB5,24.68
2026-08-24,La Libertad,Trujillo,Trujillo,GRIFOS ESTRELLA DE DAVID E.I.R.L,Diesel DB5,24.55
2026-08-24,La Libertad,Trujillo,Trujillo,GRIFOS ESTRELLA DE DAVID EIRL,Diesel DB5,24.15
2026-08-24,La Libertad,Trujillo,Trujillo,GRIFOS ESTRELLA DE DAVID EIRL,Diesel DB5,24.55
2026-08-24,La Libertad,Trujillo,Trujillo,GRIOS ESTRELLA DE DAVID EIRL,Diesel DB5,24.19
2026-08-24,La Libertad,Trujillo,Trujillo,GRUPO S & A S.A.C.,Diesel DB5,23.80
2026-08-24,La Libertad,Trujillo,Trujillo,INVERSIONES LIYHARID S.A.C.,Diesel DB5,24.89
2026-08-24,La Libertad,Trujillo,Trujillo,INVERSIONES MAJ E.I.R.L.,Diesel DB5,24.30
2026-08-24,La Libertad,Trujillo,Trujillo,INVERSIONES RD S.A.C.,Diesel DB5,25.50
2026-08-24,La Libertad,Trujillo,Trujillo,MOLINOS MAIZAR PERU S.A.C.,Diesel DB5,23.99
2026-08-24,La Libertad,Trujillo,Trujillo,MULTISERVICIOS ECOGAS SAC,Diesel DB5,23.99
2026-08-24,La Libertad,Trujillo,Trujillo,PETRONEX PERU S.A.C.,Diesel DB5,23.99
2026-08-24,La Libertad,Trujillo,Trujillo,PETRONEX PERU S.A.C.,Diesel DB5,23.99
2026-08-24,La Libertad,Trujillo,Trujillo,REPSOL COMERCIAL S.A.C,Diesel DB5,26.99
2026-08-24,La Libertad,Trujillo,Trujillo,REPSOL COMERCIAL S.A.C.,Diesel DB5,26.99
2026-08-24,La Libertad,Trujillo,Trujillo,REPSOL COMERCIAL S.A.C.,Diesel DB5,27.49
2026-08-24,La Libertad,Trujillo,Trujillo,SEMAR SAC,Diesel DB5,23.90
2026-08-24,La Libertad,Trujillo,Trujillo,SEMAR SAC,Diesel DB5,24.19
2026-08-24,La Libertad,Trujillo,Trujillo,SERVICENTRO RAMIREZ SAC,Diesel DB5,24.18
2026-08-24,La Libertad,Trujillo,Trujillo,SERVICENTRO RAMIREZ SAC,Diesel DB5,24.18
2026-08-24,La Libertad,Trujillo,Trujillo,SERVICENTRO RAMIREZ SAC,Diesel DB5,24.18
2026-08-24,La Libertad,Trujillo,Trujillo,SERVICENTRO RAMIREZ SAC,Diesel DB5,24.18
2026-08-24,La Libertad,Trujillo,Trujillo,SERVICENTRO RAMIREZ SAC,Diesel DB5,24.18
2026-08-24,La Libertad,Trujillo,Trujillo,SERVICENTRO ULLOA SRL,Diesel DB5,24.70
2026-08-24,La Libertad,Trujillo,Trujillo,SJR SAC,Diesel DB5,24.19
2026-08-24,La Libertad,Trujillo,Trujillo,SUNNA OIL S.A.C.,Diesel DB5,24.09
2026-08-24,La Libertad,Trujillo,Trujillo,SUNNA OIL S.A.C.  EESS UNION,Diesel DB5,24.09
2026-08-24,La Libertad,Trujillo,Trujillo,VILBO NEGOCIOS SAC,Diesel DB5,26.19
2026-08-24,La Libertad,Trujillo,Trujillo,ACOSTA COMBUSTIBLES SAC,Gasolina Premium,21.50
2026-08-24,La Libertad,Trujillo,Trujillo,CAIDIESEL S & R S.A.C.,Gasolina Premium,22.25
2026-08-24,La Libertad,Trujillo,Trujillo,CGHL SAC,Gasolina Premium,20.89
2026-08-24,La Libertad,Trujillo,Trujillo,CGHL SAC,Gasolina Premium,20.89
2026-08-24,La Libertad,Trujillo,Trujillo,CGHL SAC,Gasolina Premium,20.90
2026-08-24,La Libertad,Trujillo,Trujillo,CHECAPET SRL,Gasolina Premium,20.89
2026-08-24,La Libertad,Trujillo,Trujillo,COESTI S. A. ES AMERICA NORTE II,Gasolina Premium,22.29
2026-08-24,La Libertad,Trujillo,Trujillo,COESTI S.A  EESS LA PERLA,Gasolina Premium,21.99
2026-08-24,La Libertad,Trujillo,Trujillo,COESTI S.A.  AMERICA NORTE 1,Gasolina Premium,21.79
2026-08-24,La Libertad,Trujillo,Trujillo,COESTI S.A. EE SS ESPANA 2,Gasolina Premium,21.95
2026-08-24,La Libertad,Trujillo,Trujillo,COESTI S.A. EESS ESPANA 1,Gasolina Premium,21.19
2026-08-24,La Libertad,Trujillo,Trujillo,COESTI S.A. EESS UNION1,Gasolina Premium,21.49
2026-08-24,La Libertad,Trujillo,Trujillo,COESTI S.A. EL TREBOL,Gasolina Premium,21.85
2026-08-24,La Libertad,Trujillo,Trujillo,COESTI S.A. ES ULTRACOM VILLARREAL,Gasolina Premium,21.69
2026-08-24,La Libertad,Trujillo,Trujillo,COESTI SA EESS LARCO,Gasolina Premium,21.75
2026-08-24,La Libertad,Trujillo,Trujillo,COMPANIA COMERCIALIZADORA Y REPRESENTACIONES SA,Gasolina Premium,21.80
2026-08-24,La Libertad,Trujillo,Trujillo,COMPANIA PERUANA DE PETROLEO GAS Y GASOLINA SAC,Gasolina Premium,22.33
2026-08-24,La Libertad,Trujillo,Trujillo,COMPAÑIA PERUANA DE COMBUSTIBLES S.A.C.,Gasolina Premium,20.99
2026-08-24,La Libertad,Trujillo,Trujillo,COMPAÑIA PERUANA DE PETROLEO GAS Y GASOLINA SAC,Gasolina Premium,22.22
2026-08-24,La Libertad,Trujillo,Trujillo,EMPRESA SANTO TORIBIO S.A.C,Gasolina Premium,20.89
2026-08-24,La Libertad,Trujillo,Trujillo,ENERGIGAS S.A.C.,Gasolina Premium,21.85
2026-08-24,La Libertad,Trujillo,Trujillo,ESTACION DE SERVICIO PACIFICO S.R.L.,Gasolina Premium,20.99
2026-08-24,La Libertad,Trujillo,Trujillo,ESTACION DE SERVICIO PACIFICO S.R.L.,Gasolina Premium,20.99
2026-08-24,La Libertad,Trujillo,Trujillo,ESTACION DE SERVICIOS AVE FENIX S.A.,Gasolina Premium,21.05
2026-08-24,La Libertad,Trujillo,Trujillo,ESTACION DE SERVICIOS CHIMU S.R.L.,Gasolina Premium,21.99
2026-08-24,La Libertad,Trujillo,Trujillo,ESTACION DE SERVICIOS KALIN S.A.C,Gasolina Premium,21.60
2026-08-24,La Libertad,Trujillo,Trujillo,ESTACION DE SERVICIOS PESQUEDA 07 E.I.R.L.,Gasolina Premium,21.37
2026-08-24,La Libertad,Trujillo,Trujillo,ESTACION DE SERVICIOS PUCARA S.A.C,Gasolina Premium,20.89
2026-08-24,La Libertad,Trujillo,Trujillo,ESTACION DE SERVICIOS RYL SAC,Gasolina Premium,21.09
2026-08-24,La Libertad,Trujillo,Trujillo,ESTACION DE SERVICIOS TORRESTRELLA SRL,Gasolina Premium,21.09
2026-08-24,La Libertad,Trujillo,Trujillo,ESTACION DE SERVICIOS VILLARREAL S.R.L.,Gasolina Premium,21.09
2026-08-24,La Libertad,Trujillo,Trujillo,ESTACION MIRAFLORES S.A.C,Gasolina Premium,20.89
2026-08-24,La Libertad,Trujillo,Trujillo,GIOVANNI LEONCIO AGUIRRE MORENO,Gasolina Premium,23.69
2026-08-24,La Libertad,Trujillo,Trujillo,GLOBAL FUEL SOCIEDAD ANONIMA,Gasolina Premium,25.99
2026-08-24,La Libertad,Trujillo,Trujillo,GRANEL INDUSTRIAL S.A.C.,Gasolina Premium,21.25
2026-08-24,La Libertad,Trujillo,Trujillo,GRANEL INDUSTRIAL S.A.C.,Gasolina Premium,21.35
2026-08-24,La Libertad,Trujillo,Trujillo,GRANEL INDUSTRIAL S.A.C.,Gasolina Premium,21.35
2026-08-24,La Libertad,Trujillo,Trujillo,GRIFO AMIGO S.A,Gasolina Premium,24.49
2026-08-24,La Libertad,Trujillo,Trujillo,GRIFO AMIGO S.A.,Gasolina Premium,23.99
2026-08-24,La Libertad,Trujillo,Trujillo,GRIFO AMIGO S.A.,Gasolina Premium,24.49
2026-08-24,La Libertad,Trujillo,Trujillo,GRIFO DELFIN S.A.C.,Gasolina Premium,21.52
2026-08-24,La Libertad,Trujillo,Trujillo,GRIFO E INVERSIONES A & B E.I.R.L.,Gasolina Premium,20.70
2026-08-24,La Libertad,Trujillo,Trujillo,GRIFO ESTRELLA DAVID EIRL,Gasolina Premium,21.90
2026-08-24,La Libertad,Trujillo,Trujillo,GRIFO KALIN E.I.R.L.,Gasolina Premium,21.60
2026-08-24,La Libertad,Trujillo,Trujillo,GRIFO SAN JORGE,Gasolina Premium,21.59
2026-08-24,La Libertad,Trujillo,Trujillo,GRIFOS ESTRELLA DE DAVID E.I.R.L,Gasolina Premium,21.90
2026-08-24,La Libertad,Trujillo,Trujillo,GRIFOS ESTRELLA DE DAVID EIRL,Gasolina Premium,20.89
2026-08-24,La Libertad,Trujillo,Trujillo,GRIFOS ESTRELLA DE DAVID EIRL,Gasolina Premium,21.90
2026-08-24,La Libertad,Trujillo,Trujillo,GRIOS ESTRELLA DE DAVID EIRL,Gasolina Premium,20.59
2026-08-24,La Libertad,Trujillo,Trujillo,GRUPO S & A S.A.C.,Gasolina Premium,20.30
2026-08-24,La Libertad,Trujillo,Trujillo,INVERSIONES LIYHARID S.A.C.,Gasolina Premium,22.59
2026-08-24,La Libertad,Trujillo,Trujillo,INVERSIONES MAJ E.I.R.L.,Gasolina Premium,21.80
2026-08-24,La Libertad,Trujillo,Trujillo,MOLINOS MAIZAR PERU S.A.C.,Gasolina Premium,21.09
2026-08-24,La Libertad,Trujillo,Trujillo,MULTISERVICIOS ECOGAS SAC,Gasolina Premium,21.29
2026-08-24,La Libertad,Trujillo,Trujillo,PETRONEX PERU S.A.C.,Gasolina Premium,20.69
2026-08-24,La Libertad,Trujillo,Trujillo,PETRONEX PERU S.A.C.,Gasolina Premium,20.95
2026-08-24,La Libertad,Trujillo,Trujillo,REPSOL COMERCIAL S.A.C,Gasolina Premium,23.99
2026-08-24,La Libertad,Trujillo,Trujillo,REPSOL COMERCIAL S.A.C.,Gasolina Premium,22.99
2026-08-24,La Libertad,Trujillo,Trujillo,REPSOL COMERCIAL S.A.C.,Gasolina Premium,24.99
2026-08-24,La Libertad,Trujillo,Trujillo,SEMAR SAC,Gasolina Premium,20.90
2026-08-24,La Libertad,Trujillo,Trujillo,SEMAR SAC,Gasolina Premium,20.90
2026-08-24,La Libertad,Trujillo,Trujillo,SERVICENTRO RAMIREZ SAC,Gasolina Premium,20.98
2026-08-24,La Libertad,Trujillo,Trujillo,SERVICENTRO RAMIREZ SAC,Gasolina Premium,20.98
2026-08-24,La Libertad,Trujillo,Trujillo,SERVICENTRO RAMIREZ SAC,Gasolina Premium,20.98
2026-08-24,La Libertad,Trujillo,Trujillo,SERVICENTRO RAMIREZ SAC,Gasolina Premium,20.98
2026-08-24,La Libertad,Trujillo,Trujillo,SERVICENTRO RAMIREZ SAC,Gasolina Premium,20.98
2026-08-24,La Libertad,Trujillo,Trujillo,SERVICENTRO ULLOA SRL,Gasolina Premium,21.80
2026-08-24,La Libertad,Trujillo,Trujillo,SJR SAC,Gasolina Premium,20.89
2026-08-24,La Libertad,Trujillo,Trujillo,SUNNA OIL S.A.C.,Gasolina Premium,21.69
2026-08-24,La Libertad,Trujillo,Trujillo,SUNNA OIL S.A.C.  EESS UNION,Gasolina Premium,21.69
2026-08-24,La Libertad,Trujillo,Trujillo,VILBO NEGOCIOS SAC,Gasolina Premium,22.79
2026-08-24,La Libertad,Trujillo,Trujillo,ACOSTA COMBUSTIBLES SAC,Gasolina Regular,20.20
2026-08-24,La Libertad,Trujillo,Trujillo,ASFALTO Y DIESEL DEL PERU S.A.C,Gasolina Regular,19.55
2026-08-24,La Libertad,Trujillo,Trujillo,CAIDIESEL S & R S.A.C.,Gasolina Regular,21.40
2026-08-24,La Libertad,Trujillo,Trujillo,CGHL SAC,Gasolina Regular,19.85
2026-08-24,La Libertad,Trujillo,Trujillo,CGHL SAC,Gasolina Regular,19.89
2026-08-24,La Libertad,Trujillo,Trujillo,CGHL SAC,Gasolina Regular,19.89
2026-08-24,La Libertad,Trujillo,Trujillo,CHECAPET SRL,Gasolina Regular,19.79
2026-08-24,La Libertad,Trujillo,Trujillo,COESTI S. A. ES AMERICA NORTE II,Gasolina Regular,20.99
2026-08-24,La Libertad,Trujillo,Trujillo,COESTI S.A  EESS LA PERLA,Gasolina Regular,20.55
2026-08-24,La Libertad,Trujillo,Trujillo,COESTI S.A.  AMERICA NORTE 1,Gasolina Regular,20.39
2026-08-24,La Libertad,Trujillo,Trujillo,COESTI S.A. EE SS ESPANA 2,Gasolina Regular,20.75
2026-08-24,La Libertad,Trujillo,Trujillo,COESTI S.A. EESS ESPANA 1,Gasolina Regular,19.99
2026-08-24,La Libertad,Trujillo,Trujillo,COESTI S.A. EESS UNION1,Gasolina Regular,20.19
2026-08-24,La Libertad,Trujillo,Trujillo,COESTI S.A. EL TREBOL,Gasolina Regular,20.45
2026-08-24,La Libertad,Trujillo,Trujillo,COESTI S.A. ES ULTRACOM VILLARREAL,Gasolina Regular,20.19
2026-08-24,La Libertad,Trujillo,Trujillo,COESTI SA EESS LARCO,Gasolina Regular,20.25
2026-08-24,La Libertad,Trujillo,Trujillo,COMPANIA COMERCIALIZADORA Y REPRESENTACIONES SA,Gasolina Regular,19.69
2026-08-24,La Libertad,Trujillo,Trujillo,COMPANIA PERUANA DE PETROLEO GAS Y GASOLINA SAC,Gasolina Regular,20.55
2026-08-24,La Libertad,Trujillo,Trujillo,COMPAÑIA PERUANA DE COMBUSTIBLES S.A.C.,Gasolina Regular,19.99
2026-08-24,La Libertad,Trujillo,Trujillo,COMPAÑIA PERUANA DE PETROLEO GAS Y GASOLINA SAC,Gasolina Regular,20.44
2026-08-24,La Libertad,Trujillo,Trujillo,EMPRESA SANTO TORIBIO S.A.C,Gasolina Regular,19.69
2026-08-24,La Libertad,Trujillo,Trujillo,ENERGIGAS S.A.C.,Gasolina Regular,20.99
2026-08-24,La Libertad,Trujillo,Trujillo,ESTACION DE SERVICIO PACIFICO S.R.L.,Gasolina Regular,19.90
2026-08-24,La Libertad,Trujillo,Trujillo,ESTACION DE SERVICIO PACIFICO S.R.L.,Gasolina Regular,19.99
2026-08-24,La Libertad,Trujillo,Trujillo,ESTACION DE SERVICIOS AVE FENIX S.A.,Gasolina Regular,20.05
2026-08-24,La Libertad,Trujillo,Trujillo,ESTACION DE SERVICIOS CHIMU S.R.L.,Gasolina Regular,20.55
2026-08-24,La Libertad,Trujillo,Trujillo,ESTACION DE SERVICIOS FATIMA E.I.R.L.,Gasolina Regular,20.00
2026-08-24,La Libertad,Trujillo,Trujillo,ESTACION DE SERVICIOS KALIN S.A.C,Gasolina Regular,20.50
2026-08-24,La Libertad,Trujillo,Trujillo,ESTACION DE SERVICIOS PESQUEDA 07 E.I.R.L.,Gasolina Regular,20.57
2026-08-24,La Libertad,Trujillo,Trujillo,ESTACION DE SERVICIOS PUCARA S.A.C,Gasolina Regular,19.69
2026-08-24,La Libertad,Trujillo,Trujillo,ESTACION DE SERVICIOS RYL SAC,Gasolina Regular,20.09
2026-08-24,La Libertad,Trujillo,Trujillo,ESTACION DE SERVICIOS TORRESTRELLA SRL,Gasolina Regular,19.84
2026-08-24,La Libertad,Trujillo,Trujillo,ESTACION DE SERVICIOS VILLARREAL S.R.L.,Gasolina Regular,20.09
2026-08-24,La Libertad,Trujillo,Trujillo,ESTACION MIRAFLORES S.A.C,Gasolina Regular,19.69
2026-08-24,La Libertad,Trujillo,Trujillo,GIOVANNI LEONCIO AGUIRRE MORENO,Gasolina Regular,21.49
2026-08-24,La Libertad,Trujillo,Trujillo,GLOBAL FUEL SOCIEDAD ANONIMA,Gasolina Regular,23.99
2026-08-24,La Libertad,Trujillo,Trujillo,GRANEL INDUSTRIAL S.A.C.,Gasolina Regular,19.95
2026-08-24,La Libertad,Trujillo,Trujillo,GRANEL INDUSTRIAL S.A.C.,Gasolina Regular,20.25
2026-08-24,La Libertad,Trujillo,Trujillo,GRANEL INDUSTRIAL S.A.C.,Gasolina Regular,20.25
2026-08-24,La Libertad,Trujillo,Trujillo,GRIFO AMIGO S.A,Gasolina Regular,22.49
2026-08-24,La Libertad,Trujillo,Trujillo,GRIFO AMIGO S.A.,Gasolina Regular,21.99
2026-08-24,La Libertad,Trujillo,Trujillo,GRIFO AMIGO S.A.,Gasolina Regular,22.49
2026-08-24,La Libertad,Trujillo,Trujillo,GRIFO DELFIN S.A.C.,Gasolina Regular,20.45
2026-08-24,La Libertad,Trujillo,Trujillo,GRIFO E INVERSIONES A & B E.I.R.L.,Gasolina Regular,19.70
2026-08-24,La Libertad,Trujillo,Trujillo,GRIFO ESTRELLA DAVID EIRL,Gasolina Regular,20.45
2026-08-24,La Libertad,Trujillo,Trujillo,GRIFO KALIN E.I.R.L.,Gasolina Regular,20.50
2026-08-24,La Libertad,Trujillo,Trujillo,GRIFO SAN JORGE,Gasolina Regular,20.48
2026-08-24,La Libertad,Trujillo,Trujillo,GRIFOS ESTRELLA DE DAVID E.I.R.L,Gasolina Regular,20.45
2026-08-24,La Libertad,Trujillo,Trujillo,GRIFOS ESTRELLA DE DAVID EIRL,Gasolina Regular,19.89
2026-08-24,La Libertad,Trujillo,Trujillo,GRIFOS ESTRELLA DE DAVID EIRL,Gasolina Regular,20.45
2026-08-24,La Libertad,Trujillo,Trujillo,GRIOS ESTRELLA DE DAVID EIRL,Gasolina Regular,19.89
2026-08-24,La Libertad,Trujillo,Trujillo,GRUPO S & A S.A.C.,Gasolina Regular,19.40
2026-08-24,La Libertad,Trujillo,Trujillo,INVERSIONES LIYHARID S.A.C.,Gasolina Regular,21.05
2026-08-24,La Libertad,Trujillo,Trujillo,INVERSIONES MAJ E.I.R.L.,Gasolina Regular,20.80
2026-08-24,La Libertad,Trujillo,Trujillo,INVERSIONES RD S.A.C.,Gasolina Regular,21.00
2026-08-24,La Libertad,Trujillo,Trujillo,MOLINOS MAIZAR PERU S.A.C.,Gasolina Regular,20.09
2026-08-24,La Libertad,Trujillo,Trujillo,MULTISERVICIOS ECOGAS SAC,Gasolina Regular,19.64
2026-08-24,La Libertad,Trujillo,Trujillo,PETRONEX PERU S.A.C.,Gasolina Regular,19.49
2026-08-24,La Libertad,Trujillo,Trujillo,PETRONEX PERU S.A.C.,Gasolina Regular,19.95
2026-08-24,La Libertad,Trujillo,Trujillo,REPSOL COMERCIAL S.A.C,Gasolina Regular,21.49
2026-08-24,La Libertad,Trujillo,Trujillo,REPSOL COMERCIAL S.A.C.,Gasolina Regular,20.99
2026-08-24,La Libertad,Trujillo,Trujillo,REPSOL COMERCIAL S.A.C.,Gasolina Regular,22.99
2026-08-24,La Libertad,Trujillo,Trujillo,SEMAR SAC,Gasolina Regular,19.85
2026-08-24,La Libertad,Trujillo,Trujillo,SEMAR SAC,Gasolina Regular,19.90
2026-08-24,La Libertad,Trujillo,Trujillo,SERVICENTRO RAMIREZ SAC,Gasolina Regular,19.89
2026-08-24,La Libertad,Trujillo,Trujillo,SERVICENTRO RAMIREZ SAC,Gasolina Regular,19.89
2026-08-24,La Libertad,Trujillo,Trujillo,SERVICENTRO RAMIREZ SAC,Gasolina Regular,19.89
2026-08-24,La Libertad,Trujillo,Trujillo,SERVICENTRO RAMIREZ SAC,Gasolina Regular,19.89
2026-08-24,La Libertad,Trujillo,Trujillo,SERVICENTRO RAMIREZ SAC,Gasolina Regular,19.89
2026-08-24,La Libertad,Trujillo,Trujillo,SERVICENTRO ULLOA SRL,Gasolina Regular,20.70
2026-08-24,La Libertad,Trujillo,Trujillo,SJR SAC,Gasolina Regular,19.89
2026-08-24,La Libertad,Trujillo,Trujillo,SUNNA OIL S.A.C.,Gasolina Regular,20.49
2026-08-24,La Libertad,Trujillo,Trujillo,SUNNA OIL S.A.C.  EESS UNION,Gasolina Regular,20.49
2026-08-24,La Libertad,Trujillo,Trujillo,VILBO NEGOCIOS SAC,Gasolina Regular,21.59
2026-08-24,La Libertad,Trujillo,Victor Larco Herrera,C.A. LOAYZA S.R.LTDA,Diesel DB5,24.99
2026-08-24,La Libertad,Trujillo,Victor Larco Herrera,COESTI S.A.  ULTRACOM EVITAMIENTO,Diesel DB5,26.49
2026-08-24,La Libertad,Trujillo,Victor Larco Herrera,COMPAÑIA PERUANA DE PETROLEO GAS Y GASOLINA S.A.C,Diesel DB5,24.99
2026-08-24,La Libertad,Trujillo,Victor Larco Herrera,EMPRESA DE TRANSPORTES ACUARIO SAC,Diesel DB5,24.99
2026-08-24,La Libertad,Trujillo,Victor Larco Herrera,EMPRESA DE TRANSPORTES NUEVO CALIFORNIA S.A.,Diesel DB5,25.99
2026-08-24,La Libertad,Trujillo,Victor Larco Herrera,ESTACION DE SERVICIOS KALIN CALIFORNIA S.A.C.,Diesel DB5,24.80
2026-08-24,La Libertad,Trujillo,Victor Larco Herrera,ESTACION DE SERVICIOS SAN JOSE S.R.L.,Diesel DB5,23.99
2026-08-24,La Libertad,Trujillo,Victor Larco Herrera,GLOBAL FUEL S.A.,Diesel DB5,27.99
2026-08-24,La Libertad,Trujillo,Victor Larco Herrera,GRIFO ORO POINT S.A.C.,Diesel DB5,25.49
2026-08-24,La Libertad,Trujillo,Victor Larco Herrera,GRIFO PUNTO DE ORO E.I.R.L,Diesel DB5,24.99
2026-08-24,La Libertad,Trujillo,Victor Larco Herrera,GRIFO VELOCITY EIRL,Diesel DB5,25.49
2026-08-24,La Libertad,Trujillo,Victor Larco Herrera,GRIFOS AERIUS S.A.C.,Diesel DB5,24.99
2026-08-24,La Libertad,Trujillo,Victor Larco Herrera,SEMAR SAC,Diesel DB5,24.55
2026-08-24,La Libertad,Trujillo,Victor Larco Herrera,C.A. LOAYZA S.R.LTDA,Gasolina Premium,22.49
2026-08-24,La Libertad,Trujillo,Victor Larco Herrera,COESTI S.A.  ULTRACOM EVITAMIENTO,Gasolina Premium,23.49
2026-08-24,La Libertad,Trujillo,Victor Larco Herrera,COMPAÑIA PERUANA DE PETROLEO GAS Y GASOLINA S.A.C,Gasolina Premium,22.66
2026-08-24,La Libertad,Trujillo,Victor Larco Herrera,EMPRESA DE TRANSPORTES ACUARIO SAC,Gasolina Premium,21.50
2026-08-24,La Libertad,Trujillo,Victor Larco Herrera,ESTACION DE SERVICIOS KALIN CALIFORNIA S.A.C.,Gasolina Premium,22.45
2026-08-24,La Libertad,Trujillo,Victor Larco Herrera,ESTACION DE SERVICIOS SAN JOSE S.R.L.,Gasolina Premium,21.90
2026-08-24,La Libertad,Trujillo,Victor Larco Herrera,GLOBAL FUEL S.A.,Gasolina Premium,26.99
2026-08-24,La Libertad,Trujillo,Victor Larco Herrera,GRIFO ORO POINT S.A.C.,Gasolina Premium,22.99
2026-08-24,La Libertad,Trujillo,Victor Larco Herrera,GRIFO PUNTO DE ORO E.I.R.L,Gasolina Premium,22.99
2026-08-24,La Libertad,Trujillo,Victor Larco Herrera,GRIFO VELOCITY EIRL,Gasolina Premium,22.99
2026-08-24,La Libertad,Trujillo,Victor Larco Herrera,GRIFOS AERIUS S.A.C.,Gasolina Premium,22.99
2026-08-24,La Libertad,Trujillo,Victor Larco Herrera,SEMAR SAC,Gasolina Premium,21.90
2026-08-24,La Libertad,Trujillo,Victor Larco Herrera,C.A. LOAYZA S.R.LTDA,Gasolina Regular,20.29
2026-08-24,La Libertad,Trujillo,Victor Larco Herrera,COESTI S.A.  ULTRACOM EVITAMIENTO,Gasolina Regular,22.19
2026-08-24,La Libertad,Trujillo,Victor Larco Herrera,COMPAÑIA PERUANA DE PETROLEO GAS Y GASOLINA S.A.C,Gasolina Regular,20.66
2026-08-24,La Libertad,Trujillo,Victor Larco Herrera,EMPRESA DE TRANSPORTES ACUARIO SAC,Gasolina Regular,20.50
2026-08-24,La Libertad,Trujillo,Victor Larco Herrera,ESTACION DE SERVICIOS KALIN CALIFORNIA S.A.C.,Gasolina Regular,20.50
2026-08-24,La Libertad,Trujillo,Victor Larco Herrera,ESTACION DE SERVICIOS SAN JOSE S.R.L.,Gasolina Regular,20.50
2026-08-24,La Libertad,Trujillo,Victor Larco Herrera,GLOBAL FUEL S.A.,Gasolina Regular,23.99
2026-08-24,La Libertad,Trujillo,Victor Larco Herrera,GRIFO ORO POINT S.A.C.,Gasolina Regular,21.99
2026-08-24,La Libertad,Trujillo,Victor Larco Herrera,GRIFO PUNTO DE ORO E.I.R.L,Gasolina Regular,21.99
2026-08-24,La Libertad,Trujillo,Victor Larco Herrera,GRIFO VELOCITY EIRL,Gasolina Regular,21.99
2026-08-24,La Libertad,Trujillo,Victor Larco Herrera,GRIFOS AERIUS S.A.C.,Gasolina Regular,21.99
2026-08-24,La Libertad,Trujillo,Victor Larco Herrera,SEMAR SAC,Gasolina Regular,20.45
2026-08-24,La Libertad,Viru,Chao,CUEVA TAVERA S.A.C.,Diesel DB5,24.29
2026-08-24,La Libertad,Viru,Chao,INVERSIONES GRAN CHIMU S.A.C.,Diesel DB5,25.99
2026-08-24,La Libertad,Viru,Chao,LAZMOR E.I.R.L.,Diesel DB5,24.66
2026-08-24,La Libertad,Viru,Chao,SERVICENTRO RAMIREZ SAC,Diesel DB5,24.59
2026-08-24,La Libertad,Viru,Chao,CUEVA TAVERA S.A.C.,Gasolina Premium,21.99
2026-08-24,La Libertad,Viru,Chao,INVERSIONES GRAN CHIMU S.A.C.,Gasolina Premium,23.79
2026-08-24,La Libertad,Viru,Chao,LAZMOR E.I.R.L.,Gasolina Premium,22.37
2026-08-24,La Libertad,Viru,Chao,SERVICENTRO RAMIREZ SAC,Gasolina Premium,21.96
2026-08-24,La Libertad,Viru,Chao,CUEVA TAVERA S.A.C.,Gasolina Regular,20.99
2026-08-24,La Libertad,Viru,Chao,INVERSIONES GRAN CHIMU S.A.C.,Gasolina Regular,22.49
2026-08-24,La Libertad,Viru,Chao,LAZMOR E.I.R.L.,Gasolina Regular,21.29
2026-08-24,La Libertad,Viru,Chao,SERVICENTRO RAMIREZ SAC,Gasolina Regular,20.95
2026-08-24,La Libertad,Viru,Viru,CONSORCIO MARISSA S.A.C.,Diesel DB5,26.20
2026-08-24,La Libertad,Viru,Viru,GRIFO 31 DE MAYO,Diesel DB5,26.09
2026-08-24,La Libertad,Viru,Viru,GRIFO Y ESTACION DE SERVICIOS VIRU S.A.C.,Diesel DB5,25.75
2026-08-24,La Libertad,Viru,Viru,GRILUSE S.R.L.,Diesel DB5,26.49
2026-08-24,La Libertad,Viru,Viru,PETROCENTRO ESTACION N° 1 S.A.C.,Diesel DB5,26.50
2026-08-24,La Libertad,Viru,Viru,PETRONEX PERU S.A.C.,Diesel DB5,26.49
2026-08-24,La Libertad,Viru,Viru,SERVICENTRO FASTROL E.I.R.L.,Diesel DB5,25.99
2026-08-24,La Libertad,Viru,Viru,SERVICENTRO GRAN CHIMU S.R.L.,Diesel DB5,25.99
2026-08-24,La Libertad,Viru,Viru,CONSORCIO MARISSA S.A.C.,Gasolina Premium,23.30
2026-08-24,La Libertad,Viru,Viru,GRIFO 31 DE MAYO,Gasolina Premium,23.79
2026-08-24,La Libertad,Viru,Viru,GRIFO Y ESTACION DE SERVICIOS VIRU S.A.C.,Gasolina Premium,23.20
2026-08-24,La Libertad,Viru,Viru,GRILUSE S.R.L.,Gasolina Premium,23.49
2026-08-24,La Libertad,Viru,Viru,PETROCENTRO ESTACION N° 1 S.A.C.,Gasolina Premium,23.49
2026-08-24,La Libertad,Viru,Viru,PETRONEX PERU S.A.C.,Gasolina Premium,23.48
2026-08-24,La Libertad,Viru,Viru,SERVICENTRO FASTROL E.I.R.L.,Gasolina Premium,23.29
2026-08-24,La Libertad,Viru,Viru,SERVICENTRO GRAN CHIMU S.R.L.,Gasolina Premium,23.79
2026-08-24,La Libertad,Viru,Viru,CONSORCIO MARISSA S.A.C.,Gasolina Regular,22.30
2026-08-24,La Libertad,Viru,Viru,GRIFO 31 DE MAYO,Gasolina Regular,22.49
2026-08-24,La Libertad,Viru,Viru,GRIFO Y ESTACION DE SERVICIOS VIRU S.A.C.,Gasolina Regular,22.20
2026-08-24,La Libertad,Viru,Viru,GRILUSE S.R.L.,Gasolina Regular,22.49
2026-08-24,La Libertad,Viru,Viru,PETROCENTRO ESTACION N° 1 S.A.C.,Gasolina Regular,22.49
2026-08-24,La Libertad,Viru,Viru,PETRONEX PERU S.A.C.,Gasolina Regular,22.48
2026-08-24,La Libertad,Viru,Viru,SERVICENTRO FASTROL E.I.R.L.,Gasolina Regular,22.29
2026-08-24,La Libertad,Viru,Viru,SERVICENTRO GRAN CHIMU S.R.L.,Gasolina Regular,22.49
2026-08-24,Ica,Chincha,Alto Laran,ESTACION DE SERVICIOS DANIELA S.A.,Diesel DB5,24.78
2026-08-24,Ica,Chincha,Alto Laran,SERVICENTRO Y SERVICIO MULTIPLE SAN CRISTOBAL E.I.R.L.,Diesel DB5,25.10
2026-08-24,Ica,Chincha,Alto Laran,VERONICA MAGALY MESIAS ANTON,Diesel DB5,24.69
2026-08-24,Ica,Chincha,Alto Laran,ESTACION DE SERVICIOS DANIELA S.A.,Gasolina Premium,21.42
2026-08-24,Ica,Chincha,Alto Laran,SERVICENTRO Y SERVICIO MULTIPLE SAN CRISTOBAL E.I.R.L.,Gasolina Premium,21.70
2026-08-24,Ica,Chincha,Alto Laran,ESTACION DE SERVICIOS DANIELA S.A.,Gasolina Regular,19.96
2026-08-24,Ica,Chincha,Alto Laran,SERVICENTRO Y SERVICIO MULTIPLE SAN CRISTOBAL E.I.R.L.,Gasolina Regular,21.00
2026-08-24,Ica,Chincha,Alto Laran,VERONICA MAGALY MESIAS ANTON,Gasolina Regular,20.99
2026-08-24,Ica,Chincha,Chincha Alta,BENYKENT SAC,Diesel DB5,24.99
2026-08-24,Ica,Chincha,Chincha Alta,COESTI S.A,Diesel DB5,24.25
2026-08-24,Ica,Chincha,Chincha Alta,COMBSUR SAC,Diesel DB5,23.89
2026-08-24,Ica,Chincha,Chincha Alta,ESCOH S.A.C.,Diesel DB5,24.25
2026-08-24,Ica,Chincha,Chincha Alta,ESTACION CHINCHA S.A.C.,Diesel DB5,24.37
2026-08-24,Ica,Chincha,Chincha Alta,GRUPO SANCHEZ S.A.C.,Diesel DB5,24.20
2026-08-24,Ica,Chincha,Chincha Alta,INVERSIONES CP SERVICIOS GENERALES S.A.C.,Diesel DB5,23.69
2026-08-24,Ica,Chincha,Chincha Alta,INVERSIONES VERASUR EIRL,Diesel DB5,24.20
2026-08-24,Ica,Chincha,Chincha Alta,INVERSIONES VILLAVICENCIO & HNOS S.A.C.,Diesel DB5,24.69
2026-08-24,Ica,Chincha,Chincha Alta,LUIS ALBERTO DOMINGO SÁNCHEZ ACEVEDO,Diesel DB5,24.49
2026-08-24,Ica,Chincha,Chincha Alta,MULTISERVICIOS ECOGAS S.A.C.,Diesel DB5,24.29
2026-08-24,Ica,Chincha,Chincha Alta,NAGIBE ESTACION EIRL,Diesel DB5,23.99
2026-08-24,Ica,Chincha,Chincha Alta,SERGAS COMBUSTIBLE S.A.C.,Diesel DB5,24.35
2026-08-24,Ica,Chincha,Chincha Alta,SERVICENTRO SAPORO SAC,Diesel DB5,24.19
2026-08-24,Ica,Chincha,Chincha Alta,SUPER GRIFO CHINCHA  S.A.C.,Diesel DB5,24.59
2026-08-24,Ica,Chincha,Chincha Alta,SUPER GRIFO CHINCHA SAC,Diesel DB5,24.59
2026-08-24,Ica,Chincha,Chincha Alta,VIRTUAL GAS S.A.C.,Diesel DB5,23.99
2026-08-24,Ica,Chincha,Chincha Alta,BENYKENT SAC,Gasolina Premium,20.99
2026-08-24,Ica,Chincha,Chincha Alta,COESTI S.A,Gasolina Premium,21.45
2026-08-24,Ica,Chincha,Chincha Alta,COMBSUR SAC,Gasolina Premium,21.49
2026-08-24,Ica,Chincha,Chincha Alta,ESCOH S.A.C.,Gasolina Premium,21.45
2026-08-24,Ica,Chincha,Chincha Alta,ESTACION CHINCHA S.A.C.,Gasolina Premium,21.49
2026-08-24,Ica,Chincha,Chincha Alta,GRUPO SANCHEZ S.A.C.,Gasolina Premium,22.70
2026-08-24,Ica,Chincha,Chincha Alta,INVERSIONES CP SERVICIOS GENERALES S.A.C.,Gasolina Premium,20.99
2026-08-24,Ica,Chincha,Chincha Alta,INVERSIONES VERASUR EIRL,Gasolina Premium,20.99
2026-08-24,Ica,Chincha,Chincha Alta,INVERSIONES VILLAVICENCIO & HNOS S.A.C.,Gasolina Premium,21.65
2026-08-24,Ica,Chincha,Chincha Alta,LUIS ALBERTO DOMINGO SÁNCHEZ ACEVEDO,Gasolina Premium,21.99
2026-08-24,Ica,Chincha,Chincha Alta,MULTISERVICIOS ECOGAS S.A.C.,Gasolina Premium,21.29
2026-08-24,Ica,Chincha,Chincha Alta,NAGIBE ESTACION EIRL,Gasolina Premium,20.99
2026-08-24,Ica,Chincha,Chincha Alta,SERGAS COMBUSTIBLE S.A.C.,Gasolina Premium,21.59
2026-08-24,Ica,Chincha,Chincha Alta,SERVICENTRO SAPORO SAC,Gasolina Premium,20.89
2026-08-24,Ica,Chincha,Chincha Alta,SUPER GRIFO CHINCHA  S.A.C.,Gasolina Premium,21.29
2026-08-24,Ica,Chincha,Chincha Alta,SUPER GRIFO CHINCHA SAC,Gasolina Premium,21.29
2026-08-24,Ica,Chincha,Chincha Alta,VIRTUAL GAS S.A.C.,Gasolina Premium,20.99
2026-08-24,Ica,Chincha,Chincha Alta,BENYKENT SAC,Gasolina Regular,19.99
2026-08-24,Ica,Chincha,Chincha Alta,COESTI S.A,Gasolina Regular,20.45
2026-08-24,Ica,Chincha,Chincha Alta,COMBSUR SAC,Gasolina Regular,20.49
2026-08-24,Ica,Chincha,Chincha Alta,ESCOH S.A.C.,Gasolina Regular,20.45
2026-08-24,Ica,Chincha,Chincha Alta,ESTACION CHINCHA S.A.C.,Gasolina Regular,20.39
2026-08-24,Ica,Chincha,Chincha Alta,GRUPO SANCHEZ S.A.C.,Gasolina Regular,21.40
2026-08-24,Ica,Chincha,Chincha Alta,INVERSIONES CP SERVICIOS GENERALES S.A.C.,Gasolina Regular,19.69
2026-08-24,Ica,Chincha,Chincha Alta,INVERSIONES VERASUR EIRL,Gasolina Regular,19.99
2026-08-24,Ica,Chincha,Chincha Alta,INVERSIONES VILLAVICENCIO & HNOS S.A.C.,Gasolina Regular,20.95
2026-08-24,Ica,Chincha,Chincha Alta,LUIS ALBERTO DOMINGO SÁNCHEZ ACEVEDO,Gasolina Regular,21.19
2026-08-24,Ica,Chincha,Chincha Alta,MULTISERVICIOS ECOGAS S.A.C.,Gasolina Regular,19.99
2026-08-24,Ica,Chincha,Chincha Alta,NAGIBE ESTACION EIRL,Gasolina Regular,19.99
2026-08-24,Ica,Chincha,Chincha Alta,SERGAS COMBUSTIBLE S.A.C.,Gasolina Regular,20.89
2026-08-24,Ica,Chincha,Chincha Alta,SERVICENTRO SAPORO SAC,Gasolina Regular,19.79
2026-08-24,Ica,Chincha,Chincha Alta,SUPER GRIFO CHINCHA  S.A.C.,Gasolina Regular,20.29
2026-08-24,Ica,Chincha,Chincha Alta,SUPER GRIFO CHINCHA SAC,Gasolina Regular,20.29
2026-08-24,Ica,Chincha,Chincha Alta,VIRTUAL GAS S.A.C.,Gasolina Regular,18.99
2026-08-24,Ica,Chincha,Chincha Baja,CORPORACION UNO S.A.,Diesel DB5,24.45
2026-08-24,Ica,Chincha,Chincha Baja,ENERGIGAS S.A.C.,Diesel DB5,23.49
2026-08-24,Ica,Chincha,Chincha Baja,GRIFOS CARU SRL,Diesel DB5,24.42
2026-08-24,Ica,Chincha,Chincha Baja,MULTISERVICIOS ECOGAS S.A.C.,Diesel DB5,23.99
2026-08-24,Ica,Chincha,Chincha Baja,CORPORACION UNO S.A.,Gasolina Premium,21.31
2026-08-24,Ica,Chincha,Chincha Baja,ENERGIGAS S.A.C.,Gasolina Premium,20.89
2026-08-24,Ica,Chincha,Chincha Baja,GRIFOS CARU SRL,Gasolina Premium,21.98
2026-08-24,Ica,Chincha,Chincha Baja,MULTISERVICIOS ECOGAS S.A.C.,Gasolina Premium,20.89
2026-08-24,Ica,Chincha,Chincha Baja,CORPORACION UNO S.A.,Gasolina Regular,19.95
2026-08-24,Ica,Chincha,Chincha Baja,ENERGIGAS S.A.C.,Gasolina Regular,19.89
2026-08-24,Ica,Chincha,Chincha Baja,GRIFOS CARU SRL,Gasolina Regular,21.92
2026-08-24,Ica,Chincha,Chincha Baja,MULTISERVICIOS ECOGAS S.A.C.,Gasolina Regular,19.75
2026-08-24,Ica,Chincha,El Carmen,CORPORACION Y SERVICIOS EL SALVADOR S.A.C.,Diesel DB5,24.19
2026-08-24,Ica,Chincha,El Carmen,EMPRESA DE TRANSPORTES SAGRADO CORAZON DE JESUS S.A,Diesel DB5,24.50
2026-08-24,Ica,Chincha,El Carmen,GRIFO DEL CARMEN NUEVA PANAMERICANA S.A.C.,Diesel DB5,23.69
2026-08-24,Ica,Chincha,El Carmen,CORPORACION Y SERVICIOS EL SALVADOR S.A.C.,Gasolina Premium,22.59
2026-08-24,Ica,Chincha,El Carmen,GRIFO DEL CARMEN NUEVA PANAMERICANA S.A.C.,Gasolina Premium,22.09
2026-08-24,Ica,Chincha,El Carmen,CORPORACION Y SERVICIOS EL SALVADOR S.A.C.,Gasolina Regular,21.59
2026-08-24,Ica,Chincha,El Carmen,EMPRESA DE TRANSPORTES SAGRADO CORAZON DE JESUS S.A,Gasolina Regular,21.60
2026-08-24,Ica,Chincha,El Carmen,GRIFO DEL CARMEN NUEVA PANAMERICANA S.A.C.,Gasolina Regular,20.99
2026-08-24,Ica,Chincha,Grocio Prado,ESTACION DE SERVICIO SAN CRISTOBAL S.A.C,Diesel DB5,24.10
2026-08-24,Ica,Chincha,Grocio Prado,ESTACION DE SERVICIOS GENERALES CHAVIN S.A.C,Diesel DB5,24.19
2026-08-24,Ica,Chincha,Grocio Prado,GLOBAL FUEL SOCIEDAD ANONIMA,Diesel DB5,24.69
2026-08-24,Ica,Chincha,Grocio Prado,INVERSIONES & NEGOCIOS ADELIR E.I.R.L.,Diesel DB5,24.20
2026-08-24,Ica,Chincha,Grocio Prado,SERG & H GAS S.A.C.,Diesel DB5,24.59
2026-08-24,Ica,Chincha,Grocio Prado,SERVICENTRO ORDESUR S.A.C.,Diesel DB5,24.15
2026-08-24,Ica,Chincha,Grocio Prado,TORRES BARRIOS SANTIAGO,Diesel DB5,24.15
2026-08-24,Ica,Chincha,Grocio Prado,ESTACION DE SERVICIO SAN CRISTOBAL S.A.C,Gasolina Premium,22.70
2026-08-24,Ica,Chincha,Grocio Prado,ESTACION DE SERVICIOS GENERALES CHAVIN S.A.C,Gasolina Premium,21.29
2026-08-24,Ica,Chincha,Grocio Prado,GLOBAL FUEL SOCIEDAD ANONIMA,Gasolina Premium,21.09
2026-08-24,Ica,Chincha,Grocio Prado,INVERSIONES & NEGOCIOS ADELIR E.I.R.L.,Gasolina Premium,21.99
2026-08-24,Ica,Chincha,Grocio Prado,SERG & H GAS S.A.C.,Gasolina Premium,21.49
2026-08-24,Ica,Chincha,Grocio Prado,SERVICENTRO ORDESUR S.A.C.,Gasolina Premium,21.35
2026-08-24,Ica,Chincha,Grocio Prado,TORRES BARRIOS SANTIAGO,Gasolina Premium,21.35
2026-08-24,Ica,Chincha,Grocio Prado,ESTACION DE SERVICIO SAN CRISTOBAL S.A.C,Gasolina Regular,21.40
2026-08-24,Ica,Chincha,Grocio Prado,ESTACION DE SERVICIOS GENERALES CHAVIN S.A.C,Gasolina Regular,20.39
2026-08-24,Ica,Chincha,Grocio Prado,GLOBAL FUEL SOCIEDAD ANONIMA,Gasolina Regular,19.99
2026-08-24,Ica,Chincha,Grocio Prado,INVERSIONES & NEGOCIOS ADELIR E.I.R.L.,Gasolina Regular,20.99
2026-08-24,Ica,Chincha,Grocio Prado,SERG & H GAS S.A.C.,Gasolina Regular,20.59
2026-08-24,Ica,Chincha,Grocio Prado,SERVICENTRO ORDESUR S.A.C.,Gasolina Regular,20.45
2026-08-24,Ica,Chincha,Grocio Prado,TORRES BARRIOS SANTIAGO,Gasolina Regular,20.43
2026-08-24,Ica,Chincha,Pueblo Nuevo,ESTACION BIO GASOL E.I.R.L.,Diesel DB5,24.29
2026-08-24,Ica,Chincha,Pueblo Nuevo,ESTACION DE SERVICIOS GRUPO SAN CARLOS S.A.C.,Diesel DB5,23.99
2026-08-24,Ica,Chincha,Pueblo Nuevo,GRIFO TICO TICO SAC,Diesel DB5,24.79
2026-08-24,Ica,Chincha,Pueblo Nuevo,INVERSIONES MULTIGRIFOS ASOCIADOS S.A.C.,Diesel DB5,23.59
2026-08-24,Ica,Chincha,Pueblo Nuevo,SERGAS CHINCHA S.A.C.,Diesel DB5,24.35
2026-08-24,Ica,Chincha,Pueblo Nuevo,ESTACION BIO GASOL E.I.R.L.,Gasolina Premium,21.29
2026-08-24,Ica,Chincha,Pueblo Nuevo,ESTACION DE SERVICIOS GRUPO SAN CARLOS S.A.C.,Gasolina Premium,21.47
2026-08-24,Ica,Chincha,Pueblo Nuevo,GRIFO TICO TICO SAC,Gasolina Premium,21.69
2026-08-24,Ica,Chincha,Pueblo Nuevo,INVERSIONES MULTIGRIFOS ASOCIADOS S.A.C.,Gasolina Premium,21.37
2026-08-24,Ica,Chincha,Pueblo Nuevo,SERGAS CHINCHA S.A.C.,Gasolina Premium,21.59
2026-08-24,Ica,Chincha,Pueblo Nuevo,ESTACION BIO GASOL E.I.R.L.,Gasolina Regular,20.59
2026-08-24,Ica,Chincha,Pueblo Nuevo,ESTACION DE SERVICIOS GRUPO SAN CARLOS S.A.C.,Gasolina Regular,20.69
2026-08-24,Ica,Chincha,Pueblo Nuevo,GRIFO TICO TICO SAC,Gasolina Regular,20.99
2026-08-24,Ica,Chincha,Pueblo Nuevo,INVERSIONES MULTIGRIFOS ASOCIADOS S.A.C.,Gasolina Regular,20.83
2026-08-24,Ica,Chincha,Pueblo Nuevo,SERGAS CHINCHA S.A.C.,Gasolina Regular,20.69
2026-08-24,Ica,Chincha,Sunampe,COESTI S.A.,Diesel DB5,24.35
2026-08-24,Ica,Chincha,Sunampe,ESTACION DE SERVICIOS MONTE EVEREST S.A.C.,Diesel DB5,23.98
2026-08-24,Ica,Chincha,Sunampe,ESTACION YOKOHAMA S.A.C.,Diesel DB5,24.15
2026-08-24,Ica,Chincha,Sunampe,MULTISERVICIOS ECOGAS S.A.C.,Diesel DB5,23.99
2026-08-24,Ica,Chincha,Sunampe,SERVICENTRO SUNAMPE SAC,Diesel DB5,24.59
2026-08-24,Ica,Chincha,Sunampe,COESTI S.A.,Gasolina Premium,21.49
2026-08-24,Ica,Chincha,Sunampe,ESTACION DE SERVICIOS MONTE EVEREST S.A.C.,Gasolina Premium,20.99
2026-08-24,Ica,Chincha,Sunampe,ESTACION YOKOHAMA S.A.C.,Gasolina Premium,21.35
2026-08-24,Ica,Chincha,Sunampe,MULTISERVICIOS ECOGAS S.A.C.,Gasolina Premium,20.89
2026-08-24,Ica,Chincha,Sunampe,SERVICENTRO SUNAMPE SAC,Gasolina Premium,21.49
2026-08-24,Ica,Chincha,Sunampe,COESTI S.A.,Gasolina Regular,20.49
2026-08-24,Ica,Chincha,Sunampe,ESTACION DE SERVICIOS MONTE EVEREST S.A.C.,Gasolina Regular,19.89
2026-08-24,Ica,Chincha,Sunampe,ESTACION YOKOHAMA S.A.C.,Gasolina Regular,20.45
2026-08-24,Ica,Chincha,Sunampe,MULTISERVICIOS ECOGAS S.A.C.,Gasolina Regular,19.75
2026-08-24,Ica,Chincha,Sunampe,SERVICENTRO SUNAMPE SAC,Gasolina Regular,20.59
2026-08-24,Ica,Ica,Ica,ABSAMI COMBUSTIBLES EIRL,Diesel DB5,23.29
2026-08-24,Ica,Ica,Ica,COMERCIALIZADORA DE COMBUSTIBLES TRIVE&NTILDE;O S.A.C.,Diesel DB5,24.81
2026-08-24,Ica,Ica,Ica,COMERCIALIZADORA DE COMBUSTIBLES TRIVE&NTILDE;O S.A.C.,Diesel DB5,24.81
2026-08-24,Ica,Ica,Ica,CORPORACION PERUANA DE COMMODITIES SOCIEDAD ANONIMA CERRADA,Diesel DB5,23.49
2026-08-24,Ica,Ica,Ica,EL OASIS DE ICA S.A.C.,Diesel DB5,22.75
2026-08-24,Ica,Ica,Ica,ESCOH S.A.C.,Diesel DB5,24.45
2026-08-24,Ica,Ica,Ica,ESTACION DE SERVICIO LA FLORIDA-ICA S.A.C.,Diesel DB5,24.98
2026-08-24,Ica,Ica,Ica,ESTACION DE SERVICIOS  UNO GAS,Diesel DB5,23.38
2026-08-24,Ica,Ica,Ica,ESTACION DE SERVICIOS CRUCE SAN JOAQUIN S.A.C.,Diesel DB5,23.99
2026-08-24,Ica,Ica,Ica,ESTACION DE SERVICIOS ICA,Diesel DB5,23.05
2026-08-24,Ica,Ica,Ica,ESTACION DE SERVICIOS LOS PATOS SAC,Diesel DB5,22.79
2026-08-24,Ica,Ica,Ica,ESTACION DE SERVICIOS VILLACURI,Diesel DB5,22.84
2026-08-24,Ica,Ica,Ica,ESTACION EL OVALO EIRL,Diesel DB5,23.60
2026-08-24,Ica,Ica,Ica,ESTACION PACIFICO S.A.C.,Diesel DB5,24.79
2026-08-24,Ica,Ica,Ica,ESTACION SAN MARTIN SAC,Diesel DB5,24.30
2026-08-24,Ica,Ica,Ica,GAS PERU & J.B SOCIEDAD ANONIMA CERRADA,Diesel DB5,23.19
2026-08-24,Ica,Ica,Ica,GAS PERU SAN JOAQUIN S.A.C.,Diesel DB5,23.35
2026-08-24,Ica,Ica,Ica,GRIFO HUACACHINA SAC,Diesel DB5,24.09
2026-08-24,Ica,Ica,Ica,GRIFO PACIFICO,Diesel DB5,25.29
2026-08-24,Ica,Ica,Ica,GRIFO TACNA ICA,Diesel DB5,23.99
2026-08-24,Ica,Ica,Ica,GRIFO VELOZ,Diesel DB5,23.99
2026-08-24,Ica,Ica,Ica,LA ESPERANZA S.A.,Diesel DB5,24.89
2026-08-24,Ica,Ica,Ica,LC OPERADOR DE COMBUSTIBLE,Diesel DB5,23.40
2026-08-24,Ica,Ica,Ica,NEGOCIACION KIO SOCIEDAD ANONIMA CERRADA,Diesel DB5,23.45
2026-08-24,Ica,Ica,Ica,UNO GAS SAN MARTIN,Diesel DB5,23.39
2026-08-24,Ica,Ica,Ica,ABSAMI COMBUSTIBLES EIRL,Gasolina Premium,20.79
2026-08-24,Ica,Ica,Ica,COMERCIALIZADORA DE COMBUSTIBLES TRIVE&NTILDE;O S.A.C.,Gasolina Premium,21.56
2026-08-24,Ica,Ica,Ica,COMERCIALIZADORA DE COMBUSTIBLES TRIVE&NTILDE;O S.A.C.,Gasolina Premium,21.56
2026-08-24,Ica,Ica,Ica,CORPORACION PERUANA DE COMMODITIES SOCIEDAD ANONIMA CERRADA,Gasolina Premium,20.85
2026-08-24,Ica,Ica,Ica,EL OASIS DE ICA S.A.C.,Gasolina Premium,19.99
2026-08-24,Ica,Ica,Ica,ESCOH S.A.C.,Gasolina Premium,21.65
2026-08-24,Ica,Ica,Ica,ESTACION DE SERVICIO LA FLORIDA-ICA S.A.C.,Gasolina Premium,22.98
2026-08-24,Ica,Ica,Ica,ESTACION DE SERVICIOS  UNO GAS,Gasolina Premium,21.55
2026-08-24,Ica,Ica,Ica,ESTACION DE SERVICIOS CRUCE SAN JOAQUIN S.A.C.,Gasolina Premium,20.49
2026-08-24,Ica,Ica,Ica,ESTACION DE SERVICIOS ICA,Gasolina Premium,20.85
2026-08-24,Ica,Ica,Ica,ESTACION DE SERVICIOS LOS PATOS SAC,Gasolina Premium,20.63
2026-08-24,Ica,Ica,Ica,ESTACION DE SERVICIOS VILLACURI,Gasolina Premium,20.25
2026-08-24,Ica,Ica,Ica,ESTACION EL OVALO EIRL,Gasolina Premium,20.80
2026-08-24,Ica,Ica,Ica,ESTACION PACIFICO S.A.C.,Gasolina Premium,22.29
2026-08-24,Ica,Ica,Ica,ESTACION SAN MARTIN SAC,Gasolina Premium,21.60
2026-08-24,Ica,Ica,Ica,GAS PERU & J.B SOCIEDAD ANONIMA CERRADA,Gasolina Premium,20.49
2026-08-24,Ica,Ica,Ica,GAS PERU SAN JOAQUIN S.A.C.,Gasolina Premium,20.54
2026-08-24,Ica,Ica,Ica,GRIFO HUACACHINA SAC,Gasolina Premium,21.09
2026-08-24,Ica,Ica,Ica,GRIFO PACIFICO,Gasolina Premium,21.99
2026-08-24,Ica,Ica,Ica,GRIFO TACNA ICA,Gasolina Premium,20.99
2026-08-24,Ica,Ica,Ica,GRIFO VELOZ,Gasolina Premium,20.99
2026-08-24,Ica,Ica,Ica,LA ESPERANZA S.A.,Gasolina Premium,22.99
2026-08-24,Ica,Ica,Ica,LC OPERADOR DE COMBUSTIBLE,Gasolina Premium,21.50
2026-08-24,Ica,Ica,Ica,NEGOCIACION KIO SOCIEDAD ANONIMA CERRADA,Gasolina Premium,20.25
2026-08-24,Ica,Ica,Ica,UNO GAS SAN MARTIN,Gasolina Premium,21.19
2026-08-24,Ica,Ica,Ica,ABSAMI COMBUSTIBLES EIRL,Gasolina Regular,19.99
2026-08-24,Ica,Ica,Ica,COMERCIALIZADORA DE COMBUSTIBLES TRIVE&NTILDE;O S.A.C.,Gasolina Regular,20.63
2026-08-24,Ica,Ica,Ica,COMERCIALIZADORA DE COMBUSTIBLES TRIVE&NTILDE;O S.A.C.,Gasolina Regular,20.63
2026-08-24,Ica,Ica,Ica,CORPORACION PERUANA DE COMMODITIES SOCIEDAD ANONIMA CERRADA,Gasolina Regular,19.75
2026-08-24,Ica,Ica,Ica,EL OASIS DE ICA S.A.C.,Gasolina Regular,18.99
2026-08-24,Ica,Ica,Ica,ESCOH S.A.C.,Gasolina Regular,20.65
2026-08-24,Ica,Ica,Ica,ESTACION DE SERVICIO LA FLORIDA-ICA S.A.C.,Gasolina Regular,21.98
2026-08-24,Ica,Ica,Ica,ESTACION DE SERVICIOS  UNO GAS,Gasolina Regular,20.55
2026-08-24,Ica,Ica,Ica,ESTACION DE SERVICIOS CRUCE SAN JOAQUIN S.A.C.,Gasolina Regular,19.79
2026-08-24,Ica,Ica,Ica,ESTACION DE SERVICIOS ICA,Gasolina Regular,19.09
2026-08-24,Ica,Ica,Ica,ESTACION DE SERVICIOS LOS PATOS SAC,Gasolina Regular,19.52
2026-08-24,Ica,Ica,Ica,ESTACION DE SERVICIOS VILLACURI,Gasolina Regular,19.68
2026-08-24,Ica,Ica,Ica,ESTACION EL OVALO EIRL,Gasolina Regular,20.00
2026-08-24,Ica,Ica,Ica,ESTACION PACIFICO S.A.C.,Gasolina Regular,19.99
2026-08-24,Ica,Ica,Ica,ESTACION SAN MARTIN SAC,Gasolina Regular,20.90
2026-08-24,Ica,Ica,Ica,GAS PERU & J.B SOCIEDAD ANONIMA CERRADA,Gasolina Regular,19.49
2026-08-24,Ica,Ica,Ica,GAS PERU SAN JOAQUIN S.A.C.,Gasolina Regular,19.35
2026-08-24,Ica,Ica,Ica,GRIFO HUACACHINA SAC,Gasolina Regular,20.29
2026-08-24,Ica,Ica,Ica,GRIFO PACIFICO,Gasolina Regular,20.99
2026-08-24,Ica,Ica,Ica,GRIFO TACNA ICA,Gasolina Regular,19.99
2026-08-24,Ica,Ica,Ica,GRIFO VELOZ,Gasolina Regular,19.99
2026-08-24,Ica,Ica,Ica,LA ESPERANZA S.A.,Gasolina Regular,21.99
2026-08-24,Ica,Ica,Ica,LC OPERADOR DE COMBUSTIBLE,Gasolina Regular,20.80
2026-08-24,Ica,Ica,Ica,NEGOCIACION KIO SOCIEDAD ANONIMA CERRADA,Gasolina Regular,19.35
2026-08-24,Ica,Ica,Ica,UNO GAS SAN MARTIN,Gasolina Regular,20.09
2026-08-24,Ica,Ica,La Tinguiña,ESTACION DE SERVICIO LA FLORIDA LOS LUNAS S.A.C.,Diesel DB5,22.98
2026-08-24,Ica,Ica,La Tinguiña,ESTACION DE SERVICIOS MANCHEGO SRL,Diesel DB5,23.99
2026-08-24,Ica,Ica,La Tinguiña,ESTACION DE SERVICIOS VIRGEN DE LAS NIEVES S.A.C.,Diesel DB5,23.79
2026-08-24,Ica,Ica,La Tinguiña,ESTACION FINLANDIA EIRL,Diesel DB5,22.99
2026-08-24,Ica,Ica,La Tinguiña,GLOBAL FUEL SOCIEDAD ANONIMA,Diesel DB5,24.29
2026-08-24,Ica,Ica,La Tinguiña,REPRESENTACIONES ALPA,Diesel DB5,23.99
2026-08-24,Ica,Ica,La Tinguiña,ESTACION DE SERVICIO LA FLORIDA LOS LUNAS S.A.C.,Gasolina Premium,20.98
2026-08-24,Ica,Ica,La Tinguiña,ESTACION DE SERVICIOS MANCHEGO SRL,Gasolina Premium,21.45
2026-08-24,Ica,Ica,La Tinguiña,ESTACION DE SERVICIOS VIRGEN DE LAS NIEVES S.A.C.,Gasolina Premium,21.09
2026-08-24,Ica,Ica,La Tinguiña,ESTACION FINLANDIA EIRL,Gasolina Premium,20.99
2026-08-24,Ica,Ica,La Tinguiña,GLOBAL FUEL SOCIEDAD ANONIMA,Gasolina Premium,21.29
2026-08-24,Ica,Ica,La Tinguiña,REPRESENTACIONES ALPA,Gasolina Premium,21.39
2026-08-24,Ica,Ica,La Tinguiña,ESTACION DE SERVICIO LA FLORIDA LOS LUNAS S.A.C.,Gasolina Regular,20.08
2026-08-24,Ica,Ica,La Tinguiña,ESTACION DE SERVICIOS MANCHEGO SRL,Gasolina Regular,20.60
2026-08-24,Ica,Ica,La Tinguiña,ESTACION DE SERVICIOS VIRGEN DE LAS NIEVES S.A.C.,Gasolina Regular,20.19
2026-08-24,Ica,Ica,La Tinguiña,ESTACION FINLANDIA EIRL,Gasolina Regular,20.09
2026-08-24,Ica,Ica,La Tinguiña,GLOBAL FUEL SOCIEDAD ANONIMA,Gasolina Regular,20.09
2026-08-24,Ica,Ica,La Tinguiña,REPRESENTACIONES ALPA,Gasolina Regular,20.49
2026-08-24,Ica,Ica,Los Aquijes,COESTI S.A.,Diesel DB5,23.15
2026-08-24,Ica,Ica,Los Aquijes,CONSORCIO ICA S.A.C.,Diesel DB5,22.99
2026-08-24,Ica,Ica,Los Aquijes,EL ROSARIO,Diesel DB5,22.79
2026-08-24,Ica,Ica,Los Aquijes,ESTACION DE SERVICIOS LOS BOSQUES,Diesel DB5,22.79
2026-08-24,Ica,Ica,Los Aquijes,MANTARI MANTARI JANETE SOLAIDA,Diesel DB5,22.75
2026-08-24,Ica,Ica,Los Aquijes,MULTISERVICIOS JD VENUS SRL,Diesel DB5,22.99
2026-08-24,Ica,Ica,Los Aquijes,SERVICENTRO LA FLORIDA SAC,Diesel DB5,23.78
2026-08-24,Ica,Ica,Los Aquijes,COESTI S.A.,Gasolina Premium,20.99
2026-08-24,Ica,Ica,Los Aquijes,CONSORCIO ICA S.A.C.,Gasolina Premium,20.79
2026-08-24,Ica,Ica,Los Aquijes,EL ROSARIO,Gasolina Premium,20.79
2026-08-24,Ica,Ica,Los Aquijes,ESTACION DE SERVICIOS LOS BOSQUES,Gasolina Premium,20.79
2026-08-24,Ica,Ica,Los Aquijes,MANTARI MANTARI JANETE SOLAIDA,Gasolina Premium,19.99
2026-08-24,Ica,Ica,Los Aquijes,MULTISERVICIOS JD VENUS SRL,Gasolina Premium,20.79
2026-08-24,Ica,Ica,Los Aquijes,SERVICENTRO LA FLORIDA SAC,Gasolina Premium,21.98
2026-08-24,Ica,Ica,Los Aquijes,CONSORCIO ICA S.A.C.,Gasolina Regular,19.99
2026-08-24,Ica,Ica,Los Aquijes,EL ROSARIO,Gasolina Regular,19.99
2026-08-24,Ica,Ica,Los Aquijes,ESTACION DE SERVICIOS LOS BOSQUES,Gasolina Regular,19.99
2026-08-24,Ica,Ica,Los Aquijes,MANTARI MANTARI JANETE SOLAIDA,Gasolina Regular,18.99
2026-08-24,Ica,Ica,Los Aquijes,MULTISERVICIOS JD VENUS SRL,Gasolina Regular,19.99
2026-08-24,Ica,Ica,Los Aquijes,SERVICENTRO LA FLORIDA SAC,Gasolina Regular,20.98
2026-08-24,Ica,Ica,Ocucaje,LLANKASUN PERU E.I.R.L,Diesel DB5,22.99
2026-08-24,Ica,Ica,Ocucaje,LLANKASUN PERU E.I.R.L,Gasolina Premium,20.49
2026-08-24,Ica,Ica,Ocucaje,LLANKASUN PERU E.I.R.L,Gasolina Regular,19.99
2026-08-24,Ica,Ica,Parcona,COESTI S.A.,Diesel DB5,23.25
2026-08-24,Ica,Ica,Parcona,EMPRESA DE TRANSPORTES CONTINENTE EIRL,Diesel DB5,22.39
2026-08-24,Ica,Ica,Parcona,ENERGIGAS S.A.C.,Diesel DB5,22.99
2026-08-24,Ica,Ica,Parcona,ESTACION DE SERVICIOS CRUCE SAN JOAQUIN S.A.C.,Diesel DB5,22.75
2026-08-24,Ica,Ica,Parcona,ESTACION DE SERVICIOS GASTON SAC,Diesel DB5,22.99
2026-08-24,Ica,Ica,Parcona,GRIFO LASER,Diesel DB5,22.25
2026-08-24,Ica,Ica,Parcona,GRIFO PANY,Diesel DB5,22.44
2026-08-24,Ica,Ica,Parcona,MULTISERVCIOS LA FLORIDA S.A.C.,Diesel DB5,23.18
2026-08-24,Ica,Ica,Parcona,PETROLEOS SOLORZANO S.A.C.,Diesel DB5,22.44
2026-08-24,Ica,Ica,Parcona,SERVICIOS VISTA FLORIDA S.A.C.,Diesel DB5,22.39
2026-08-24,Ica,Ica,Parcona,COESTI S.A.,Gasolina Premium,21.15
2026-08-24,Ica,Ica,Parcona,EMPRESA DE TRANSPORTES CONTINENTE EIRL,Gasolina Premium,20.15
2026-08-24,Ica,Ica,Parcona,ENERGIGAS S.A.C.,Gasolina Premium,21.19
2026-08-24,Ica,Ica,Parcona,ESTACION DE SERVICIOS CRUCE SAN JOAQUIN S.A.C.,Gasolina Premium,20.79
2026-08-24,Ica,Ica,Parcona,ESTACION DE SERVICIOS GASTON SAC,Gasolina Premium,20.19
2026-08-24,Ica,Ica,Parcona,GRIFO LASER,Gasolina Premium,20.14
2026-08-24,Ica,Ica,Parcona,GRIFO PANY,Gasolina Premium,20.89
2026-08-24,Ica,Ica,Parcona,INVERSIONES PETRO GAS S&C E.I.R.L.,Gasolina Premium,22.29
2026-08-24,Ica,Ica,Parcona,MULTISERVCIOS LA FLORIDA S.A.C.,Gasolina Premium,21.98
2026-08-24,Ica,Ica,Parcona,PETROLEOS SOLORZANO S.A.C.,Gasolina Premium,20.25
2026-08-24,Ica,Ica,Parcona,SERVICIOS VISTA FLORIDA S.A.C.,Gasolina Premium,20.15
2026-08-24,Ica,Ica,Parcona,COESTI S.A.,Gasolina Regular,20.05
2026-08-24,Ica,Ica,Parcona,EMPRESA DE TRANSPORTES CONTINENTE EIRL,Gasolina Regular,19.40
2026-08-24,Ica,Ica,Parcona,ENERGIGAS S.A.C.,Gasolina Regular,20.59
2026-08-24,Ica,Ica,Parcona,ESTACION DE SERVICIOS CRUCE SAN JOAQUIN S.A.C.,Gasolina Regular,19.78
2026-08-24,Ica,Ica,Parcona,ESTACION DE SERVICIOS GASTON SAC,Gasolina Regular,19.99
2026-08-24,Ica,Ica,Parcona,GRIFO LASER,Gasolina Regular,19.35
2026-08-24,Ica,Ica,Parcona,GRIFO PANY,Gasolina Regular,19.79
2026-08-24,Ica,Ica,Parcona,INVERSIONES PETRO GAS S&C E.I.R.L.,Gasolina Regular,20.99
2026-08-24,Ica,Ica,Parcona,MULTISERVCIOS LA FLORIDA S.A.C.,Gasolina Regular,20.98
2026-08-24,Ica,Ica,Parcona,PETROLEOS SOLORZANO S.A.C.,Gasolina Regular,19.45
2026-08-24,Ica,Ica,Parcona,SERVICIOS VISTA FLORIDA S.A.C.,Gasolina Regular,19.40
2026-08-24,Ica,Ica,Salas,ESTACION DE SERVICIO LOS ANDES E.I.R.L.,Diesel DB5,22.75
2026-08-24,Ica,Ica,Salas,ESTACION DE SERVICIOS SACRAMENTO S.A.C,Diesel DB5,22.75
2026-08-24,Ica,Ica,Salas,ESTACIONES ALEJANDRO S.A.C,Diesel DB5,23.99
2026-08-24,Ica,Ica,Salas,GALA.Y.N. ASOCIADOS EIRL,Diesel DB5,23.99
2026-08-24,Ica,Ica,Salas,GAS PERU GUADALUPE SAC,Diesel DB5,22.75
2026-08-24,Ica,Ica,Salas,GRIFO LUCYMAR S.A.C.,Diesel DB5,22.99
2026-08-24,Ica,Ica,Salas,SERVICENTRO POSBEN S.A.C.,Diesel DB5,25.29
2026-08-24,Ica,Ica,Salas,ESTACION DE SERVICIO LOS ANDES E.I.R.L.,Gasolina Premium,20.19
2026-08-24,Ica,Ica,Salas,ESTACION DE SERVICIOS SACRAMENTO S.A.C,Gasolina Premium,20.19
2026-08-24,Ica,Ica,Salas,ESTACIONES ALEJANDRO S.A.C,Gasolina Premium,21.88
2026-08-24,Ica,Ica,Salas,GALA.Y.N. ASOCIADOS EIRL,Gasolina Premium,20.99
2026-08-24,Ica,Ica,Salas,GAS PERU GUADALUPE SAC,Gasolina Premium,20.19
2026-08-24,Ica,Ica,Salas,GRIFO LUCYMAR S.A.C.,Gasolina Premium,20.79
2026-08-24,Ica,Ica,Salas,SERVICENTRO POSBEN S.A.C.,Gasolina Premium,21.99
2026-08-24,Ica,Ica,Salas,ESTACION DE SERVICIO LOS ANDES E.I.R.L.,Gasolina Regular,19.25
2026-08-24,Ica,Ica,Salas,ESTACION DE SERVICIOS SACRAMENTO S.A.C,Gasolina Regular,19.25
2026-08-24,Ica,Ica,Salas,ESTACIONES ALEJANDRO S.A.C,Gasolina Regular,20.85
2026-08-24,Ica,Ica,Salas,GALA.Y.N. ASOCIADOS EIRL,Gasolina Regular,19.99
2026-08-24,Ica,Ica,Salas,GAS PERU GUADALUPE SAC,Gasolina Regular,19.25
2026-08-24,Ica,Ica,Salas,GRIFO LUCYMAR S.A.C.,Gasolina Regular,19.79
2026-08-24,Ica,Ica,Salas,SERVICENTRO POSBEN S.A.C.,Gasolina Regular,20.69
2026-08-24,Ica,Ica,San Juan Bautista,GRIFO LASER,Diesel DB5,22.75
2026-08-24,Ica,Ica,San Juan Bautista,GRIFO LASER,Gasolina Premium,20.19
2026-08-24,Ica,Ica,San Juan Bautista,GRIFO LASER,Gasolina Regular,19.29
2026-08-24,Ica,Ica,Santiago,COMERCIALIZADORA DE COMBUSTIBLES SANTIAGO S.A.C.,Diesel DB5,23.93
2026-08-24,Ica,Ica,Santiago,DISTRIBUIDORA DE COMBUSTIBLES EL NEGRO SOCIEDAD ANONIMA CERRADA - DISTRIBUIDORA DE COMBUSTIBLES EL N,Diesel DB5,22.34
2026-08-24,Ica,Ica,Santiago,ESTACION DE SERVICIOS LEONOR S.A.C,Diesel DB5,23.20
2026-08-24,Ica,Ica,Santiago,ESTACION DE SERVICIOS LUPE S.A.C.,Diesel DB5,22.89
2026-08-24,Ica,Ica,Santiago,ESTACIONES ALEJANDRO S.A.C.,Diesel DB5,24.30
2026-08-24,Ica,Ica,Santiago,L C OPERADOR DE COMBUSTIBLE S.A.C.,Diesel DB5,22.59
2026-08-24,Ica,Ica,Santiago,LBC COMBUSTIBLES S.A.C.,Diesel DB5,22.50
2026-08-24,Ica,Ica,Santiago,SERVICIOS GENERALES FULL GRIFOS DEL PERU S.A.C.,Diesel DB5,22.99
2026-08-24,Ica,Ica,Santiago,THF02 SCRL,Diesel DB5,23.77
2026-08-24,Ica,Ica,Santiago,COMERCIALIZADORA DE COMBUSTIBLES SANTIAGO S.A.C.,Gasolina Premium,20.77
2026-08-24,Ica,Ica,Santiago,DISTRIBUIDORA DE COMBUSTIBLES EL NEGRO SOCIEDAD ANONIMA CERRADA - DISTRIBUIDORA DE COMBUSTIBLES EL N,Gasolina Premium,19.67
2026-08-24,Ica,Ica,Santiago,ESTACION DE SERVICIOS LEONOR S.A.C,Gasolina Premium,20.99
2026-08-24,Ica,Ica,Santiago,ESTACION DE SERVICIOS LUPE S.A.C.,Gasolina Premium,20.29
2026-08-24,Ica,Ica,Santiago,ESTACIONES ALEJANDRO S.A.C.,Gasolina Premium,21.00
2026-08-24,Ica,Ica,Santiago,L C OPERADOR DE COMBUSTIBLE S.A.C.,Gasolina Premium,20.29
2026-08-24,Ica,Ica,Santiago,LBC COMBUSTIBLES S.A.C.,Gasolina Premium,19.95
2026-08-24,Ica,Ica,Santiago,SERVICIOS GENERALES FULL GRIFOS DEL PERU S.A.C.,Gasolina Premium,20.39
2026-08-24,Ica,Ica,Santiago,THF02 SCRL,Gasolina Premium,20.99
2026-08-24,Ica,Ica,Santiago,COMERCIALIZADORA DE COMBUSTIBLES SANTIAGO S.A.C.,Gasolina Regular,19.87
2026-08-24,Ica,Ica,Santiago,DISTRIBUIDORA DE COMBUSTIBLES EL NEGRO SOCIEDAD ANONIMA CERRADA - DISTRIBUIDORA DE COMBUSTIBLES EL N,Gasolina Regular,18.69
2026-08-24,Ica,Ica,Santiago,ESTACION DE SERVICIOS LEONOR S.A.C,Gasolina Regular,20.39
2026-08-24,Ica,Ica,Santiago,ESTACION DE SERVICIOS LUPE S.A.C.,Gasolina Regular,19.49
2026-08-24,Ica,Ica,Santiago,ESTACIONES ALEJANDRO S.A.C.,Gasolina Regular,20.60
2026-08-24,Ica,Ica,Santiago,L C OPERADOR DE COMBUSTIBLE S.A.C.,Gasolina Regular,19.49
2026-08-24,Ica,Ica,Santiago,LBC COMBUSTIBLES S.A.C.,Gasolina Regular,18.95
2026-08-24,Ica,Ica,Santiago,SERVICIOS GENERALES FULL GRIFOS DEL PERU S.A.C.,Gasolina Regular,19.69
2026-08-24,Ica,Ica,Santiago,THF02 SCRL,Gasolina Regular,20.59
2026-08-24,Ica,Ica,Subtanjalla,A TRES C COMBUSTIBLES ICA E.I.R.L.,Diesel DB5,22.75
2026-08-24,Ica,Ica,Subtanjalla,AUTOSERVICIOS P & B S.A.C.,Diesel DB5,24.09
2026-08-24,Ica,Ica,Subtanjalla,BIODIESEL PERU INTERNACIONAL SAC,Diesel DB5,24.29
2026-08-24,Ica,Ica,Subtanjalla,EL OASIS DE ICA S.A.C.,Diesel DB5,22.74
2026-08-24,Ica,Ica,Subtanjalla,ESTACION DE SERVICIOS DANIELA S.A.,Diesel DB5,24.88
2026-08-24,Ica,Ica,Subtanjalla,ESTACION DE SERVICIOS SACRAMENTO S.A.C,Diesel DB5,23.25
2026-08-24,Ica,Ica,Subtanjalla,GAS 777 SOCIEDAD ANONIMA CERRADA - GAS 777 S.A.C.,Diesel DB5,22.85
2026-08-24,Ica,Ica,Subtanjalla,GOL INVERSIONES S.A.C.,Diesel DB5,22.75
2026-08-24,Ica,Ica,Subtanjalla,GRIFO LASER,Diesel DB5,22.75
2026-08-24,Ica,Ica,Subtanjalla,GRIFO SUBTANJALLA SRL,Diesel DB5,24.09
2026-08-24,Ica,Ica,Subtanjalla,GRIFOS ESPINOZA S.A.,Diesel DB5,23.79
2026-08-24,Ica,Ica,Subtanjalla,A TRES C COMBUSTIBLES ICA E.I.R.L.,Gasolina Premium,20.19
2026-08-24,Ica,Ica,Subtanjalla,AUTOSERVICIOS P & B S.A.C.,Gasolina Premium,20.99
2026-08-24,Ica,Ica,Subtanjalla,BIODIESEL PERU INTERNACIONAL SAC,Gasolina Premium,20.89
2026-08-24,Ica,Ica,Subtanjalla,EL OASIS DE ICA S.A.C.,Gasolina Premium,20.18
2026-08-24,Ica,Ica,Subtanjalla,ESTACION DE SERVICIOS DANIELA S.A.,Gasolina Premium,21.44
2026-08-24,Ica,Ica,Subtanjalla,ESTACION DE SERVICIOS SACRAMENTO S.A.C,Gasolina Premium,20.19
2026-08-24,Ica,Ica,Subtanjalla,GAS 777 SOCIEDAD ANONIMA CERRADA - GAS 777 S.A.C.,Gasolina Premium,20.89
2026-08-24,Ica,Ica,Subtanjalla,GOL INVERSIONES S.A.C.,Gasolina Premium,20.19
2026-08-24,Ica,Ica,Subtanjalla,GRIFO LASER,Gasolina Premium,20.19
2026-08-24,Ica,Ica,Subtanjalla,GRIFO SUBTANJALLA SRL,Gasolina Premium,21.79
2026-08-24,Ica,Ica,Subtanjalla,GRIFOS ESPINOZA S.A.,Gasolina Premium,19.99
2026-08-24,Ica,Ica,Subtanjalla,A TRES C COMBUSTIBLES ICA E.I.R.L.,Gasolina Regular,19.25
2026-08-24,Ica,Ica,Subtanjalla,AUTOSERVICIOS P & B S.A.C.,Gasolina Regular,19.89
2026-08-24,Ica,Ica,Subtanjalla,BIODIESEL PERU INTERNACIONAL SAC,Gasolina Regular,19.89
2026-08-24,Ica,Ica,Subtanjalla,EL OASIS DE ICA S.A.C.,Gasolina Regular,19.24
2026-08-24,Ica,Ica,Subtanjalla,ESTACION DE SERVICIOS DANIELA S.A.,Gasolina Regular,19.96
2026-08-24,Ica,Ica,Subtanjalla,ESTACION DE SERVICIOS SACRAMENTO S.A.C,Gasolina Regular,19.25
2026-08-24,Ica,Ica,Subtanjalla,GAS 777 SOCIEDAD ANONIMA CERRADA - GAS 777 S.A.C.,Gasolina Regular,19.79
2026-08-24,Ica,Ica,Subtanjalla,GOL INVERSIONES S.A.C.,Gasolina Regular,19.25
2026-08-24,Ica,Ica,Subtanjalla,GRIFO LASER,Gasolina Regular,19.25
2026-08-24,Ica,Ica,Subtanjalla,GRIFO SUBTANJALLA SRL,Gasolina Regular,20.69
2026-08-24,Ica,Ica,Subtanjalla,GRIFOS ESPINOZA S.A.,Gasolina Regular,18.99
2026-08-24,Ica,Ica,Tate,A TRES C COMBUSTIBLES ICA E.I.R.L.,Diesel DB5,22.25
2026-08-24,Ica,Ica,Tate,BERCORD E.I.R.L.,Diesel DB5,23.59
2026-08-24,Ica,Ica,Tate,GAS 777 SOCIEDAD ANONIMA CERRADA,Diesel DB5,22.85
2026-08-24,Ica,Ica,Tate,GRIFO TATE S.R.L.,Diesel DB5,22.97
2026-08-24,Ica,Ica,Tate,A TRES C COMBUSTIBLES ICA E.I.R.L.,Gasolina Premium,19.76
2026-08-24,Ica,Ica,Tate,BERCORD E.I.R.L.,Gasolina Premium,21.59
2026-08-24,Ica,Ica,Tate,GAS 777 SOCIEDAD ANONIMA CERRADA,Gasolina Premium,20.49
2026-08-24,Ica,Ica,Tate,GRIFO TATE S.R.L.,Gasolina Premium,20.98
2026-08-24,Ica,Ica,Tate,A TRES C COMBUSTIBLES ICA E.I.R.L.,Gasolina Regular,18.79
2026-08-24,Ica,Ica,Tate,BERCORD E.I.R.L.,Gasolina Regular,20.59
2026-08-24,Ica,Ica,Tate,GAS 777 SOCIEDAD ANONIMA CERRADA,Gasolina Regular,19.49
2026-08-24,Ica,Ica,Tate,GRIFO TATE S.R.L.,Gasolina Regular,19.97
2026-08-24,Ica,Nazca,El Ingenio,GRIFO SAN IGNACIO,Diesel DB5,23.59
2026-08-24,Ica,Nazca,El Ingenio,GRIFO SAN IGNACIO,Gasolina Premium,21.29
2026-08-24,Ica,Nazca,El Ingenio,GRIFO SAN IGNACIO,Gasolina Regular,20.29
2026-08-24,Ica,Nazca,Marcona,ESTACION DE SERVICIOS MARCONA S.A.C.,Diesel DB5,26.17
2026-08-24,Ica,Nazca,Marcona,SERVICENTRO SANTA ROSA EIRL,Diesel DB5,27.40
2026-08-24,Ica,Nazca,Marcona,ESTACION DE SERVICIOS MARCONA S.A.C.,Gasolina Premium,24.24
2026-08-24,Ica,Nazca,Marcona,SERVICENTRO SANTA ROSA EIRL,Gasolina Premium,25.70
2026-08-24,Ica,Nazca,Marcona,ESTACION DE SERVICIOS MARCONA S.A.C.,Gasolina Regular,23.40
2026-08-24,Ica,Nazca,Marcona,SERVICENTRO SANTA ROSA EIRL,Gasolina Regular,24.90
2026-08-24,Ica,Nazca,Nazca,COESTI S.A,Diesel DB5,23.55
2026-08-24,Ica,Nazca,Nazca,COMBUSAT S.A.C.,Diesel DB5,23.39
2026-08-24,Ica,Nazca,Nazca,CORPORACION GRIFERA DEL SUR S.A.C.,Diesel DB5,23.19
2026-08-24,Ica,Nazca,Nazca,ESTACION DE COMBUSTIBLES EL SOL S.A.C.,Diesel DB5,23.49
2026-08-24,Ica,Nazca,Nazca,ESTACION DE SERVICIOS EL OASIS DE ICA SAC,Diesel DB5,22.98
2026-08-24,Ica,Nazca,Nazca,ESTACION DE SERVICIOS EL SOL DE CAMANA S.A.C.,Diesel DB5,23.19
2026-08-24,Ica,Nazca,Nazca,ESTACION DE SERVICIOS EL SOL S.R.L.,Diesel DB5,23.19
2026-08-24,Ica,Nazca,Nazca,ESTACION DE SERVICIOS NASCA S.A.C.,Diesel DB5,23.49
2026-08-24,Ica,Nazca,Nazca,ESTACION DE SERVICIOS SACRAMENTO S.A.C,Diesel DB5,23.33
2026-08-24,Ica,Nazca,Nazca,GRUPO MINSURCOM EIRL,Diesel DB5,24.39
2026-08-24,Ica,Nazca,Nazca,PETROSUR NAZCA S.A.C.,Diesel DB5,22.84
2026-08-24,Ica,Nazca,Nazca,SERVICIOS GENERALES FULL GRIFOS DEL PERU S.A.C.,Diesel DB5,23.49
2026-08-24,Ica,Nazca,Nazca,TRANS MURIEL INVER S.A.C.,Diesel DB5,23.19
2026-08-24,Ica,Nazca,Nazca,WARI SERVICE SAC,Diesel DB5,23.19
2026-08-24,Ica,Nazca,Nazca,XACT PERU S.A.C.,Diesel DB5,22.88
2026-08-24,Ica,Nazca,Nazca,COESTI S.A,Gasolina Premium,20.75
2026-08-24,Ica,Nazca,Nazca,CORPORACION GRIFERA DEL SUR S.A.C.,Gasolina Premium,21.99
2026-08-24,Ica,Nazca,Nazca,ESTACION DE COMBUSTIBLES EL SOL S.A.C.,Gasolina Premium,21.99
2026-08-24,Ica,Nazca,Nazca,ESTACION DE SERVICIOS EL OASIS DE ICA SAC,Gasolina Premium,20.79
2026-08-24,Ica,Nazca,Nazca,ESTACION DE SERVICIOS EL SOL DE CAMANA S.A.C.,Gasolina Premium,21.30
2026-08-24,Ica,Nazca,Nazca,ESTACION DE SERVICIOS EL SOL S.R.L.,Gasolina Premium,21.30
2026-08-24,Ica,Nazca,Nazca,ESTACION DE SERVICIOS NASCA S.A.C.,Gasolina Premium,21.99
2026-08-24,Ica,Nazca,Nazca,ESTACION DE SERVICIOS SACRAMENTO S.A.C,Gasolina Premium,21.99
2026-08-24,Ica,Nazca,Nazca,GRUPO MINSURCOM EIRL,Gasolina Premium,22.72
2026-08-24,Ica,Nazca,Nazca,PETROSUR NAZCA S.A.C.,Gasolina Premium,19.89
2026-08-24,Ica,Nazca,Nazca,SERVICIOS GENERALES FULL GRIFOS DEL PERU S.A.C.,Gasolina Premium,22.95
2026-08-24,Ica,Nazca,Nazca,TRANS MURIEL INVER S.A.C.,Gasolina Premium,22.45
2026-08-24,Ica,Nazca,Nazca,WARI SERVICE SAC,Gasolina Premium,21.30
2026-08-24,Ica,Nazca,Nazca,COESTI S.A,Gasolina Regular,19.59
2026-08-24,Ica,Nazca,Nazca,COMBUSAT S.A.C.,Gasolina Regular,21.14
2026-08-24,Ica,Nazca,Nazca,CORPORACION GRIFERA DEL SUR S.A.C.,Gasolina Regular,20.99
2026-08-24,Ica,Nazca,Nazca,ESTACION DE COMBUSTIBLES EL SOL S.A.C.,Gasolina Regular,20.99
2026-08-24,Ica,Nazca,Nazca,ESTACION DE SERVICIOS EL OASIS DE ICA SAC,Gasolina Regular,19.49
2026-08-24,Ica,Nazca,Nazca,ESTACION DE SERVICIOS EL SOL DE CAMANA S.A.C.,Gasolina Regular,19.99
2026-08-24,Ica,Nazca,Nazca,ESTACION DE SERVICIOS EL SOL S.R.L.,Gasolina Regular,19.99
2026-08-24,Ica,Nazca,Nazca,ESTACION DE SERVICIOS NASCA S.A.C.,Gasolina Regular,20.99
2026-08-24,Ica,Nazca,Nazca,ESTACION DE SERVICIOS SACRAMENTO S.A.C,Gasolina Regular,20.99
2026-08-24,Ica,Nazca,Nazca,GRUPO MINSURCOM EIRL,Gasolina Regular,21.72
2026-08-24,Ica,Nazca,Nazca,PETROSUR NAZCA S.A.C.,Gasolina Regular,18.79
2026-08-24,Ica,Nazca,Nazca,SERVICIOS GENERALES FULL GRIFOS DEL PERU S.A.C.,Gasolina Regular,21.50
2026-08-24,Ica,Nazca,Nazca,TRANS MURIEL INVER S.A.C.,Gasolina Regular,20.99
2026-08-24,Ica,Nazca,Nazca,WARI SERVICE SAC,Gasolina Regular,19.99
2026-08-24,Ica,Nazca,Nazca,XACT PERU S.A.C.,Gasolina Regular,19.89
2026-08-24,Ica,Nazca,Vista Alegre,C & M RED SOCIEDAD ANONIMA CERRADA - C & M RED  S.A.C,Diesel DB5,23.99
2026-08-24,Ica,Nazca,Vista Alegre,COESTI S.A.,Diesel DB5,23.55
2026-08-24,Ica,Nazca,Vista Alegre,ESTACION DE SERVICIOS LEONOR S.A.C.,Diesel DB5,23.20
2026-08-24,Ica,Nazca,Vista Alegre,GRIFO GIANPIERO S.A.C.,Diesel DB5,23.20
2026-08-24,Ica,Nazca,Vista Alegre,GRIFO PECSA PETRO NAZCA SAC,Diesel DB5,22.97
2026-08-24,Ica,Nazca,Vista Alegre,PETROFAST S.A.C.,Diesel DB5,23.20
2026-08-24,Ica,Nazca,Vista Alegre,C & M RED SOCIEDAD ANONIMA CERRADA - C & M RED  S.A.C,Gasolina Premium,21.19
2026-08-24,Ica,Nazca,Vista Alegre,COESTI S.A.,Gasolina Premium,21.85
2026-08-24,Ica,Nazca,Vista Alegre,ESTACION DE SERVICIOS LEONOR S.A.C.,Gasolina Premium,20.99
2026-08-24,Ica,Nazca,Vista Alegre,GRIFO GIANPIERO S.A.C.,Gasolina Premium,21.80
2026-08-24,Ica,Nazca,Vista Alegre,PETROFAST S.A.C.,Gasolina Premium,21.80
2026-08-24,Ica,Nazca,Vista Alegre,C & M RED SOCIEDAD ANONIMA CERRADA - C & M RED  S.A.C,Gasolina Regular,20.19
2026-08-24,Ica,Nazca,Vista Alegre,COESTI S.A.,Gasolina Regular,20.75
2026-08-24,Ica,Nazca,Vista Alegre,ESTACION DE SERVICIOS LEONOR S.A.C.,Gasolina Regular,20.39
2026-08-24,Ica,Nazca,Vista Alegre,GRIFO GIANPIERO S.A.C.,Gasolina Regular,20.80
2026-08-24,Ica,Nazca,Vista Alegre,GRIFO PECSA PETRO NAZCA SAC,Gasolina Regular,19.97
2026-08-24,Ica,Nazca,Vista Alegre,PETROFAST S.A.C.,Gasolina Regular,20.80
2026-08-24,Ica,Palpa,Llipata,ESTACION DE SERVICIOS GRUPO AT PERU SAC,Diesel DB5,22.89
2026-08-24,Ica,Palpa,Llipata,ESTACION DE SERVICIOS PISCIS SAC,Diesel DB5,23.39
2026-08-24,Ica,Palpa,Llipata,ESTACION DE SERVICIOS GRUPO AT PERU SAC,Gasolina Premium,20.18
2026-08-24,Ica,Palpa,Llipata,ESTACION DE SERVICIOS PISCIS SAC,Gasolina Premium,21.59
2026-08-24,Ica,Palpa,Llipata,ESTACION DE SERVICIOS GRUPO AT PERU SAC,Gasolina Regular,19.28
2026-08-24,Ica,Palpa,Llipata,ESTACION DE SERVICIOS PISCIS SAC,Gasolina Regular,20.59
2026-08-24,Ica,Palpa,Palpa,CARLOS NICOLAS ONCEBAY ROMANI,Diesel DB5,23.20
2026-08-24,Ica,Palpa,Palpa,COMERCIALIZADORA DE COMBUSTIBLES PALPA S.A.C.,Diesel DB5,24.91
2026-08-24,Ica,Palpa,Palpa,ESTACION DE SERVICIOS SACRAMENTO EIRL,Diesel DB5,22.89
2026-08-24,Ica,Palpa,Palpa,CARLOS NICOLAS ONCEBAY ROMANI,Gasolina Premium,20.80
2026-08-24,Ica,Palpa,Palpa,COMERCIALIZADORA DE COMBUSTIBLES PALPA S.A.C.,Gasolina Premium,21.66
2026-08-24,Ica,Palpa,Palpa,ESTACION DE SERVICIOS SACRAMENTO EIRL,Gasolina Premium,20.57
2026-08-24,Ica,Palpa,Palpa,CARLOS NICOLAS ONCEBAY ROMANI,Gasolina Regular,19.90
2026-08-24,Ica,Palpa,Palpa,COMERCIALIZADORA DE COMBUSTIBLES PALPA S.A.C.,Gasolina Regular,20.73
2026-08-24,Ica,Palpa,Palpa,ESTACION DE SERVICIOS SACRAMENTO EIRL,Gasolina Regular,19.89
2026-08-24,Ica,Palpa,Rio Grande,ESTACION DE SERVICIOS RIO GRANDE E.I.R.L,Diesel DB5,22.89
2026-08-24,Ica,Palpa,Rio Grande,ESTACION DE SERVICIOS RIO GRANDE E.I.R.L,Gasolina Premium,20.59
2026-08-24,Ica,Palpa,Rio Grande,ESTACION DE SERVICIOS RIO GRANDE E.I.R.L,Gasolina Regular,19.89
2026-08-24,Ica,Pisco,Huancano,LEMARK CONSULTORIA E INVERSIONES S.A.C.,Diesel DB5,23.99
2026-08-24,Ica,Pisco,Huancano,LEMARK CONSULTORIA E INVERSIONES S.A.C.,Gasolina Premium,21.49
2026-08-24,Ica,Pisco,Huancano,LEMARK CONSULTORIA E INVERSIONES S.A.C.,Gasolina Regular,20.89
2026-08-24,Ica,Pisco,Humay,ESTACION DE SERVICIOS CHAMPACCOCHA E.I.R.L.,Diesel DB5,23.15
2026-08-24,Ica,Pisco,Humay,SERVICENTRO PLAZA S.A.C.,Diesel DB5,23.19
2026-08-24,Ica,Pisco,Humay,ESTACION DE SERVICIOS CHAMPACCOCHA E.I.R.L.,Gasolina Premium,20.80
2026-08-24,Ica,Pisco,Humay,SERVICENTRO PLAZA S.A.C.,Gasolina Premium,20.89
2026-08-24,Ica,Pisco,Humay,ESTACION DE SERVICIOS CHAMPACCOCHA E.I.R.L.,Gasolina Regular,19.80
2026-08-24,Ica,Pisco,Humay,SERVICENTRO PLAZA S.A.C.,Gasolina Regular,19.89
2026-08-24,Ica,Pisco,Independencia,CORPORACION BILCON GAS SOCIEDAD ANONIMA CERRADA,Diesel DB5,23.19
2026-08-24,Ica,Pisco,Independencia,GAS BLAYJOS S.A.C,Diesel DB5,23.15
2026-08-24,Ica,Pisco,Independencia,INVERSIONES HENA,Diesel DB5,22.89
2026-08-24,Ica,Pisco,Independencia,M & Y SENOR DE MURUHUAY S.A.C,Diesel DB5,23.49
2026-08-24,Ica,Pisco,Independencia,SERVICENTROS PLAZA S.A.C.,Diesel DB5,23.19
2026-08-24,Ica,Pisco,Independencia,CORPORACION BILCON GAS SOCIEDAD ANONIMA CERRADA,Gasolina Premium,21.29
2026-08-24,Ica,Pisco,Independencia,GAS BLAYJOS S.A.C,Gasolina Premium,21.25
2026-08-24,Ica,Pisco,Independencia,INVERSIONES HENA,Gasolina Premium,22.79
2026-08-24,Ica,Pisco,Independencia,M & Y SENOR DE MURUHUAY S.A.C,Gasolina Premium,21.99
2026-08-24,Ica,Pisco,Independencia,SERVICENTROS PLAZA S.A.C.,Gasolina Premium,20.89
2026-08-24,Ica,Pisco,Independencia,CORPORACION BILCON GAS SOCIEDAD ANONIMA CERRADA,Gasolina Regular,19.89
2026-08-24,Ica,Pisco,Independencia,GAS BLAYJOS S.A.C,Gasolina Regular,19.85
2026-08-24,Ica,Pisco,Independencia,INVERSIONES HENA,Gasolina Regular,20.99
2026-08-24,Ica,Pisco,Independencia,M & Y SENOR DE MURUHUAY S.A.C,Gasolina Regular,19.59
2026-08-24,Ica,Pisco,Independencia,SERVICENTROS PLAZA S.A.C.,Gasolina Regular,19.89
2026-08-24,Ica,Pisco,Paracas,ADRIATICO E.I.R.L.,Diesel DB5,27.49
2026-08-24,Ica,Pisco,Paracas,AUTOSERVICIOS P & B S.A.C.,Diesel DB5,27.10
2026-08-24,Ica,Pisco,Paracas,ESTACION DE SERVICIOS PARACAS E.I.R.L,Diesel DB5,22.98
2026-08-24,Ica,Pisco,Paracas,ESTACION DE SERVICIOS PERCY CAR PARACAS S.A.C.,Diesel DB5,23.48
2026-08-24,Ica,Pisco,Paracas,TRANSMARINA DEL PERU SAC,Diesel DB5,25.80
2026-08-24,Ica,Pisco,Paracas,YACHT CLUB PERUANO - SEDE PARACAS,Diesel DB5,27.50
2026-08-24,Ica,Pisco,Paracas,ADRIATICO E.I.R.L.,Gasolina Premium,23.77
2026-08-24,Ica,Pisco,Paracas,AUTOSERVICIOS P & B S.A.C.,Gasolina Premium,24.55
2026-08-24,Ica,Pisco,Paracas,ESTACION DE SERVICIOS PARACAS E.I.R.L,Gasolina Premium,20.74
2026-08-24,Ica,Pisco,Paracas,ESTACION DE SERVICIOS PERCY CAR PARACAS S.A.C.,Gasolina Premium,20.98
2026-08-24,Ica,Pisco,Paracas,YACHT CLUB PERUANO - SEDE PARACAS,Gasolina Premium,25.50
2026-08-24,Ica,Pisco,Paracas,ADRIATICO E.I.R.L.,Gasolina Regular,21.59
2026-08-24,Ica,Pisco,Paracas,AUTOSERVICIOS P & B S.A.C.,Gasolina Regular,22.00
2026-08-24,Ica,Pisco,Paracas,ESTACION DE SERVICIOS PARACAS E.I.R.L,Gasolina Regular,19.44
2026-08-24,Ica,Pisco,Paracas,ESTACION DE SERVICIOS PERCY CAR PARACAS S.A.C.,Gasolina Regular,19.99
2026-08-24,Ica,Pisco,Pisco,COESTI S.A,Diesel DB5,23.49
2026-08-24,Ica,Pisco,Pisco,COESTI S.A.,Diesel DB5,24.15
2026-08-24,Ica,Pisco,Pisco,DACOR GAS S.A.C.,Diesel DB5,24.79
2026-08-24,Ica,Pisco,Pisco,EESS YAVA SAC PISCO,Diesel DB5,23.49
2026-08-24,Ica,Pisco,Pisco,ESCOH S.A.C.,Diesel DB5,23.65
2026-08-24,Ica,Pisco,Pisco,ESTACION DE SERVICIOS SALDANI S.A.C,Diesel DB5,23.45
2026-08-24,Ica,Pisco,Pisco,LAS AMERICAS,Diesel DB5,24.00
2026-08-24,Ica,Pisco,Pisco,MULTISERVICIOS ECOGAS S.A.C.,Diesel DB5,23.19
2026-08-24,Ica,Pisco,Pisco,NUTRIGAS S.A.C.,Diesel DB5,23.34
2026-08-24,Ica,Pisco,Pisco,COESTI S.A,Gasolina Premium,20.85
2026-08-24,Ica,Pisco,Pisco,COESTI S.A.,Gasolina Premium,21.79
2026-08-24,Ica,Pisco,Pisco,DACOR GAS S.A.C.,Gasolina Premium,21.89
2026-08-24,Ica,Pisco,Pisco,EESS YAVA SAC PISCO,Gasolina Premium,20.99
2026-08-24,Ica,Pisco,Pisco,ESCOH S.A.C.,Gasolina Premium,20.75
2026-08-24,Ica,Pisco,Pisco,ESTACION DE SERVICIOS SALDANI S.A.C,Gasolina Premium,20.50
2026-08-24,Ica,Pisco,Pisco,MULTISERVICIOS ECOGAS S.A.C.,Gasolina Premium,20.99
2026-08-24,Ica,Pisco,Pisco,NUTRIGAS S.A.C.,Gasolina Premium,20.74
2026-08-24,Ica,Pisco,Pisco,COESTI S.A,Gasolina Regular,19.75
2026-08-24,Ica,Pisco,Pisco,COESTI S.A.,Gasolina Regular,19.79
2026-08-24,Ica,Pisco,Pisco,DACOR GAS S.A.C.,Gasolina Regular,19.98
2026-08-24,Ica,Pisco,Pisco,EESS YAVA SAC PISCO,Gasolina Regular,20.39
2026-08-24,Ica,Pisco,Pisco,ESCOH S.A.C.,Gasolina Regular,19.58
2026-08-24,Ica,Pisco,Pisco,ESTACION DE SERVICIOS SALDANI S.A.C,Gasolina Regular,19.50
2026-08-24,Ica,Pisco,Pisco,LAS AMERICAS,Gasolina Regular,20.00
2026-08-24,Ica,Pisco,Pisco,MULTISERVICIOS ECOGAS S.A.C.,Gasolina Regular,19.75
2026-08-24,Ica,Pisco,Pisco,NUTRIGAS S.A.C.,Gasolina Regular,19.58
2026-08-24,Ica,Pisco,San Andres,ASOCOCIACION DE PESCADORES ARTESANALES Y EXTRACTORES DE MARISCOS DE SAN ANDRES,Diesel DB5,22.70
2026-08-24,Ica,Pisco,San Andres,BEZIM GROUP E.I.R.L.,Diesel DB5,23.20
2026-08-24,Ica,Pisco,San Andres,ESTACION DE SERVICIOS GRAN PRIX S.A.C.,Diesel DB5,23.80
2026-08-24,Ica,Pisco,San Andres,MULTISERVICIOS ECOGAS S.A.C.,Diesel DB5,23.49
2026-08-24,Ica,Pisco,San Andres,PETRONEX PERU SOCIEDAD ANONIMA CERRADA,Diesel DB5,22.99
2026-08-24,Ica,Pisco,San Andres,ASOCOCIACION DE PESCADORES ARTESANALES Y EXTRACTORES DE MARISCOS DE SAN ANDRES,Gasolina Premium,20.90
2026-08-24,Ica,Pisco,San Andres,BEZIM GROUP E.I.R.L.,Gasolina Premium,21.19
2026-08-24,Ica,Pisco,San Andres,ESTACION DE SERVICIOS GRAN PRIX S.A.C.,Gasolina Premium,21.07
2026-08-24,Ica,Pisco,San Andres,MULTISERVICIOS ECOGAS S.A.C.,Gasolina Premium,20.99
2026-08-24,Ica,Pisco,San Andres,PETRONEX PERU SOCIEDAD ANONIMA CERRADA,Gasolina Premium,20.49
2026-08-24,Ica,Pisco,San Andres,ASOCOCIACION DE PESCADORES ARTESANALES Y EXTRACTORES DE MARISCOS DE SAN ANDRES,Gasolina Regular,19.99
2026-08-24,Ica,Pisco,San Andres,BEZIM GROUP E.I.R.L.,Gasolina Regular,20.19
2026-08-24,Ica,Pisco,San Andres,ESTACION DE SERVICIOS GRAN PRIX S.A.C.,Gasolina Regular,19.98
2026-08-24,Ica,Pisco,San Andres,MULTISERVICIOS ECOGAS S.A.C.,Gasolina Regular,19.59
2026-08-24,Ica,Pisco,San Andres,PETRONEX PERU SOCIEDAD ANONIMA CERRADA,Gasolina Regular,19.29
2026-08-24,Ica,Pisco,San Clemente,ESTACION DE SERVICIOS GRUPO A&T PERU SOCIEDAD ANONIMA CERRADA,Diesel DB5,23.20
2026-08-24,Ica,Pisco,San Clemente,ESTACION DE SERVICIOS VERA,Diesel DB5,23.50
2026-08-24,Ica,Pisco,San Clemente,GRIFO SANTA ROSA EIRL,Diesel DB5,23.56
2026-08-24,Ica,Pisco,San Clemente,SERVICIOS GENERALES JDDR SAC,Diesel DB5,22.99
2026-08-24,Ica,Pisco,San Clemente,WARI SERVICE S.A.C.,Diesel DB5,23.20
2026-08-24,Ica,Pisco,San Clemente,ESTACION DE SERVICIOS GRUPO A&T PERU SOCIEDAD ANONIMA CERRADA,Gasolina Premium,20.99
2026-08-24,Ica,Pisco,San Clemente,ESTACION DE SERVICIOS VERA,Gasolina Premium,21.10
2026-08-24,Ica,Pisco,San Clemente,GRIFO SANTA ROSA EIRL,Gasolina Premium,22.49
2026-08-24,Ica,Pisco,San Clemente,SERVICIOS GENERALES JDDR SAC,Gasolina Premium,22.45
2026-08-24,Ica,Pisco,San Clemente,WARI SERVICE S.A.C.,Gasolina Premium,20.89
2026-08-24,Ica,Pisco,San Clemente,ESTACION DE SERVICIOS GRUPO A&T PERU SOCIEDAD ANONIMA CERRADA,Gasolina Regular,19.88
2026-08-24,Ica,Pisco,San Clemente,ESTACION DE SERVICIOS VERA,Gasolina Regular,20.30
2026-08-24,Ica,Pisco,San Clemente,GRIFO SANTA ROSA EIRL,Gasolina Regular,21.12
2026-08-24,Ica,Pisco,San Clemente,SERVICIOS GENERALES JDDR SAC,Gasolina Regular,20.83
2026-08-24,Ica,Pisco,San Clemente,WARI SERVICE S.A.C.,Gasolina Regular,19.88
2026-08-24,Ica,Pisco,Tupac Amaru Inca,COMBUSTIBLES PERUANOS PETROIL S.A.C.,Diesel DB5,23.30
2026-08-24,Ica,Pisco,Tupac Amaru Inca,ESTACION Z,Diesel DB5,23.50
2026-08-24,Ica,Pisco,Tupac Amaru Inca,MACAMIGER S.A.C.,Diesel DB5,23.49
2026-08-24,Ica,Pisco,Tupac Amaru Inca,COMBUSTIBLES PERUANOS PETROIL S.A.C.,Gasolina Premium,18.95
2026-08-24,Ica,Pisco,Tupac Amaru Inca,ESTACION Z,Gasolina Premium,20.40
2026-08-24,Ica,Pisco,Tupac Amaru Inca,MACAMIGER S.A.C.,Gasolina Premium,20.48
2026-08-24,Ica,Pisco,Tupac Amaru Inca,COMBUSTIBLES PERUANOS PETROIL S.A.C.,Gasolina Regular,18.40
2026-08-24,Ica,Pisco,Tupac Amaru Inca,ESTACION Z,Gasolina Regular,19.50
2026-08-24,Ica,Pisco,Tupac Amaru Inca,MACAMIGER S.A.C.,Gasolina Regular,19.49
2026-08-24,Piura,Ayabaca,Ayabaca,ESTACION DE SERVICIO PETRORIV S.A.C.,Diesel DB5,24.90
2026-08-24,Piura,Ayabaca,Ayabaca,ESTACION DE SERVICIOS AYPATE E.I.R.L.,Diesel DB5,26.10
2026-08-24,Piura,Ayabaca,Ayabaca,GRIFO PAJARITO E.I.R.L.,Diesel DB5,25.00
2026-08-24,Piura,Ayabaca,Ayabaca,JARAMILLO HUALPA MANUEL FRANCISCO,Diesel DB5,27.50
2026-08-24,Piura,Ayabaca,Ayabaca,ESTACION DE SERVICIO PETRORIV S.A.C.,Gasolina Premium,22.20
2026-08-24,Piura,Ayabaca,Ayabaca,ESTACION DE SERVICIOS AYPATE E.I.R.L.,Gasolina Premium,23.50
2026-08-24,Piura,Ayabaca,Ayabaca,GRIFO PAJARITO E.I.R.L.,Gasolina Premium,21.50
2026-08-24,Piura,Ayabaca,Ayabaca,ESTACION DE SERVICIO PETRORIV S.A.C.,Gasolina Regular,20.90
2026-08-24,Piura,Ayabaca,Ayabaca,ESTACION DE SERVICIOS AYPATE E.I.R.L.,Gasolina Regular,22.50
2026-08-24,Piura,Ayabaca,Ayabaca,GRIFO PAJARITO E.I.R.L.,Gasolina Regular,21.00
2026-08-24,Piura,Ayabaca,Ayabaca,JARAMILLO HUALPA MANUEL FRANCISCO,Gasolina Regular,21.50
2026-08-24,Piura,Ayabaca,Frias,LYPECO SAC,Diesel DB5,27.20
2026-08-24,Piura,Ayabaca,Frias,LYPECO SAC,Gasolina Premium,23.80
2026-08-24,Piura,Ayabaca,Frias,LYPECO SAC,Gasolina Regular,22.90
2026-08-24,Piura,Ayabaca,Pacaipampa,GRIFO PAKAY S.R.L.,Diesel DB5,26.50
2026-08-24,Piura,Ayabaca,Pacaipampa,GRIFO PAKAY S.R.L.,Gasolina Regular,21.00
2026-08-24,Piura,Ayabaca,Paimas,OLEOCENTRO Y SERVICIOS GENERALES CHAKAS E.I.R.L,Diesel DB5,27.70
2026-08-24,Piura,Ayabaca,Paimas,OLEOCENTRO Y SERVICIOS GENERALES CHAKAS E.I.R.L,Gasolina Premium,23.70
2026-08-24,Piura,Ayabaca,Paimas,OLEOCENTRO Y SERVICIOS GENERALES CHAKAS E.I.R.L,Gasolina Regular,22.60
2026-08-24,Piura,Ayabaca,Suyo,OLEOCENTRO Y SERVICIOS CAUTIVO S.A.C,Diesel DB5,27.70
2026-08-24,Piura,Ayabaca,Suyo,OLEOCENTRO Y SERVICIOS CAUTIVO S.A.C,Gasolina Premium,23.70
2026-08-24,Piura,Ayabaca,Suyo,OLEOCENTRO Y SERVICIOS CAUTIVO S.A.C,Gasolina Regular,22.60
2026-08-24,Piura,Huancabamba,Canchaque,GRIFOS WASI E.I.R.L.,Diesel DB5,26.00
2026-08-24,Piura,Huancabamba,Canchaque,GRIFOS WASI E.I.R.L.,Gasolina Regular,21.00
2026-08-24,Piura,Huancabamba,Huancabamba,CAMPOS JULCA ARSENIA,Diesel DB5,27.00
2026-08-24,Piura,Huancabamba,Huancabamba,CARRASCO NEIRA SERVANDO GARCES,Diesel DB5,27.20
2026-08-24,Piura,Huancabamba,Huancabamba,ESTACION DE SERVICIO SR. DE LA BUENA ESPERANZA EMPRESA INDIVIDUAL DE RESPONSABILIDAD LIMITADA,Diesel DB5,27.20
2026-08-24,Piura,Huancabamba,Huancabamba,ESTACION DE SERVICIOS BEMART E.I.R.L.,Diesel DB5,27.30
2026-08-24,Piura,Huancabamba,Huancabamba,ESTACION DE SERVICIOS EL MATUTE S.C.R.L,Diesel DB5,27.20
2026-08-24,Piura,Huancabamba,Huancabamba,ESTACION DE SERVICIOS JANS S.R.L.,Diesel DB5,27.20
2026-08-24,Piura,Huancabamba,Huancabamba,ESTACION DE SERVICIOS NESTOR RAMIREZ PALACIOS S.R.L,Diesel DB5,27.00
2026-08-24,Piura,Huancabamba,Huancabamba,ESTACIONES DE SERVICIOS MERCE S.A.C.,Diesel DB5,27.20
2026-08-24,Piura,Huancabamba,Huancabamba,ESTACIONES DE SERVICIOS MERCE T & C S.A.C.,Diesel DB5,27.20
2026-08-24,Piura,Huancabamba,Huancabamba,GRIFO CAROLINA,Diesel DB5,27.20
2026-08-24,Piura,Huancabamba,Huancabamba,PEYSA I S.A.C.,Diesel DB5,27.50
2026-08-24,Piura,Huancabamba,Huancabamba,CARRASCO NEIRA SERVANDO GARCES,Gasolina Premium,23.00
2026-08-24,Piura,Huancabamba,Huancabamba,ESTACION DE SERVICIO SR. DE LA BUENA ESPERANZA EMPRESA INDIVIDUAL DE RESPONSABILIDAD LIMITADA,Gasolina Premium,22.90
2026-08-24,Piura,Huancabamba,Huancabamba,ESTACION DE SERVICIOS BEMART E.I.R.L.,Gasolina Premium,22.50
2026-08-24,Piura,Huancabamba,Huancabamba,ESTACION DE SERVICIOS EL MATUTE S.C.R.L,Gasolina Premium,22.40
2026-08-24,Piura,Huancabamba,Huancabamba,ESTACIONES DE SERVICIOS MERCE S.A.C.,Gasolina Premium,22.90
2026-08-24,Piura,Huancabamba,Huancabamba,ESTACIONES DE SERVICIOS MERCE T & C S.A.C.,Gasolina Premium,22.90
2026-08-24,Piura,Huancabamba,Huancabamba,PEYSA I S.A.C.,Gasolina Premium,23.50
2026-08-24,Piura,Huancabamba,Huancabamba,CAMPOS JULCA ARSENIA,Gasolina Regular,21.00
2026-08-24,Piura,Huancabamba,Huancabamba,CARRASCO NEIRA SERVANDO GARCES,Gasolina Regular,21.50
2026-08-24,Piura,Huancabamba,Huancabamba,ESTACION DE SERVICIO SR. DE LA BUENA ESPERANZA EMPRESA INDIVIDUAL DE RESPONSABILIDAD LIMITADA,Gasolina Regular,21.90
2026-08-24,Piura,Huancabamba,Huancabamba,ESTACION DE SERVICIOS BEMART E.I.R.L.,Gasolina Regular,21.30
2026-08-24,Piura,Huancabamba,Huancabamba,ESTACION DE SERVICIOS EL MATUTE S.C.R.L,Gasolina Regular,21.10
2026-08-24,Piura,Huancabamba,Huancabamba,ESTACION DE SERVICIOS JANS S.R.L.,Gasolina Regular,21.90
2026-08-24,Piura,Huancabamba,Huancabamba,ESTACION DE SERVICIOS NESTOR RAMIREZ PALACIOS S.R.L,Gasolina Regular,21.80
2026-08-24,Piura,Huancabamba,Huancabamba,ESTACIONES DE SERVICIOS MERCE S.A.C.,Gasolina Regular,21.90
2026-08-24,Piura,Huancabamba,Huancabamba,ESTACIONES DE SERVICIOS MERCE T & C S.A.C.,Gasolina Regular,21.90
2026-08-24,Piura,Huancabamba,Huancabamba,GRIFO CAROLINA,Gasolina Regular,21.90
2026-08-24,Piura,Huancabamba,Huancabamba,PEYSA I S.A.C.,Gasolina Regular,22.50
2026-08-24,Piura,Huancabamba,Huarmaca,ESTACION DE SERVICIOS CRUZEÑA E.I.R.L.,Diesel DB5,28.50
2026-08-24,Piura,Huancabamba,Huarmaca,ESTACIONES DE SERVICIO AGUILAR E.I.R.L.,Diesel DB5,26.50
2026-08-24,Piura,Huancabamba,Huarmaca,HORTENCIO CARRASCO TORRES,Diesel DB5,26.80
2026-08-24,Piura,Huancabamba,Huarmaca,HORTENCIO CARRASCO TORRES,Gasolina Premium,25.00
2026-08-24,Piura,Huancabamba,Huarmaca,ESTACION DE SERVICIOS CRUZEÑA E.I.R.L.,Gasolina Regular,23.50
2026-08-24,Piura,Huancabamba,Huarmaca,ESTACIONES DE SERVICIO AGUILAR E.I.R.L.,Gasolina Regular,23.50
2026-08-24,Piura,Huancabamba,Huarmaca,HORTENCIO CARRASCO TORRES,Gasolina Regular,23.50
2026-08-24,Piura,Huancabamba,San Miguel De El Faique,ALONSO TOCTO CHINCHAY,Diesel DB5,26.40
2026-08-24,Piura,Huancabamba,San Miguel De El Faique,GRIFO VIFAC,Diesel DB5,26.59
2026-08-24,Piura,Huancabamba,San Miguel De El Faique,GRIFO VIFAC,Gasolina Premium,23.59
2026-08-24,Piura,Huancabamba,San Miguel De El Faique,ALONSO TOCTO CHINCHAY,Gasolina Regular,21.40
2026-08-24,Piura,Huancabamba,San Miguel De El Faique,GRIFO VIFAC,Gasolina Regular,21.50
2026-08-24,Piura,Huancabamba,Sondor,GRIFO NICOL CAROLINA EMPRESA INDIVIDUAL DE RESPONSABILIDAD LIMITADA,Diesel DB5,26.70
2026-08-24,Piura,Huancabamba,Sondor,GRIFO NICOL CAROLINA EMPRESA INDIVIDUAL DE RESPONSABILIDAD LIMITADA,Gasolina Premium,22.40
2026-08-24,Piura,Huancabamba,Sondor,GRIFO NICOL CAROLINA EMPRESA INDIVIDUAL DE RESPONSABILIDAD LIMITADA,Gasolina Regular,21.40
2026-08-24,Piura,Huancabamba,Sondorillo,GRIFO SEÑOR CAUTIVO EMPRESA INDIVIDUAL DE RESPONSABILIDAD LIMITADA,Diesel DB5,27.00
2026-08-24,Piura,Huancabamba,Sondorillo,GRIFO SEÑOR CAUTIVO EMPRESA INDIVIDUAL DE RESPONSABILIDAD LIMITADA,Gasolina Regular,21.00
2026-08-24,Piura,Morropon,Buenos Aires,TECNOLOGIA Y SERVICIOS GENERALES EMANUEL EIRL,Diesel DB5,25.80
2026-08-24,Piura,Morropon,Buenos Aires,TECNOLOGIA Y SERVICIOS GENERALES EMANUEL EIRL,Gasolina Regular,20.90
2026-08-24,Piura,Morropon,Chalaco,CORDOVA CORDOVA WILMER,Diesel DB5,25.85
2026-08-24,Piura,Morropon,Chalaco,CORDOVA CORDOVA WILMER,Gasolina Regular,20.90
2026-08-24,Piura,Morropon,Chulucanas,ALVARADO CALLE SEGISMUNDO,Diesel DB5,25.70
2026-08-24,Piura,Morropon,Chulucanas,BACA PALACIOS CLARA LILIANA,Diesel DB5,25.99
2026-08-24,Piura,Morropon,Chulucanas,ERNESTO DAVID SANDOVAL ALVARADO,Diesel DB5,26.45
2026-08-24,Piura,Morropon,Chulucanas,ESTACION DE SERVICIO DON ANTONIO S.C.R.L.,Diesel DB5,25.35
2026-08-24,Piura,Morropon,Chulucanas,ESTACION DE SERVICIO DON ANTONIO SOCIEDAD COMERCIAL DE RESPONSABILIDAD LIMITADA,Diesel DB5,25.35
2026-08-24,Piura,Morropon,Chulucanas,ESTACION DE SERVICIO DON ANTONIO SOCIEDAD COMERCIAL DE RESPONSABILIDAD LIMITADA,Diesel DB5,25.35
2026-08-24,Piura,Morropon,Chulucanas,ESTACION DE SERVICIO DON ANTONIO SOCIEDAD COMERCIAL DE RESPONSABILIDAD LIMITADA,Diesel DB5,25.35
2026-08-24,Piura,Morropon,Chulucanas,ESTACION DE SERVICIOS ALVARADO I S.R.L.,Diesel DB5,25.80
2026-08-24,Piura,Morropon,Chulucanas,GRIFO BELIZARIO E.I.R.L.,Diesel DB5,25.95
2026-08-24,Piura,Morropon,Chulucanas,GRIFO BELIZARIO E.I.R.L.,Diesel DB5,25.95
2026-08-24,Piura,Morropon,Chulucanas,GRIFO DANIEL S.R.L.,Diesel DB5,26.50
2026-08-24,Piura,Morropon,Chulucanas,GRIFO SAN MARTIN DE PORRAS S.R.L.,Diesel DB5,25.70
2026-08-24,Piura,Morropon,Chulucanas,HUMBERTO MANUEL FERNANDO LAZARO MARTINEZ,Diesel DB5,25.35
2026-08-24,Piura,Morropon,Chulucanas,INVERSIONES Y SERVICIOS DON ANTONIO E.I.R.L.,Diesel DB5,25.35
2026-08-24,Piura,Morropon,Chulucanas,LOZADA SEMINARIO GEORGINA ELENA,Diesel DB5,25.99
2026-08-24,Piura,Morropon,Chulucanas,LOZADA SEMINARIO GEORGINA ELENA,Diesel DB5,25.99
2026-08-24,Piura,Morropon,Chulucanas,LOZADA SEMINARIO GEORGINA ELENA,Diesel DB5,25.99
2026-08-24,Piura,Morropon,Chulucanas,MEJIA BERRU KAREN ELAINE,Diesel DB5,25.90
2026-08-24,Piura,Morropon,Chulucanas,NORPERU SERVICE STATION,Diesel DB5,26.20
2026-08-24,Piura,Morropon,Chulucanas,SUE HELLEN BRUN LOZADA,Diesel DB5,25.45
2026-08-24,Piura,Morropon,Chulucanas,ERNESTO DAVID SANDOVAL ALVARADO,Gasolina Premium,21.40
2026-08-24,Piura,Morropon,Chulucanas,ESTACION DE SERVICIO DON ANTONIO SOCIEDAD COMERCIAL DE RESPONSABILIDAD LIMITADA,Gasolina Premium,21.45
2026-08-24,Piura,Morropon,Chulucanas,ESTACION DE SERVICIO DON ANTONIO SOCIEDAD COMERCIAL DE RESPONSABILIDAD LIMITADA,Gasolina Premium,21.50
2026-08-24,Piura,Morropon,Chulucanas,ESTACION DE SERVICIO DON ANTONIO SOCIEDAD COMERCIAL DE RESPONSABILIDAD LIMITADA,Gasolina Premium,21.50
2026-08-24,Piura,Morropon,Chulucanas,GRIFO BELIZARIO E.I.R.L.,Gasolina Premium,21.70
2026-08-24,Piura,Morropon,Chulucanas,GRIFO BELIZARIO E.I.R.L.,Gasolina Premium,21.70
2026-08-24,Piura,Morropon,Chulucanas,GRIFO DANIEL S.R.L.,Gasolina Premium,21.90
2026-08-24,Piura,Morropon,Chulucanas,GRIFO SAN MARTIN DE PORRAS S.R.L.,Gasolina Premium,21.30
2026-08-24,Piura,Morropon,Chulucanas,HUMBERTO MANUEL FERNANDO LAZARO MARTINEZ,Gasolina Premium,21.50
2026-08-24,Piura,Morropon,Chulucanas,INVERSIONES Y SERVICIOS DON ANTONIO E.I.R.L.,Gasolina Premium,21.45
2026-08-24,Piura,Morropon,Chulucanas,SUE HELLEN BRUN LOZADA,Gasolina Premium,23.00
2026-08-24,Piura,Morropon,Chulucanas,ALVARADO CALLE SEGISMUNDO,Gasolina Regular,20.50
2026-08-24,Piura,Morropon,Chulucanas,BACA PALACIOS CLARA LILIANA,Gasolina Regular,20.75
2026-08-24,Piura,Morropon,Chulucanas,ERNESTO DAVID SANDOVAL ALVARADO,Gasolina Regular,20.85
2026-08-24,Piura,Morropon,Chulucanas,ESTACION DE SERVICIO DON ANTONIO S.C.R.L.,Gasolina Regular,20.25
2026-08-24,Piura,Morropon,Chulucanas,ESTACION DE SERVICIO DON ANTONIO SOCIEDAD COMERCIAL DE RESPONSABILIDAD LIMITADA,Gasolina Regular,20.25
2026-08-24,Piura,Morropon,Chulucanas,ESTACION DE SERVICIO DON ANTONIO SOCIEDAD COMERCIAL DE RESPONSABILIDAD LIMITADA,Gasolina Regular,20.45
2026-08-24,Piura,Morropon,Chulucanas,ESTACION DE SERVICIO DON ANTONIO SOCIEDAD COMERCIAL DE RESPONSABILIDAD LIMITADA,Gasolina Regular,20.45
2026-08-24,Piura,Morropon,Chulucanas,ESTACION DE SERVICIOS ALVARADO I S.R.L.,Gasolina Regular,20.45
2026-08-24,Piura,Morropon,Chulucanas,GRIFO BELIZARIO E.I.R.L.,Gasolina Regular,20.65
2026-08-24,Piura,Morropon,Chulucanas,GRIFO BELIZARIO E.I.R.L.,Gasolina Regular,20.65
2026-08-24,Piura,Morropon,Chulucanas,GRIFO DANIEL S.R.L.,Gasolina Regular,20.70
2026-08-24,Piura,Morropon,Chulucanas,GRIFO SAN MARTIN DE PORRAS S.R.L.,Gasolina Regular,20.30
2026-08-24,Piura,Morropon,Chulucanas,HUMBERTO MANUEL FERNANDO LAZARO MARTINEZ,Gasolina Regular,20.25
2026-08-24,Piura,Morropon,Chulucanas,INVERSIONES Y SERVICIOS DON ANTONIO E.I.R.L.,Gasolina Regular,20.25
2026-08-24,Piura,Morropon,Chulucanas,LOZADA SEMINARIO GEORGINA ELENA,Gasolina Regular,21.20
2026-08-24,Piura,Morropon,Chulucanas,LOZADA SEMINARIO GEORGINA ELENA,Gasolina Regular,21.20
2026-08-24,Piura,Morropon,Chulucanas,LOZADA SEMINARIO GEORGINA ELENA,Gasolina Regular,21.20
2026-08-24,Piura,Morropon,Chulucanas,MEJIA BERRU KAREN ELAINE,Gasolina Regular,20.45
2026-08-24,Piura,Morropon,Chulucanas,NORPERU SERVICE STATION,Gasolina Regular,20.75
2026-08-24,Piura,Morropon,Chulucanas,SUE HELLEN BRUN LOZADA,Gasolina Regular,20.49
2026-08-24,Piura,Morropon,La Matanza,COMBUSTIBLES Y LUBRICANTES CARRASCO E.I.R.L,Diesel DB5,25.40
2026-08-24,Piura,Morropon,La Matanza,ESTACION DE SERVICIO PLUS ENERGY E.I.R.L.,Diesel DB5,24.40
2026-08-24,Piura,Morropon,La Matanza,ESTACION DE SERVICIOS DON ROMULO SA,Diesel DB5,25.80
2026-08-24,Piura,Morropon,La Matanza,ESTACION DE SERVICIOS MONICA ROCIO EIRL,Diesel DB5,25.50
2026-08-24,Piura,Morropon,La Matanza,GASOLINERA DEL NORTE SCRL,Diesel DB5,25.80
2026-08-24,Piura,Morropon,La Matanza,COMBUSTIBLES Y LUBRICANTES CARRASCO E.I.R.L,Gasolina Premium,21.30
2026-08-24,Piura,Morropon,La Matanza,ESTACION DE SERVICIO PLUS ENERGY E.I.R.L.,Gasolina Premium,20.60
2026-08-24,Piura,Morropon,La Matanza,ESTACION DE SERVICIOS DON ROMULO SA,Gasolina Premium,21.50
2026-08-24,Piura,Morropon,La Matanza,ESTACION DE SERVICIOS MONICA ROCIO EIRL,Gasolina Premium,21.00
2026-08-24,Piura,Morropon,La Matanza,GASOLINERA DEL NORTE SCRL,Gasolina Premium,21.50
2026-08-24,Piura,Morropon,La Matanza,COMBUSTIBLES Y LUBRICANTES CARRASCO E.I.R.L,Gasolina Regular,20.20
2026-08-24,Piura,Morropon,La Matanza,ESTACION DE SERVICIO PLUS ENERGY E.I.R.L.,Gasolina Regular,19.80
2026-08-24,Piura,Morropon,La Matanza,ESTACION DE SERVICIOS DON ROMULO SA,Gasolina Regular,19.99
2026-08-24,Piura,Morropon,La Matanza,ESTACION DE SERVICIOS MONICA ROCIO EIRL,Gasolina Regular,19.79
2026-08-24,Piura,Morropon,La Matanza,GASOLINERA DEL NORTE SCRL,Gasolina Regular,20.30
2026-08-24,Piura,Morropon,Morropon,COMBUSTIBLES & SERVICIOS SEÑOR CAUTIVO E.I.R.L.,Diesel DB5,26.10
2026-08-24,Piura,Morropon,Morropon,"COMBUSTIBLES,DERIVADOS Y SERVICIOS MI SEÑOR CAUTIVO II E.I.R.L.",Diesel DB5,26.10
2026-08-24,Piura,Morropon,Morropon,ESTACIONES DE SERVICIOS WILMAR S.A.C.,Diesel DB5,26.20
2026-08-24,Piura,Morropon,Morropon,GRIFO SANTA EMILIA E.I.R.L.,Diesel DB5,26.50
2026-08-24,Piura,Morropon,Morropon,COMBUSTIBLES & SERVICIOS SEÑOR CAUTIVO E.I.R.L.,Gasolina Premium,21.00
2026-08-24,Piura,Morropon,Morropon,"COMBUSTIBLES,DERIVADOS Y SERVICIOS MI SEÑOR CAUTIVO II E.I.R.L.",Gasolina Premium,21.00
2026-08-24,Piura,Morropon,Morropon,ESTACIONES DE SERVICIOS WILMAR S.A.C.,Gasolina Premium,22.40
2026-08-24,Piura,Morropon,Morropon,COMBUSTIBLES & SERVICIOS SEÑOR CAUTIVO E.I.R.L.,Gasolina Regular,20.70
2026-08-24,Piura,Morropon,Morropon,"COMBUSTIBLES,DERIVADOS Y SERVICIOS MI SEÑOR CAUTIVO II E.I.R.L.",Gasolina Regular,20.20
2026-08-24,Piura,Morropon,Morropon,ESTACIONES DE SERVICIOS WILMAR S.A.C.,Gasolina Regular,20.90
2026-08-24,Piura,Morropon,Morropon,GRIFO SANTA EMILIA E.I.R.L.,Gasolina Regular,20.99
2026-08-24,Piura,Morropon,Salitral,ESTACIONES DE SERVICIOS MERCE HERMANOS S.A.C.,Diesel DB5,25.80
2026-08-24,Piura,Morropon,Salitral,ESTACIONES DE SERVICIOS MERCE HERMANOS S.A.C.,Gasolina Premium,22.40
2026-08-24,Piura,Morropon,Salitral,ESTACIONES DE SERVICIOS MERCE HERMANOS S.A.C.,Gasolina Regular,20.90
2026-08-24,Piura,Paita,Colan,ESTACION DE SERVICIOS DON ALBERTO S.R.L.,Diesel DB5,26.29
2026-08-24,Piura,Paita,Colan,GLOBAL FUEL SOCIEDAD ANONIMA,Diesel DB5,26.99
2026-08-24,Piura,Paita,Colan,GRIFO ZACAS S.A.C.,Diesel DB5,25.99
2026-08-24,Piura,Paita,Colan,MIRWAL SERVICES S.A.C.,Diesel DB5,26.38
2026-08-24,Piura,Paita,Colan,UCV GRIFOS SOCIEDAD COMERCIAL DE RESPONSABILIDAD LIMITADA - UCV GRIFOS S.R.L.,Diesel DB5,25.99
2026-08-24,Piura,Paita,Colan,GLOBAL FUEL SOCIEDAD ANONIMA,Gasolina Premium,25.49
2026-08-24,Piura,Paita,Colan,GRIFO ZACAS S.A.C.,Gasolina Premium,22.70
2026-08-24,Piura,Paita,Colan,MIRWAL SERVICES S.A.C.,Gasolina Premium,21.79
2026-08-24,Piura,Paita,Colan,UCV GRIFOS SOCIEDAD COMERCIAL DE RESPONSABILIDAD LIMITADA - UCV GRIFOS S.R.L.,Gasolina Premium,22.72
2026-08-24,Piura,Paita,Colan,ESTACION DE SERVICIOS DON ALBERTO S.R.L.,Gasolina Regular,21.49
2026-08-24,Piura,Paita,Colan,GLOBAL FUEL SOCIEDAD ANONIMA,Gasolina Regular,22.90
2026-08-24,Piura,Paita,Colan,GRIFO ZACAS S.A.C.,Gasolina Regular,21.28
2026-08-24,Piura,Paita,Colan,MIRWAL SERVICES S.A.C.,Gasolina Regular,20.67
2026-08-24,Piura,Paita,Colan,UCV GRIFOS SOCIEDAD COMERCIAL DE RESPONSABILIDAD LIMITADA - UCV GRIFOS S.R.L.,Gasolina Regular,21.28
2026-08-24,Piura,Paita,Paita,CATALINA MENA MONGGO,Diesel DB5,25.00
2026-08-24,Piura,Paita,Paita,EL SEÑOR DEL MAR S.A.C.,Diesel DB5,23.50
2026-08-24,Piura,Paita,Paita,ESTACION DE SERVICIOS  GAS PETRO,Diesel DB5,24.80
2026-08-24,Piura,Paita,Paita,ESTACION DE SERVICIOS PAITA,Diesel DB5,26.99
2026-08-24,Piura,Paita,Paita,ESTACION DE SERVICIOS SAN JOSE S.A.C.,Diesel DB5,26.30
2026-08-24,Piura,Paita,Paita,GLOBAL FUEL S.A.,Diesel DB5,25.99
2026-08-24,Piura,Paita,Paita,GLOBAL FUEL SOCIEDAD ANONIMA,Diesel DB5,25.99
2026-08-24,Piura,Paita,Paita,GLOBAL FUEL SOCIEDAD ANONIMA,Diesel DB5,25.99
2026-08-24,Piura,Paita,Paita,INVERSIONES JOCYMAS S.A.C.,Diesel DB5,24.00
2026-08-24,Piura,Paita,Paita,LLEVAMAX SOCIEDAD ANÓNIMA CERRADA,Diesel DB5,24.17
2026-08-24,Piura,Paita,Paita,NORPETROL S.C.R.L.,Diesel DB5,24.50
2026-08-24,Piura,Paita,Paita,OCEANO FISHING SERVICES S.A.C.,Diesel DB5,23.24
2026-08-24,Piura,Paita,Paita,PESQUERA ALTAIR S.A.C.,Diesel DB5,24.78
2026-08-24,Piura,Paita,Paita,PETRO PAITA S.A.C.,Diesel DB5,24.24
2026-08-24,Piura,Paita,Paita,SERVICENTRO MADRID E HIJOS S.R.L.,Diesel DB5,25.64
2026-08-24,Piura,Paita,Paita,SERVICENTRO MADRID E HIJOS S.R.L.,Diesel DB5,25.64
2026-08-24,Piura,Paita,Paita,SERVICIOS DIESEL EXPRESS EIRL,Diesel DB5,24.50
2026-08-24,Piura,Paita,Paita,SERVICIOS DIESEL EXPRESS EIRL,Diesel DB5,24.50
2026-08-24,Piura,Paita,Paita,CATALINA MENA MONGGO,Gasolina Premium,22.50
2026-08-24,Piura,Paita,Paita,ESTACION DE SERVICIOS  GAS PETRO,Gasolina Premium,21.30
2026-08-24,Piura,Paita,Paita,ESTACION DE SERVICIOS PAITA,Gasolina Premium,25.32
2026-08-24,Piura,Paita,Paita,GLOBAL FUEL S.A.,Gasolina Premium,23.50
2026-08-24,Piura,Paita,Paita,GLOBAL FUEL SOCIEDAD ANONIMA,Gasolina Premium,23.50
2026-08-24,Piura,Paita,Paita,GLOBAL FUEL SOCIEDAD ANONIMA,Gasolina Premium,23.99
2026-08-24,Piura,Paita,Paita,LLEVAMAX SOCIEDAD ANÓNIMA CERRADA,Gasolina Premium,20.75
2026-08-24,Piura,Paita,Paita,PETRO PAITA S.A.C.,Gasolina Premium,20.95
2026-08-24,Piura,Paita,Paita,SERVICENTRO MADRID E HIJOS S.R.L.,Gasolina Premium,21.96
2026-08-24,Piura,Paita,Paita,SERVICENTRO MADRID E HIJOS S.R.L.,Gasolina Premium,21.96
2026-08-24,Piura,Paita,Paita,CATALINA MENA MONGGO,Gasolina Regular,20.50
2026-08-24,Piura,Paita,Paita,ESTACION DE SERVICIOS  GAS PETRO,Gasolina Regular,19.90
2026-08-24,Piura,Paita,Paita,ESTACION DE SERVICIOS PAITA,Gasolina Regular,22.42
2026-08-24,Piura,Paita,Paita,GLOBAL FUEL S.A.,Gasolina Regular,21.48
2026-08-24,Piura,Paita,Paita,GLOBAL FUEL SOCIEDAD ANONIMA,Gasolina Regular,21.48
2026-08-24,Piura,Paita,Paita,GLOBAL FUEL SOCIEDAD ANONIMA,Gasolina Regular,21.99
2026-08-24,Piura,Paita,Paita,LLEVAMAX SOCIEDAD ANÓNIMA CERRADA,Gasolina Regular,19.30
2026-08-24,Piura,Paita,Paita,PETRO PAITA S.A.C.,Gasolina Regular,19.78
2026-08-24,Piura,Paita,Paita,SERVICENTRO MADRID E HIJOS S.R.L.,Gasolina Regular,20.90
2026-08-24,Piura,Paita,Paita,SERVICENTRO MADRID E HIJOS S.R.L.,Gasolina Regular,20.90
2026-08-24,Piura,Piura,Castilla,COESTI S.A.,Diesel DB5,26.15
2026-08-24,Piura,Piura,Castilla,COESTI S.A.,Diesel DB5,26.15
2026-08-24,Piura,Piura,Castilla,COESTI SA,Diesel DB5,26.49
2026-08-24,Piura,Piura,Castilla,COMERCIAL MEXICO E IMPORTACIONES E.I.R.L.,Diesel DB5,24.59
2026-08-24,Piura,Piura,Castilla,CORDOVA JULCA NIDER,Diesel DB5,24.99
2026-08-24,Piura,Piura,Castilla,CT-GAS EL ARENAL S.A.C,Diesel DB5,24.69
2026-08-24,Piura,Piura,Castilla,ES PROGRESO,Diesel DB5,26.90
2026-08-24,Piura,Piura,Castilla,ESTACION DE SERVICIO NEVADO S.R.L.,Diesel DB5,25.50
2026-08-24,Piura,Piura,Castilla,ESTACION DE SERVICIOS EL CASTELLANO EIRL,Diesel DB5,24.90
2026-08-24,Piura,Piura,Castilla,ESTACION DE SERVICIOS PORVENIR II,Diesel DB5,25.64
2026-08-24,Piura,Piura,Castilla,ESTACION DE SERVICIOS ROSA ELENA EIRLTDA,Diesel DB5,25.69
2026-08-24,Piura,Piura,Castilla,ESTACION DE SERVICIOS SAN JOSE S.A.C.,Diesel DB5,25.64
2026-08-24,Piura,Piura,Castilla,ESTACION RIVER FRONT,Diesel DB5,26.79
2026-08-24,Piura,Piura,Castilla,ESTACIÓN DE SERVICIO Y GASOCENTRO MIRAFLORES S.R.L.,Diesel DB5,25.52
2026-08-24,Piura,Piura,Castilla,GASOCENTRO PEYSA II SAC,Diesel DB5,26.85
2026-08-24,Piura,Piura,Castilla,GASOLINERA SAN ANTONIO E.I.R.L.,Diesel DB5,24.59
2026-08-24,Piura,Piura,Castilla,GASOLINERAS PIURA SRL,Diesel DB5,24.99
2026-08-24,Piura,Piura,Castilla,GRIFOS RANGER Y  SERVICIOS SCRL,Diesel DB5,23.99
2026-08-24,Piura,Piura,Castilla,JUSTOGAS S.A.C.,Diesel DB5,25.90
2026-08-24,Piura,Piura,Castilla,NORPETROL SCRL,Diesel DB5,26.99
2026-08-24,Piura,Piura,Castilla,SUCESION VIGNOLO ESQUERRE ORLANDO,Diesel DB5,24.90
2026-08-24,Piura,Piura,Castilla,UCV GRIFOS S.R.L.,Diesel DB5,25.52
2026-08-24,Piura,Piura,Castilla,UCV GRIFOS S.R.L.,Diesel DB5,26.15
2026-08-24,Piura,Piura,Castilla,COESTI S.A.,Gasolina Premium,22.59
2026-08-24,Piura,Piura,Castilla,COESTI S.A.,Gasolina Premium,22.59
2026-08-24,Piura,Piura,Castilla,COESTI SA,Gasolina Premium,22.19
2026-08-24,Piura,Piura,Castilla,COMERCIAL MEXICO E IMPORTACIONES E.I.R.L.,Gasolina Premium,22.29
2026-08-24,Piura,Piura,Castilla,CORDOVA JULCA NIDER,Gasolina Premium,20.98
2026-08-24,Piura,Piura,Castilla,CT-GAS EL ARENAL S.A.C,Gasolina Premium,20.69
2026-08-24,Piura,Piura,Castilla,ES PROGRESO,Gasolina Premium,23.05
2026-08-24,Piura,Piura,Castilla,ESTACION DE SERVICIO NEVADO S.R.L.,Gasolina Premium,23.00
2026-08-24,Piura,Piura,Castilla,ESTACION DE SERVICIOS EL CASTELLANO EIRL,Gasolina Premium,20.60
2026-08-24,Piura,Piura,Castilla,ESTACION DE SERVICIOS PORVENIR II,Gasolina Premium,22.45
2026-08-24,Piura,Piura,Castilla,ESTACION DE SERVICIOS SAN JOSE S.A.C.,Gasolina Premium,22.09
2026-08-24,Piura,Piura,Castilla,ESTACION RIVER FRONT,Gasolina Premium,22.39
2026-08-24,Piura,Piura,Castilla,ESTACIÓN DE SERVICIO Y GASOCENTRO MIRAFLORES S.R.L.,Gasolina Premium,22.19
2026-08-24,Piura,Piura,Castilla,GASOCENTRO PEYSA II SAC,Gasolina Premium,22.49
2026-08-24,Piura,Piura,Castilla,GASOLINERA SAN ANTONIO E.I.R.L.,Gasolina Premium,22.19
2026-08-24,Piura,Piura,Castilla,GASOLINERAS PIURA SRL,Gasolina Premium,21.49
2026-08-24,Piura,Piura,Castilla,GRIFOS RANGER Y  SERVICIOS SCRL,Gasolina Premium,20.95
2026-08-24,Piura,Piura,Castilla,JUSTOGAS S.A.C.,Gasolina Premium,22.49
2026-08-24,Piura,Piura,Castilla,NORPETROL SCRL,Gasolina Premium,23.39
2026-08-24,Piura,Piura,Castilla,SUCESION VIGNOLO ESQUERRE ORLANDO,Gasolina Premium,22.19
2026-08-24,Piura,Piura,Castilla,UCV GRIFOS S.R.L.,Gasolina Premium,22.19
2026-08-24,Piura,Piura,Castilla,UCV GRIFOS S.R.L.,Gasolina Premium,22.59
2026-08-24,Piura,Piura,Castilla,COESTI S.A.,Gasolina Regular,19.85
2026-08-24,Piura,Piura,Castilla,COESTI S.A.,Gasolina Regular,19.99
2026-08-24,Piura,Piura,Castilla,COESTI SA,Gasolina Regular,19.99
2026-08-24,Piura,Piura,Castilla,COMERCIAL MEXICO E IMPORTACIONES E.I.R.L.,Gasolina Regular,20.69
2026-08-24,Piura,Piura,Castilla,CORDOVA JULCA NIDER,Gasolina Regular,19.49
2026-08-24,Piura,Piura,Castilla,CT-GAS EL ARENAL S.A.C,Gasolina Regular,19.69
2026-08-24,Piura,Piura,Castilla,ES PROGRESO,Gasolina Regular,21.15
2026-08-24,Piura,Piura,Castilla,ESTACION DE SERVICIO NEVADO S.R.L.,Gasolina Regular,20.70
2026-08-24,Piura,Piura,Castilla,ESTACION DE SERVICIOS EL CASTELLANO EIRL,Gasolina Regular,19.50
2026-08-24,Piura,Piura,Castilla,ESTACION DE SERVICIOS PORVENIR II,Gasolina Regular,20.09
2026-08-24,Piura,Piura,Castilla,ESTACION DE SERVICIOS ROSA ELENA EIRLTDA,Gasolina Regular,20.45
2026-08-24,Piura,Piura,Castilla,ESTACION DE SERVICIOS SAN JOSE S.A.C.,Gasolina Regular,19.84
2026-08-24,Piura,Piura,Castilla,ESTACION RIVER FRONT,Gasolina Regular,19.79
2026-08-24,Piura,Piura,Castilla,ESTACIÓN DE SERVICIO Y GASOCENTRO MIRAFLORES S.R.L.,Gasolina Regular,19.93
2026-08-24,Piura,Piura,Castilla,GASOCENTRO PEYSA II SAC,Gasolina Regular,20.99
2026-08-24,Piura,Piura,Castilla,GASOLINERA SAN ANTONIO E.I.R.L.,Gasolina Regular,19.93
2026-08-24,Piura,Piura,Castilla,GASOLINERAS PIURA SRL,Gasolina Regular,19.99
2026-08-24,Piura,Piura,Castilla,GRIFOS RANGER Y  SERVICIOS SCRL,Gasolina Regular,19.69
2026-08-24,Piura,Piura,Castilla,JUSTOGAS S.A.C.,Gasolina Regular,21.20
2026-08-24,Piura,Piura,Castilla,NORPETROL SCRL,Gasolina Regular,20.79
2026-08-24,Piura,Piura,Castilla,SUCESION VIGNOLO ESQUERRE ORLANDO,Gasolina Regular,19.93
2026-08-24,Piura,Piura,Castilla,UCV GRIFOS S.R.L.,Gasolina Regular,19.85
2026-08-24,Piura,Piura,Castilla,UCV GRIFOS S.R.L.,Gasolina Regular,19.93
2026-08-24,Piura,Piura,Catacaos,ESTACION DE SERVICIOS,Diesel DB5,26.99
2026-08-24,Piura,Piura,Catacaos,ESTACION DE SERVICIOS ABAFI S.A.C.,Diesel DB5,25.59
2026-08-24,Piura,Piura,Catacaos,ESTACION DE SERVICIOS EL CASTELLANO E.I.R.L.,Diesel DB5,25.90
2026-08-24,Piura,Piura,Catacaos,ESTACION DE SERVICIOS LOS TALLANES S.R.L,Diesel DB5,26.49
2026-08-24,Piura,Piura,Catacaos,ESTACION DE SERVICIOS RIO VIEJO II SRL,Diesel DB5,25.55
2026-08-24,Piura,Piura,Catacaos,ESTACION DE SERVICIOS SAN JOSE S.A.C. NARIHUALÁ,Diesel DB5,25.99
2026-08-24,Piura,Piura,Catacaos,ESTACION DE SERVICIOS SAN JOSE S.A.C. SIMBILA,Diesel DB5,25.99
2026-08-24,Piura,Piura,Catacaos,ESTACION DE SERVICIOS SANDOVAL HNOS S.R.L.,Diesel DB5,26.49
2026-08-24,Piura,Piura,Catacaos,ESTACION DE SERVICIOS SANTO TOMAS DE LIMA S.A.C.,Diesel DB5,26.09
2026-08-24,Piura,Piura,Catacaos,HIPER C & D SOCIEDAD ANONIMA CERRADA,Diesel DB5,25.55
2026-08-24,Piura,Piura,Catacaos,ONCAP S.A.C.,Diesel DB5,26.67
2026-08-24,Piura,Piura,Catacaos,PETRO CATACAOS S.A.C.,Diesel DB5,25.85
2026-08-24,Piura,Piura,Catacaos,UCV GRIFOS S.R.L.,Diesel DB5,26.49
2026-08-24,Piura,Piura,Catacaos,ESTACION DE SERVICIOS ABAFI S.A.C.,Gasolina Premium,21.99
2026-08-24,Piura,Piura,Catacaos,ESTACION DE SERVICIOS EL CASTELLANO E.I.R.L.,Gasolina Premium,21.50
2026-08-24,Piura,Piura,Catacaos,ESTACION DE SERVICIOS LOS TALLANES S.R.L,Gasolina Premium,21.69
2026-08-24,Piura,Piura,Catacaos,ESTACION DE SERVICIOS RIO VIEJO II SRL,Gasolina Premium,21.99
2026-08-24,Piura,Piura,Catacaos,ESTACION DE SERVICIOS SAN JOSE S.A.C. NARIHUALÁ,Gasolina Premium,21.69
2026-08-24,Piura,Piura,Catacaos,ESTACION DE SERVICIOS SAN JOSE S.A.C. SIMBILA,Gasolina Premium,21.69
2026-08-24,Piura,Piura,Catacaos,ESTACION DE SERVICIOS SANTO TOMAS DE LIMA S.A.C.,Gasolina Premium,21.99
2026-08-24,Piura,Piura,Catacaos,HIPER C & D SOCIEDAD ANONIMA CERRADA,Gasolina Premium,21.99
2026-08-24,Piura,Piura,Catacaos,PETRO CATACAOS S.A.C.,Gasolina Premium,21.65
2026-08-24,Piura,Piura,Catacaos,UCV GRIFOS S.R.L.,Gasolina Premium,21.69
2026-08-24,Piura,Piura,Catacaos,ESTACION DE SERVICIOS,Gasolina Regular,21.99
2026-08-24,Piura,Piura,Catacaos,ESTACION DE SERVICIOS ABAFI S.A.C.,Gasolina Regular,20.39
2026-08-24,Piura,Piura,Catacaos,ESTACION DE SERVICIOS EL CASTELLANO E.I.R.L.,Gasolina Regular,20.00
2026-08-24,Piura,Piura,Catacaos,ESTACION DE SERVICIOS LOS TALLANES S.R.L,Gasolina Regular,19.99
2026-08-24,Piura,Piura,Catacaos,ESTACION DE SERVICIOS RIO VIEJO II SRL,Gasolina Regular,20.29
2026-08-24,Piura,Piura,Catacaos,ESTACION DE SERVICIOS SAN JOSE S.A.C. NARIHUALÁ,Gasolina Regular,19.79
2026-08-24,Piura,Piura,Catacaos,ESTACION DE SERVICIOS SAN JOSE S.A.C. SIMBILA,Gasolina Regular,19.79
2026-08-24,Piura,Piura,Catacaos,ESTACION DE SERVICIOS SANDOVAL HNOS S.R.L.,Gasolina Regular,20.49
2026-08-24,Piura,Piura,Catacaos,ESTACION DE SERVICIOS SANTO TOMAS DE LIMA S.A.C.,Gasolina Regular,20.29
2026-08-24,Piura,Piura,Catacaos,HIPER C & D SOCIEDAD ANONIMA CERRADA,Gasolina Regular,20.29
2026-08-24,Piura,Piura,Catacaos,ONCAP S.A.C.,Gasolina Regular,20.99
2026-08-24,Piura,Piura,Catacaos,PETRO CATACAOS S.A.C.,Gasolina Regular,19.77
2026-08-24,Piura,Piura,Catacaos,UCV GRIFOS S.R.L.,Gasolina Regular,19.99
2026-08-24,Piura,Piura,La Arena,GRUPO MASER S.R.L.,Diesel DB5,26.49
2026-08-24,Piura,Piura,La Arena,PETROVICH - TAX E.I.R.L.,Diesel DB5,26.50
2026-08-24,Piura,Piura,La Arena,GRUPO MASER S.R.L.,Gasolina Premium,21.99
2026-08-24,Piura,Piura,La Arena,GRUPO MASER S.R.L.,Gasolina Regular,21.15
2026-08-24,Piura,Piura,La Arena,PETROVICH - TAX E.I.R.L.,Gasolina Regular,20.30
2026-08-24,Piura,Piura,La Union,ESTACION DE SERVICIOS LA UNION S.A.C.,Diesel DB5,26.49
2026-08-24,Piura,Piura,La Union,GRIFO Y SERVICIOS HORIZONTE SOCIEDAD COMERCIAL DE RESPONSABILIDAD LIMITADA,Diesel DB5,26.49
2026-08-24,Piura,Piura,La Union,ESTACION DE SERVICIOS LA UNION S.A.C.,Gasolina Premium,21.69
2026-08-24,Piura,Piura,La Union,GRIFO Y SERVICIOS HORIZONTE SOCIEDAD COMERCIAL DE RESPONSABILIDAD LIMITADA,Gasolina Premium,21.69
2026-08-24,Piura,Piura,La Union,ESTACION DE SERVICIOS LA UNION S.A.C.,Gasolina Regular,19.89
2026-08-24,Piura,Piura,La Union,GRIFO Y SERVICIOS HORIZONTE SOCIEDAD COMERCIAL DE RESPONSABILIDAD LIMITADA,Gasolina Regular,19.89
2026-08-24,Piura,Piura,Las Lomas,COMBUSTIBLES NAXA S.A.C.,Diesel DB5,26.80
2026-08-24,Piura,Piura,Las Lomas,PETRO LAS LOMAS S.A.C.,Diesel DB5,27.30
2026-08-24,Piura,Piura,Las Lomas,SERVICIOS Y TRANSPORTES LEO & JC EMPRESA INDIVIDUAL DE RESPONSABILIDAD LIMITADA,Diesel DB5,27.50
2026-08-24,Piura,Piura,Las Lomas,COMBUSTIBLES NAXA S.A.C.,Gasolina Premium,22.50
2026-08-24,Piura,Piura,Las Lomas,PETRO LAS LOMAS S.A.C.,Gasolina Premium,21.90
2026-08-24,Piura,Piura,Las Lomas,SERVICIOS Y TRANSPORTES LEO & JC EMPRESA INDIVIDUAL DE RESPONSABILIDAD LIMITADA,Gasolina Premium,22.00
2026-08-24,Piura,Piura,Las Lomas,COMBUSTIBLES NAXA S.A.C.,Gasolina Regular,20.90
2026-08-24,Piura,Piura,Las Lomas,PETRO LAS LOMAS S.A.C.,Gasolina Regular,21.40
2026-08-24,Piura,Piura,Las Lomas,SERVICIOS Y TRANSPORTES LEO & JC EMPRESA INDIVIDUAL DE RESPONSABILIDAD LIMITADA,Gasolina Regular,21.50
2026-08-24,Piura,Piura,Piura,COESTI S.A,Diesel DB5,26.29
2026-08-24,Piura,Piura,Piura,COESTI S.A,Diesel DB5,26.49
2026-08-24,Piura,Piura,Piura,COESTI S.A,Diesel DB5,26.79
2026-08-24,Piura,Piura,Piura,COESTI S.A,Diesel DB5,26.99
2026-08-24,Piura,Piura,Piura,COESTI S.A,Diesel DB5,26.99
2026-08-24,Piura,Piura,Piura,COESTI S.A.,Diesel DB5,25.99
2026-08-24,Piura,Piura,Piura,COESTI S.A.,Diesel DB5,26.79
2026-08-24,Piura,Piura,Piura,COESTI S.A.,Diesel DB5,26.85
2026-08-24,Piura,Piura,Piura,COESTI S.A.,Diesel DB5,26.99
2026-08-24,Piura,Piura,Piura,COESTI SA,Diesel DB5,26.99
2026-08-24,Piura,Piura,Piura,ECONOGAS S.R.L,Diesel DB5,24.50
2026-08-24,Piura,Piura,Piura,ES JARDINES,Diesel DB5,26.90
2026-08-24,Piura,Piura,Piura,ES SANCHEZ CERRO,Diesel DB5,26.90
2026-08-24,Piura,Piura,Piura,ESTACION BOLOGNESI SRL,Diesel DB5,26.99
2026-08-24,Piura,Piura,Piura,ESTACION DE SERVICIO NEVADO S.R.L.,Diesel DB5,26.00
2026-08-24,Piura,Piura,Piura,ESTACION DE SERVICIOS CEREZAL E.I.R.L.,Diesel DB5,26.49
2026-08-24,Piura,Piura,Piura,ESTACION DE SERVICIOS RETA S.A.C.,Diesel DB5,25.99
2026-08-24,Piura,Piura,Piura,ESTACION DE SERVICIOS SAN JOSE S.A.C. 1,Diesel DB5,25.79
2026-08-24,Piura,Piura,Piura,ESTACION DE SERVICIOS SANTO TOMAS DE LIMA S.A.C.,Diesel DB5,26.49
2026-08-24,Piura,Piura,Piura,ESTACIONES DON BOSCO SOCIEDAD ANÓNIMA CERRADA,Diesel DB5,26.39
2026-08-24,Piura,Piura,Piura,GLOBAL FUEL S.A,Diesel DB5,27.49
2026-08-24,Piura,Piura,Piura,GLOBAL FUEL SOCIEDAD ANONIMA,Diesel DB5,26.79
2026-08-24,Piura,Piura,Piura,GRIFO SAN RAMON S.R.LTDA.,Diesel DB5,26.95
2026-08-24,Piura,Piura,Piura,GRIFO VIGMA S.R.L.,Diesel DB5,26.80
2026-08-24,Piura,Piura,Piura,GRUPO RUIZ & BUSTAMANTE S.A.C.,Diesel DB5,25.79
2026-08-24,Piura,Piura,Piura,SERVICENTRO G & R S.A.C.,Diesel DB5,25.79
2026-08-24,Piura,Piura,Piura,COESTI S.A,Gasolina Premium,22.15
2026-08-24,Piura,Piura,Piura,COESTI S.A,Gasolina Premium,22.49
2026-08-24,Piura,Piura,Piura,COESTI S.A,Gasolina Premium,22.59
2026-08-24,Piura,Piura,Piura,COESTI S.A,Gasolina Premium,22.79
2026-08-24,Piura,Piura,Piura,COESTI S.A,Gasolina Premium,23.89
2026-08-24,Piura,Piura,Piura,COESTI S.A.,Gasolina Premium,22.39
2026-08-24,Piura,Piura,Piura,COESTI S.A.,Gasolina Premium,22.89
2026-08-24,Piura,Piura,Piura,COESTI S.A.,Gasolina Premium,23.79
2026-08-24,Piura,Piura,Piura,COESTI S.A.,Gasolina Premium,23.79
2026-08-24,Piura,Piura,Piura,COESTI SA,Gasolina Premium,23.69
2026-08-24,Piura,Piura,Piura,ES JARDINES,Gasolina Premium,23.30
2026-08-24,Piura,Piura,Piura,ES SANCHEZ CERRO,Gasolina Premium,23.30
2026-08-24,Piura,Piura,Piura,ESTACION BOLOGNESI SRL,Gasolina Premium,22.89
2026-08-24,Piura,Piura,Piura,ESTACION DE SERVICIO NEVADO S.R.L.,Gasolina Premium,23.30
2026-08-24,Piura,Piura,Piura,ESTACION DE SERVICIOS CEREZAL E.I.R.L.,Gasolina Premium,21.99
2026-08-24,Piura,Piura,Piura,ESTACION DE SERVICIOS RETA S.A.C.,Gasolina Premium,22.27
2026-08-24,Piura,Piura,Piura,ESTACION DE SERVICIOS SAN JOSE S.A.C. 1,Gasolina Premium,22.09
2026-08-24,Piura,Piura,Piura,ESTACION DE SERVICIOS SANTO TOMAS DE LIMA S.A.C.,Gasolina Premium,21.99
2026-08-24,Piura,Piura,Piura,ESTACIONES DON BOSCO SOCIEDAD ANÓNIMA CERRADA,Gasolina Premium,22.85
2026-08-24,Piura,Piura,Piura,GLOBAL FUEL S.A,Gasolina Premium,23.49
2026-08-24,Piura,Piura,Piura,GLOBAL FUEL SOCIEDAD ANONIMA,Gasolina Premium,22.79
2026-08-24,Piura,Piura,Piura,GRIFO SAN RAMON S.R.LTDA.,Gasolina Premium,23.40
2026-08-24,Piura,Piura,Piura,GRIFO VIGMA S.R.L.,Gasolina Premium,22.60
2026-08-24,Piura,Piura,Piura,GRUPO RUIZ & BUSTAMANTE S.A.C.,Gasolina Premium,22.29
2026-08-24,Piura,Piura,Piura,SERVICENTRO G & R S.A.C.,Gasolina Premium,22.29
2026-08-24,Piura,Piura,Piura,COESTI S.A,Gasolina Regular,19.69
2026-08-24,Piura,Piura,Piura,COESTI S.A,Gasolina Regular,19.79
2026-08-24,Piura,Piura,Piura,COESTI S.A,Gasolina Regular,20.09
2026-08-24,Piura,Piura,Piura,COESTI S.A,Gasolina Regular,20.79
2026-08-24,Piura,Piura,Piura,COESTI S.A,Gasolina Regular,20.99
2026-08-24,Piura,Piura,Piura,COESTI S.A.,Gasolina Regular,19.89
2026-08-24,Piura,Piura,Piura,COESTI S.A.,Gasolina Regular,20.39
2026-08-24,Piura,Piura,Piura,COESTI S.A.,Gasolina Regular,21.19
2026-08-24,Piura,Piura,Piura,COESTI S.A.,Gasolina Regular,21.49
2026-08-24,Piura,Piura,Piura,COESTI SA,Gasolina Regular,21.35
2026-08-24,Piura,Piura,Piura,ES JARDINES,Gasolina Regular,21.30
2026-08-24,Piura,Piura,Piura,ES SANCHEZ CERRO,Gasolina Regular,21.30
2026-08-24,Piura,Piura,Piura,ESTACION BOLOGNESI SRL,Gasolina Regular,20.39
2026-08-24,Piura,Piura,Piura,ESTACION DE SERVICIO NEVADO S.R.L.,Gasolina Regular,21.00
2026-08-24,Piura,Piura,Piura,ESTACION DE SERVICIOS CEREZAL E.I.R.L.,Gasolina Regular,20.69
2026-08-24,Piura,Piura,Piura,ESTACION DE SERVICIOS RETA S.A.C.,Gasolina Regular,20.55
2026-08-24,Piura,Piura,Piura,ESTACION DE SERVICIOS SAN JOSE S.A.C. 1,Gasolina Regular,19.59
2026-08-24,Piura,Piura,Piura,ESTACION DE SERVICIOS SANTO TOMAS DE LIMA S.A.C.,Gasolina Regular,19.99
2026-08-24,Piura,Piura,Piura,ESTACIONES DON BOSCO SOCIEDAD ANÓNIMA CERRADA,Gasolina Regular,20.39
2026-08-24,Piura,Piura,Piura,GLOBAL FUEL S.A,Gasolina Regular,21.09
2026-08-24,Piura,Piura,Piura,GLOBAL FUEL SOCIEDAD ANONIMA,Gasolina Regular,20.99
2026-08-24,Piura,Piura,Piura,GRIFO SAN RAMON S.R.LTDA.,Gasolina Regular,21.35
2026-08-24,Piura,Piura,Piura,GRIFO VIGMA S.R.L.,Gasolina Regular,20.90
2026-08-24,Piura,Piura,Piura,GRUPO RUIZ & BUSTAMANTE S.A.C.,Gasolina Regular,20.49
2026-08-24,Piura,Piura,Piura,SERVICENTRO G & R S.A.C.,Gasolina Regular,20.49
2026-08-24,Piura,Piura,Tambo Grande,COMBUSTIBLES HSIPERU & SERVICIOS GENERALES SOCIEDAD COMERCIAL DE RESPONSABILIDAD LIMITADA .                                OCIEDAD COMERCIAL DE RESPONSABILIDAD LIMITADA,Diesel DB5,25.90
2026-08-24,Piura,Piura,Tambo Grande,CORPORACION HERMANOS HUERTAS SOCIEDAD COMERCIAL DE RESPONSABILIDAD LIMITADA,Diesel DB5,26.40
2026-08-24,Piura,Piura,Tambo Grande,DOMINGUEZ MORANTE MOISES GERMAN,Diesel DB5,26.10
2026-08-24,Piura,Piura,Tambo Grande,ESTACION DE SERVICIO DON LUCHO S.A.C.,Diesel DB5,25.99
2026-08-24,Piura,Piura,Tambo Grande,ESTACION DE SERVICIOS SULLKATA S.A.C.,Diesel DB5,25.60
2026-08-24,Piura,Piura,Tambo Grande,ESTACIÓN DE SERVICIO SILVA E.I.R.L.,Diesel DB5,25.50
2026-08-24,Piura,Piura,Tambo Grande,GREGORIO CHIROQUE SERNAQUE,Diesel DB5,26.40
2026-08-24,Piura,Piura,Tambo Grande,GRIFO DEL PUEBLO,Diesel DB5,26.10
2026-08-24,Piura,Piura,Tambo Grande,GRIFO DEL PUEBLO,Diesel DB5,26.10
2026-08-24,Piura,Piura,Tambo Grande,GRIFO J Y E PAMEN S.A.C.,Diesel DB5,25.70
2026-08-24,Piura,Piura,Tambo Grande,GRIFO J Y E PAMEN S.A.C.,Diesel DB5,25.70
2026-08-24,Piura,Piura,Tambo Grande,PETROCENTRO ESTACION 2 E.I.R.L.,Diesel DB5,25.99
2026-08-24,Piura,Piura,Tambo Grande,RODOLFO MIGUEL ANGEL PALACIOS NIMA,Diesel DB5,26.40
2026-08-24,Piura,Piura,Tambo Grande,VIKA & C SERVICES E.I.R.L.,Diesel DB5,26.90
2026-08-24,Piura,Piura,Tambo Grande,CORPORACION HERMANOS HUERTAS SOCIEDAD COMERCIAL DE RESPONSABILIDAD LIMITADA,Gasolina Premium,22.40
2026-08-24,Piura,Piura,Tambo Grande,ESTACION DE SERVICIOS SULLKATA S.A.C.,Gasolina Premium,23.10
2026-08-24,Piura,Piura,Tambo Grande,ESTACIÓN DE SERVICIO SILVA E.I.R.L.,Gasolina Premium,21.90
2026-08-24,Piura,Piura,Tambo Grande,GRIFO DEL PUEBLO,Gasolina Premium,21.40
2026-08-24,Piura,Piura,Tambo Grande,GRIFO J Y E PAMEN S.A.C.,Gasolina Premium,22.60
2026-08-24,Piura,Piura,Tambo Grande,GRIFO J Y E PAMEN S.A.C.,Gasolina Premium,22.60
2026-08-24,Piura,Piura,Tambo Grande,RODOLFO MIGUEL ANGEL PALACIOS NIMA,Gasolina Premium,22.50
2026-08-24,Piura,Piura,Tambo Grande,VIKA & C SERVICES E.I.R.L.,Gasolina Premium,22.40
2026-08-24,Piura,Piura,Tambo Grande,COMBUSTIBLES HSIPERU & SERVICIOS GENERALES SOCIEDAD COMERCIAL DE RESPONSABILIDAD LIMITADA .                                OCIEDAD COMERCIAL DE RESPONSABILIDAD LIMITADA,Gasolina Regular,20.80
2026-08-24,Piura,Piura,Tambo Grande,CORPORACION HERMANOS HUERTAS SOCIEDAD COMERCIAL DE RESPONSABILIDAD LIMITADA,Gasolina Regular,21.20
2026-08-24,Piura,Piura,Tambo Grande,DOMINGUEZ MORANTE MOISES GERMAN,Gasolina Regular,20.80
2026-08-24,Piura,Piura,Tambo Grande,ESTACION DE SERVICIO DON LUCHO S.A.C.,Gasolina Regular,20.99
2026-08-24,Piura,Piura,Tambo Grande,ESTACION DE SERVICIOS SULLKATA S.A.C.,Gasolina Regular,20.69
2026-08-24,Piura,Piura,Tambo Grande,ESTACIÓN DE SERVICIO SILVA E.I.R.L.,Gasolina Regular,21.30
2026-08-24,Piura,Piura,Tambo Grande,GREGORIO CHIROQUE SERNAQUE,Gasolina Regular,21.20
2026-08-24,Piura,Piura,Tambo Grande,GRIFO DEL PUEBLO,Gasolina Regular,20.40
2026-08-24,Piura,Piura,Tambo Grande,GRIFO DEL PUEBLO,Gasolina Regular,21.10
2026-08-24,Piura,Piura,Tambo Grande,GRIFO J Y E PAMEN S.A.C.,Gasolina Regular,21.20
2026-08-24,Piura,Piura,Tambo Grande,GRIFO J Y E PAMEN S.A.C.,Gasolina Regular,21.20
2026-08-24,Piura,Piura,Tambo Grande,PETROCENTRO ESTACION 2 E.I.R.L.,Gasolina Regular,20.90
2026-08-24,Piura,Piura,Tambo Grande,RODOLFO MIGUEL ANGEL PALACIOS NIMA,Gasolina Regular,21.20
2026-08-24,Piura,Piura,Tambo Grande,VIKA & C SERVICES E.I.R.L.,Gasolina Regular,21.20
2026-08-24,Piura,Piura,Veintiseis De Octubre,ARKANO TRADING S.A.C.,Diesel DB5,26.99
2026-08-24,Piura,Piura,Veintiseis De Octubre,COESTI SA,Diesel DB5,26.99
2026-08-24,Piura,Piura,Veintiseis De Octubre,DANIEL EIRL,Diesel DB5,26.49
2026-08-24,Piura,Piura,Veintiseis De Octubre,E.E.S.S. ONERGY S.A.C.,Diesel DB5,26.64
2026-08-24,Piura,Piura,Veintiseis De Octubre,ESTACION DE SERVICIO Y GASOCENTRO MIRAFLORES SOCIEDAD COMERCIAL DE RESPONSABILIDAD LIMITADA,Diesel DB5,26.64
2026-08-24,Piura,Piura,Veintiseis De Octubre,ESTACION DE SERVICIOS COSCOMBA S.A.C.,Diesel DB5,25.99
2026-08-24,Piura,Piura,Veintiseis De Octubre,ESTACION DE SERVICIOS PIURA S.R.L.,Diesel DB5,27.33
2026-08-24,Piura,Piura,Veintiseis De Octubre,ESTACION DE SERVICIOS SAN JOSE S.A.C.,Diesel DB5,25.99
2026-08-24,Piura,Piura,Veintiseis De Octubre,ESTACION DE SERVICIOS SAN JOSE S.A.C.,Diesel DB5,26.64
2026-08-24,Piura,Piura,Veintiseis De Octubre,GRIFO EL MILENIO E.I.R.L.,Diesel DB5,25.75
2026-08-24,Piura,Piura,Veintiseis De Octubre,GRIFO SAN IGNACIO SAC,Diesel DB5,26.79
2026-08-24,Piura,Piura,Veintiseis De Octubre,MAX GAS SAC,Diesel DB5,26.64
2026-08-24,Piura,Piura,Veintiseis De Octubre,MIGUEL PETROL ESTACION DE SERVICIOS S.A.C.,Diesel DB5,26.30
2026-08-24,Piura,Piura,Veintiseis De Octubre,PIURA GAS SAC,Diesel DB5,26.44
2026-08-24,Piura,Piura,Veintiseis De Octubre,UCV GRIFOS S.R.L.,Diesel DB5,26.64
2026-08-24,Piura,Piura,Veintiseis De Octubre,ARKANO TRADING S.A.C.,Gasolina Premium,23.39
2026-08-24,Piura,Piura,Veintiseis De Octubre,DANIEL EIRL,Gasolina Premium,22.99
2026-08-24,Piura,Piura,Veintiseis De Octubre,E.E.S.S. ONERGY S.A.C.,Gasolina Premium,21.94
2026-08-24,Piura,Piura,Veintiseis De Octubre,ESTACION DE SERVICIO Y GASOCENTRO MIRAFLORES SOCIEDAD COMERCIAL DE RESPONSABILIDAD LIMITADA,Gasolina Premium,21.84
2026-08-24,Piura,Piura,Veintiseis De Octubre,ESTACION DE SERVICIOS COSCOMBA S.A.C.,Gasolina Premium,21.59
2026-08-24,Piura,Piura,Veintiseis De Octubre,ESTACION DE SERVICIOS PIURA S.R.L.,Gasolina Premium,21.93
2026-08-24,Piura,Piura,Veintiseis De Octubre,ESTACION DE SERVICIOS SAN JOSE S.A.C.,Gasolina Premium,21.59
2026-08-24,Piura,Piura,Veintiseis De Octubre,ESTACION DE SERVICIOS SAN JOSE S.A.C.,Gasolina Premium,21.94
2026-08-24,Piura,Piura,Veintiseis De Octubre,GRIFO EL MILENIO E.I.R.L.,Gasolina Premium,21.52
2026-08-24,Piura,Piura,Veintiseis De Octubre,GRIFO SAN IGNACIO SAC,Gasolina Premium,23.39
2026-08-24,Piura,Piura,Veintiseis De Octubre,MAX GAS SAC,Gasolina Premium,21.89
2026-08-24,Piura,Piura,Veintiseis De Octubre,MIGUEL PETROL ESTACION DE SERVICIOS S.A.C.,Gasolina Premium,22.50
2026-08-24,Piura,Piura,Veintiseis De Octubre,PIURA GAS SAC,Gasolina Premium,21.89
2026-08-24,Piura,Piura,Veintiseis De Octubre,UCV GRIFOS S.R.L.,Gasolina Premium,21.94
2026-08-24,Piura,Piura,Veintiseis De Octubre,ARKANO TRADING S.A.C.,Gasolina Regular,21.28
2026-08-24,Piura,Piura,Veintiseis De Octubre,COESTI SA,Gasolina Regular,21.29
2026-08-24,Piura,Piura,Veintiseis De Octubre,DANIEL EIRL,Gasolina Regular,20.99
2026-08-24,Piura,Piura,Veintiseis De Octubre,E.E.S.S. ONERGY S.A.C.,Gasolina Regular,19.79
2026-08-24,Piura,Piura,Veintiseis De Octubre,ESTACION DE SERVICIO Y GASOCENTRO MIRAFLORES SOCIEDAD COMERCIAL DE RESPONSABILIDAD LIMITADA,Gasolina Regular,19.59
2026-08-24,Piura,Piura,Veintiseis De Octubre,ESTACION DE SERVICIOS COSCOMBA S.A.C.,Gasolina Regular,20.25
2026-08-24,Piura,Piura,Veintiseis De Octubre,ESTACION DE SERVICIOS PIURA S.R.L.,Gasolina Regular,19.59
2026-08-24,Piura,Piura,Veintiseis De Octubre,ESTACION DE SERVICIOS SAN JOSE S.A.C.,Gasolina Regular,19.69
2026-08-24,Piura,Piura,Veintiseis De Octubre,ESTACION DE SERVICIOS SAN JOSE S.A.C.,Gasolina Regular,20.29
2026-08-24,Piura,Piura,Veintiseis De Octubre,GRIFO EL MILENIO E.I.R.L.,Gasolina Regular,19.98
2026-08-24,Piura,Piura,Veintiseis De Octubre,GRIFO SAN IGNACIO SAC,Gasolina Regular,20.59
2026-08-24,Piura,Piura,Veintiseis De Octubre,MAX GAS SAC,Gasolina Regular,19.79
2026-08-24,Piura,Piura,Veintiseis De Octubre,MIGUEL PETROL ESTACION DE SERVICIOS S.A.C.,Gasolina Regular,20.80
2026-08-24,Piura,Piura,Veintiseis De Octubre,PIURA GAS SAC,Gasolina Regular,19.84
2026-08-24,Piura,Piura,Veintiseis De Octubre,UCV GRIFOS S.R.L.,Gasolina Regular,19.69
2026-08-24,Piura,Sechura,Bellavista De La Union,REPRESENTACIONES Y SERVICIOS MIRAFLORES E.I.R.L.,Diesel DB5,26.45
2026-08-24,Piura,Sechura,Bellavista De La Union,REPRESENTACIONES Y SERVICIOS MIRAFLORES E.I.R.L.,Gasolina Regular,20.99
2026-08-24,Piura,Sechura,Bernal,ESTACION DE SERVICIOS LUBERK S.A.C,Diesel DB5,26.80
2026-08-24,Piura,Sechura,Bernal,ESTACION DE SERVICIOS LUBERK S.A.C,Gasolina Premium,22.49
2026-08-24,Piura,Sechura,Bernal,ESTACION DE SERVICIOS LUBERK S.A.C,Gasolina Regular,20.99
2026-08-24,Piura,Sechura,Cristo Nos Valga,GASOLINERAS PIURA S.R.L.,Diesel DB5,24.99
2026-08-24,Piura,Sechura,Cristo Nos Valga,GASOLINERAS PIURA S.R.L.,Gasolina Premium,21.49
2026-08-24,Piura,Sechura,Cristo Nos Valga,GASOLINERAS PIURA S.R.L.,Gasolina Regular,20.49
2026-08-24,Piura,Sechura,Rinconada Llicuar,SERVICENTRO SECHURA E.I.R.L.,Diesel DB5,27.14
2026-08-24,Piura,Sechura,Rinconada Llicuar,SERVICENTRO SECHURA E.I.R.L.,Gasolina Premium,22.19
2026-08-24,Piura,Sechura,Rinconada Llicuar,SERVICENTRO SECHURA E.I.R.L.,Gasolina Regular,21.29
2026-08-24,Piura,Sechura,Sechura,COMBUSTIBLES Y LUBRICANTES JOSE KEVIN E.I.R.L.,Diesel DB5,26.50
2026-08-24,Piura,Sechura,Sechura,COMBUSTIBLES Y SERVICIOS RAM E.I.R.L.,Diesel DB5,26.60
2026-08-24,Piura,Sechura,Sechura,ESTACION DE SERVICIOS CURO,Diesel DB5,26.60
2026-08-24,Piura,Sechura,Sechura,ESTACION DE SERVICIOS ECA S.R.L,Diesel DB5,26.99
2026-08-24,Piura,Sechura,Sechura,ESTACION DE SERVICIOS LAUROS II S.A.C.,Diesel DB5,26.09
2026-08-24,Piura,Sechura,Sechura,ESTACION DE SERVICIOS LAUROS SAC,Diesel DB5,27.20
2026-08-24,Piura,Sechura,Sechura,ESTACION DE SERVICIOS SANCHEZ S.A.C.,Diesel DB5,26.10
2026-08-24,Piura,Sechura,Sechura,ESTACION DE SERVICIOS SANCHEZ S.A.C.,Diesel DB5,26.70
2026-08-24,Piura,Sechura,Sechura,GETSEMANI REPRESENTACIONES E.I.R.L.,Diesel DB5,26.59
2026-08-24,Piura,Sechura,Sechura,GRIFO CURO,Diesel DB5,26.60
2026-08-24,Piura,Sechura,Sechura,GRIFO JUAN PASTOR S.R.L.,Diesel DB5,26.60
2026-08-24,Piura,Sechura,Sechura,GRIFO Y SERVICIOS MAYLO E.I.R.L.,Diesel DB5,27.60
2026-08-24,Piura,Sechura,Sechura,GRIFO Y SERVICIOS MAYLO II E.I.R.L.,Diesel DB5,26.40
2026-08-24,Piura,Sechura,Sechura,ISMAR SABA COMPANY E.I.R.L.,Diesel DB5,25.00
2026-08-24,Piura,Sechura,Sechura,NEGOCIACIONES POSEIDON E.I.R.L.,Diesel DB5,23.50
2026-08-24,Piura,Sechura,Sechura,NEGOCIOS Y SERVICIOS FIRS E.I.R.L.,Diesel DB5,25.50
2026-08-24,Piura,Sechura,Sechura,SERVICENTRO SECHURA EIRL,Diesel DB5,27.80
2026-08-24,Piura,Sechura,Sechura,COMBUSTIBLES Y SERVICIOS RAM E.I.R.L.,Gasolina Premium,22.50
2026-08-24,Piura,Sechura,Sechura,ESTACION DE SERVICIOS CURO,Gasolina Premium,22.29
2026-08-24,Piura,Sechura,Sechura,ESTACION DE SERVICIOS LAUROS II S.A.C.,Gasolina Premium,22.49
2026-08-24,Piura,Sechura,Sechura,ESTACION DE SERVICIOS LAUROS SAC,Gasolina Premium,23.10
2026-08-24,Piura,Sechura,Sechura,ESTACION DE SERVICIOS SANCHEZ S.A.C.,Gasolina Premium,21.80
2026-08-24,Piura,Sechura,Sechura,GETSEMANI REPRESENTACIONES E.I.R.L.,Gasolina Premium,22.89
2026-08-24,Piura,Sechura,Sechura,GRIFO CURO,Gasolina Premium,22.10
2026-08-24,Piura,Sechura,Sechura,GRIFO JUAN PASTOR S.R.L.,Gasolina Premium,22.30
2026-08-24,Piura,Sechura,Sechura,GRIFO Y SERVICIOS MAYLO E.I.R.L.,Gasolina Premium,23.40
2026-08-24,Piura,Sechura,Sechura,GRIFO Y SERVICIOS MAYLO II E.I.R.L.,Gasolina Premium,21.70
2026-08-24,Piura,Sechura,Sechura,SERVICENTRO SECHURA EIRL,Gasolina Premium,24.39
2026-08-24,Piura,Sechura,Sechura,COMBUSTIBLES Y SERVICIOS RAM E.I.R.L.,Gasolina Regular,21.50
2026-08-24,Piura,Sechura,Sechura,ESTACION DE SERVICIOS CURO,Gasolina Regular,21.28
2026-08-24,Piura,Sechura,Sechura,ESTACION DE SERVICIOS ECA S.R.L,Gasolina Regular,21.49
2026-08-24,Piura,Sechura,Sechura,ESTACION DE SERVICIOS LAUROS II S.A.C.,Gasolina Regular,21.49
2026-08-24,Piura,Sechura,Sechura,ESTACION DE SERVICIOS LAUROS SAC,Gasolina Regular,21.20
2026-08-24,Piura,Sechura,Sechura,ESTACION DE SERVICIOS SANCHEZ S.A.C.,Gasolina Regular,20.90
2026-08-24,Piura,Sechura,Sechura,ESTACION DE SERVICIOS SANCHEZ S.A.C.,Gasolina Regular,20.99
2026-08-24,Piura,Sechura,Sechura,GETSEMANI REPRESENTACIONES E.I.R.L.,Gasolina Regular,21.79
2026-08-24,Piura,Sechura,Sechura,GRIFO CURO,Gasolina Regular,21.18
2026-08-24,Piura,Sechura,Sechura,GRIFO JUAN PASTOR S.R.L.,Gasolina Regular,21.20
2026-08-24,Piura,Sechura,Sechura,GRIFO Y SERVICIOS MAYLO E.I.R.L.,Gasolina Regular,21.00
2026-08-24,Piura,Sechura,Sechura,GRIFO Y SERVICIOS MAYLO II E.I.R.L.,Gasolina Regular,21.00
2026-08-24,Piura,Sechura,Sechura,SERVICENTRO SECHURA EIRL,Gasolina Regular,21.79
2026-08-24,Piura,Sechura,Vice,ESTACION DE SERVICIO AURA VICE SOCIEDAD ANONIMA CERRADA,Diesel DB5,26.40
2026-08-24,Piura,Sechura,Vice,ESTACION DE SERVICIOS CALIFORNIA EIRL,Diesel DB5,25.99
2026-08-24,Piura,Sechura,Vice,ESTACION DE SERVICIOS CON GASOCENTRO PERSEO S.A.C.,Diesel DB5,26.40
2026-08-24,Piura,Sechura,Vice,ESTACION DE SERVICIOS ECA S.R.L,Diesel DB5,26.99
2026-08-24,Piura,Sechura,Vice,ESTACION DE SERVICIOS MARANATHA S.A.C.,Diesel DB5,24.80
2026-08-24,Piura,Sechura,Vice,ESTACION DE SERVICIOS VICE S.A.C.,Diesel DB5,26.40
2026-08-24,Piura,Sechura,Vice,ESTACION DE SERVICIOS CON GASOCENTRO PERSEO S.A.C.,Gasolina Premium,21.65
2026-08-24,Piura,Sechura,Vice,ESTACION DE SERVICIOS VICE S.A.C.,Gasolina Premium,21.65
2026-08-24,Piura,Sechura,Vice,ESTACION DE SERVICIO AURA VICE SOCIEDAD ANONIMA CERRADA,Gasolina Regular,19.80
2026-08-24,Piura,Sechura,Vice,ESTACION DE SERVICIOS CALIFORNIA EIRL,Gasolina Regular,19.99
2026-08-24,Piura,Sechura,Vice,ESTACION DE SERVICIOS CON GASOCENTRO PERSEO S.A.C.,Gasolina Regular,19.79
2026-08-24,Piura,Sechura,Vice,ESTACION DE SERVICIOS ECA S.R.L,Gasolina Regular,20.79
2026-08-24,Piura,Sechura,Vice,ESTACION DE SERVICIOS MARANATHA S.A.C.,Gasolina Regular,21.50
2026-08-24,Piura,Sechura,Vice,ESTACION DE SERVICIOS VICE S.A.C.,Gasolina Regular,19.79
2026-08-24,Piura,Sullana,Bellavista,COMBUSTIBLES JESUS DAVID & SERVICIOS GENERALES E.I.R.L.,Gasolina Regular,20.50
2026-08-24,Piura,Sullana,Ignacio Escudero,EE.SS GOLONDRINAS S.A.C.,Diesel DB5,23.99
2026-08-24,Piura,Sullana,Ignacio Escudero,PETRO IGNACIO ESCUDERO,Diesel DB5,25.43
2026-08-24,Piura,Sullana,Ignacio Escudero,SERVICENTRO CHALE E.I.R.L.,Diesel DB5,24.47
2026-08-24,Piura,Sullana,Ignacio Escudero,TRANSPORTES SAN ANDICO S.R.L.,Diesel DB5,24.70
2026-08-24,Piura,Sullana,Ignacio Escudero,EE.SS GOLONDRINAS S.A.C.,Gasolina Premium,20.99
2026-08-24,Piura,Sullana,Ignacio Escudero,PETRO IGNACIO ESCUDERO,Gasolina Premium,20.87
2026-08-24,Piura,Sullana,Ignacio Escudero,SERVICENTRO CHALE E.I.R.L.,Gasolina Premium,20.67
2026-08-24,Piura,Sullana,Ignacio Escudero,TRANSPORTES SAN ANDICO S.R.L.,Gasolina Premium,20.90
2026-08-24,Piura,Sullana,Ignacio Escudero,EE.SS GOLONDRINAS S.A.C.,Gasolina Regular,19.59
2026-08-24,Piura,Sullana,Ignacio Escudero,PETRO IGNACIO ESCUDERO,Gasolina Regular,19.97
2026-08-24,Piura,Sullana,Ignacio Escudero,SERVICENTRO CHALE E.I.R.L.,Gasolina Regular,19.47
2026-08-24,Piura,Sullana,Ignacio Escudero,TRANSPORTES SAN ANDICO S.R.L.,Gasolina Regular,20.10
2026-08-24,Piura,Sullana,Marcavelica,CT-GAS MARCAVELICA S.A.C.,Diesel DB5,24.99
2026-08-24,Piura,Sullana,Marcavelica,EE.SS GOLONDRINAS S.A.C.,Diesel DB5,23.99
2026-08-24,Piura,Sullana,Marcavelica,EE.SS. MALLARITOS S.A.C.,Diesel DB5,23.99
2026-08-24,Piura,Sullana,Marcavelica,ESTACION DE SERVICIOS A A PANTA S.A.C,Diesel DB5,24.99
2026-08-24,Piura,Sullana,Marcavelica,ESTACION DE SERVICIOS GRIFOS MARCAVELICA SAC,Diesel DB5,24.99
2026-08-24,Piura,Sullana,Marcavelica,ESTACION DE SERVICIOS J.W.D. E.I.R.L.,Diesel DB5,24.99
2026-08-24,Piura,Sullana,Marcavelica,ESTACION DE SERVICIOS SEÑOR DE CHOCAN S.A.C.,Diesel DB5,23.99
2026-08-24,Piura,Sullana,Marcavelica,ESTACIÓN GALAXY,Diesel DB5,24.48
2026-08-24,Piura,Sullana,Marcavelica,CT-GAS MARCAVELICA S.A.C.,Gasolina Premium,20.79
2026-08-24,Piura,Sullana,Marcavelica,EE.SS GOLONDRINAS S.A.C.,Gasolina Premium,20.99
2026-08-24,Piura,Sullana,Marcavelica,EE.SS. MALLARITOS S.A.C.,Gasolina Premium,20.99
2026-08-24,Piura,Sullana,Marcavelica,ESTACION DE SERVICIOS A A PANTA S.A.C,Gasolina Premium,20.79
2026-08-24,Piura,Sullana,Marcavelica,ESTACION DE SERVICIOS GRIFOS MARCAVELICA SAC,Gasolina Premium,20.19
2026-08-24,Piura,Sullana,Marcavelica,ESTACION DE SERVICIOS J.W.D. E.I.R.L.,Gasolina Premium,20.99
2026-08-24,Piura,Sullana,Marcavelica,ESTACION DE SERVICIOS SEÑOR DE CHOCAN S.A.C.,Gasolina Premium,20.99
2026-08-24,Piura,Sullana,Marcavelica,CT-GAS MARCAVELICA S.A.C.,Gasolina Regular,19.29
2026-08-24,Piura,Sullana,Marcavelica,EE.SS GOLONDRINAS S.A.C.,Gasolina Regular,19.59
2026-08-24,Piura,Sullana,Marcavelica,EE.SS. MALLARITOS S.A.C.,Gasolina Regular,19.59
2026-08-24,Piura,Sullana,Marcavelica,ESTACION DE SERVICIOS A A PANTA S.A.C,Gasolina Regular,19.59
2026-08-24,Piura,Sullana,Marcavelica,ESTACION DE SERVICIOS GRIFOS MARCAVELICA SAC,Gasolina Regular,19.29
2026-08-24,Piura,Sullana,Marcavelica,ESTACION DE SERVICIOS J.W.D. E.I.R.L.,Gasolina Regular,19.59
2026-08-24,Piura,Sullana,Marcavelica,ESTACION DE SERVICIOS SEÑOR DE CHOCAN S.A.C.,Gasolina Regular,19.59
2026-08-24,Piura,Sullana,Marcavelica,ESTACIÓN GALAXY,Gasolina Regular,20.28
2026-08-24,Piura,Sullana,Miguel Checa,ESTACION DE SERVICIO JAVIER BORRERO E.I.R.L.,Diesel DB5,25.49
2026-08-24,Piura,Sullana,Miguel Checa,ESTACION DE SERVICIOS TADEO EIRL,Diesel DB5,24.99
2026-08-24,Piura,Sullana,Miguel Checa,GASOLINERAS DEL NORTE E.I.R.L.,Diesel DB5,24.99
2026-08-24,Piura,Sullana,Miguel Checa,GRIFO SATURNO E.I.R.L.,Diesel DB5,26.29
2026-08-24,Piura,Sullana,Miguel Checa,ESTACION DE SERVICIO JAVIER BORRERO E.I.R.L.,Gasolina Premium,21.19
2026-08-24,Piura,Sullana,Miguel Checa,ESTACION DE SERVICIOS TADEO EIRL,Gasolina Premium,21.39
2026-08-24,Piura,Sullana,Miguel Checa,GASOLINERAS DEL NORTE E.I.R.L.,Gasolina Premium,21.90
2026-08-24,Piura,Sullana,Miguel Checa,ESTACION DE SERVICIO JAVIER BORRERO E.I.R.L.,Gasolina Regular,19.99
2026-08-24,Piura,Sullana,Miguel Checa,ESTACION DE SERVICIOS TADEO EIRL,Gasolina Regular,20.19
2026-08-24,Piura,Sullana,Miguel Checa,GASOLINERAS DEL NORTE E.I.R.L.,Gasolina Regular,20.79
2026-08-24,Piura,Sullana,Miguel Checa,GRIFO SATURNO E.I.R.L.,Gasolina Regular,20.69
2026-08-24,Piura,Sullana,Querecotillo,EE.SS MALLARITOS S.A.C.,Diesel DB5,24.49
2026-08-24,Piura,Sullana,Querecotillo,EE.SS MALLARITOS S.A.C.,Gasolina Premium,20.99
2026-08-24,Piura,Sullana,Querecotillo,EE.SS MALLARITOS S.A.C.,Gasolina Regular,19.89
2026-08-24,Piura,Sullana,Salitral,GASOLINERAS PIURA SRL,Diesel DB5,24.79
2026-08-24,Piura,Sullana,Salitral,GASOLINERAS PIURA SRL,Gasolina Premium,20.99
2026-08-24,Piura,Sullana,Salitral,GASOLINERAS PIURA SRL,Gasolina Regular,19.99
2026-08-24,Piura,Sullana,Sullana,BUSINESS PLUS E.I.R.L.,Diesel DB5,26.70
2026-08-24,Piura,Sullana,Sullana,COESTI S.A,Diesel DB5,25.49
2026-08-24,Piura,Sullana,Sullana,COESTI S.A,Diesel DB5,25.49
2026-08-24,Piura,Sullana,Sullana,EST DE SER VALDIVIEZO E.I.R.L.,Diesel DB5,25.40
2026-08-24,Piura,Sullana,Sullana,ESTACION DE SERVICIOS BYM S.A.C.,Diesel DB5,25.39
2026-08-24,Piura,Sullana,Sullana,ESTACION DE SERVICIOS BYM-ALTO CHIRA S.A.C.,Diesel DB5,24.99
2026-08-24,Piura,Sullana,Sullana,ESTACION DE SERVICIOS KIKE E.I.R.L.,Diesel DB5,25.00
2026-08-24,Piura,Sullana,Sullana,ESTACION DE SERVICIOS KILLARY WORLD EIRL,Diesel DB5,26.29
2026-08-24,Piura,Sullana,Sullana,ESTACION DE SERVICIOS LA LIMONERA CT E.I.R.L.,Diesel DB5,25.90
2026-08-24,Piura,Sullana,Sullana,ESTACION DE SERVICIOS SAN JOSE S.A.C.,Diesel DB5,24.69
2026-08-24,Piura,Sullana,Sullana,ESTACION DE SERVICIOS SAN MIGUEL SRL,Diesel DB5,25.19
2026-08-24,Piura,Sullana,Sullana,ESTACION DE SERVICIOS SANTO TOMAS DE LIMA S.A.C.,Diesel DB5,24.99
2026-08-24,Piura,Sullana,Sullana,ESTACION DE SERVICIOS TOYCO ARRUANTEGUI,Diesel DB5,25.89
2026-08-24,Piura,Sullana,Sullana,GASOLINERA DEL NORTE SOCIEDAD COMERCIAL DE RESPONSABILIDAD LIMITADA,Diesel DB5,25.80
2026-08-24,Piura,Sullana,Sullana,GE INVERSIONES EIRL,Diesel DB5,24.49
2026-08-24,Piura,Sullana,Sullana,GLOBAL FUEL SOCIEDAD ANONIMA,Diesel DB5,26.89
2026-08-24,Piura,Sullana,Sullana,GRIFO EL OVALO,Diesel DB5,25.19
2026-08-24,Piura,Sullana,Sullana,GRUPO EMPRESARIAL DEL CHIRA SA,Diesel DB5,24.99
2026-08-24,Piura,Sullana,Sullana,GRUPO REGA SERVICIOS S.A.C.,Diesel DB5,26.50
2026-08-24,Piura,Sullana,Sullana,INVERSIONES ZAPATA VALDIVIEZO EIRL,Diesel DB5,24.39
2026-08-24,Piura,Sullana,Sullana,JAMBO COMBUSTIBLES,Diesel DB5,24.99
2026-08-24,Piura,Sullana,Sullana,MARIA AUXILIADORA GASOLINERA S.C.R.L.,Diesel DB5,25.80
2026-08-24,Piura,Sullana,Sullana,PACIFICO COMBUSTIBLES,Diesel DB5,25.15
2026-08-24,Piura,Sullana,Sullana,PETRO SULLANA S.A.C.,Diesel DB5,24.69
2026-08-24,Piura,Sullana,Sullana,STL 5.0 S.A.C.,Diesel DB5,24.79
2026-08-24,Piura,Sullana,Sullana,COESTI S.A,Gasolina Premium,21.89
2026-08-24,Piura,Sullana,Sullana,EST DE SER VALDIVIEZO E.I.R.L.,Gasolina Premium,20.80
2026-08-24,Piura,Sullana,Sullana,ESTACION DE SERVICIOS BYM S.A.C.,Gasolina Premium,21.89
2026-08-24,Piura,Sullana,Sullana,ESTACION DE SERVICIOS BYM-ALTO CHIRA S.A.C.,Gasolina Premium,21.69
2026-08-24,Piura,Sullana,Sullana,ESTACION DE SERVICIOS KIKE E.I.R.L.,Gasolina Premium,21.30
2026-08-24,Piura,Sullana,Sullana,ESTACION DE SERVICIOS LA LIMONERA CT E.I.R.L.,Gasolina Premium,20.80
2026-08-24,Piura,Sullana,Sullana,ESTACION DE SERVICIOS SAN JOSE S.A.C.,Gasolina Premium,20.19
2026-08-24,Piura,Sullana,Sullana,ESTACION DE SERVICIOS SAN MIGUEL SRL,Gasolina Premium,21.89
2026-08-24,Piura,Sullana,Sullana,ESTACION DE SERVICIOS SANTO TOMAS DE LIMA S.A.C.,Gasolina Premium,21.49
2026-08-24,Piura,Sullana,Sullana,ESTACION DE SERVICIOS TOYCO ARRUANTEGUI,Gasolina Premium,22.59
2026-08-24,Piura,Sullana,Sullana,GASOLINERA DEL NORTE SOCIEDAD COMERCIAL DE RESPONSABILIDAD LIMITADA,Gasolina Premium,21.50
2026-08-24,Piura,Sullana,Sullana,GLOBAL FUEL SOCIEDAD ANONIMA,Gasolina Premium,22.69
2026-08-24,Piura,Sullana,Sullana,GRIFO EL OVALO,Gasolina Premium,21.89
2026-08-24,Piura,Sullana,Sullana,GRUPO EMPRESARIAL DEL CHIRA SA,Gasolina Premium,20.79
2026-08-24,Piura,Sullana,Sullana,GRUPO REGA SERVICIOS S.A.C.,Gasolina Premium,21.90
2026-08-24,Piura,Sullana,Sullana,INVERSIONES ZAPATA VALDIVIEZO EIRL,Gasolina Premium,20.09
2026-08-24,Piura,Sullana,Sullana,JAMBO COMBUSTIBLES,Gasolina Premium,20.99
2026-08-24,Piura,Sullana,Sullana,MARIA AUXILIADORA GASOLINERA S.C.R.L.,Gasolina Premium,21.69
2026-08-24,Piura,Sullana,Sullana,PACIFICO COMBUSTIBLES,Gasolina Premium,20.58
2026-08-24,Piura,Sullana,Sullana,PETRO SULLANA S.A.C.,Gasolina Premium,20.77
2026-08-24,Piura,Sullana,Sullana,STL 5.0 S.A.C.,Gasolina Premium,21.29
2026-08-24,Piura,Sullana,Sullana,BUSINESS PLUS E.I.R.L.,Gasolina Regular,20.90
2026-08-24,Piura,Sullana,Sullana,COESTI S.A,Gasolina Regular,19.59
2026-08-24,Piura,Sullana,Sullana,COESTI S.A,Gasolina Regular,20.19
2026-08-24,Piura,Sullana,Sullana,EST DE SER VALDIVIEZO E.I.R.L.,Gasolina Regular,19.90
2026-08-24,Piura,Sullana,Sullana,ESTACION DE SERVICIOS BYM S.A.C.,Gasolina Regular,20.39
2026-08-24,Piura,Sullana,Sullana,ESTACION DE SERVICIOS BYM-ALTO CHIRA S.A.C.,Gasolina Regular,20.59
2026-08-24,Piura,Sullana,Sullana,ESTACION DE SERVICIOS KIKE E.I.R.L.,Gasolina Regular,20.30
2026-08-24,Piura,Sullana,Sullana,ESTACION DE SERVICIOS KILLARY WORLD EIRL,Gasolina Regular,20.69
2026-08-24,Piura,Sullana,Sullana,ESTACION DE SERVICIOS LA LIMONERA CT E.I.R.L.,Gasolina Regular,19.80
2026-08-24,Piura,Sullana,Sullana,ESTACION DE SERVICIOS SAN JOSE S.A.C.,Gasolina Regular,19.24
2026-08-24,Piura,Sullana,Sullana,ESTACION DE SERVICIOS SAN MIGUEL SRL,Gasolina Regular,20.19
2026-08-24,Piura,Sullana,Sullana,ESTACION DE SERVICIOS SANTO TOMAS DE LIMA S.A.C.,Gasolina Regular,19.29
2026-08-24,Piura,Sullana,Sullana,ESTACION DE SERVICIOS TOYCO ARRUANTEGUI,Gasolina Regular,20.69
2026-08-24,Piura,Sullana,Sullana,GASOLINERA DEL NORTE SOCIEDAD COMERCIAL DE RESPONSABILIDAD LIMITADA,Gasolina Regular,20.30
2026-08-24,Piura,Sullana,Sullana,GE INVERSIONES EIRL,Gasolina Regular,19.79
2026-08-24,Piura,Sullana,Sullana,GLOBAL FUEL SOCIEDAD ANONIMA,Gasolina Regular,21.29
2026-08-24,Piura,Sullana,Sullana,GRIFO EL OVALO,Gasolina Regular,20.19
2026-08-24,Piura,Sullana,Sullana,GRIFO SUAREZ.C E.I.R.L.,Gasolina Regular,20.90
2026-08-24,Piura,Sullana,Sullana,GRUPO EMPRESARIAL DEL CHIRA SA,Gasolina Regular,19.64
2026-08-24,Piura,Sullana,Sullana,GRUPO REGA SERVICIOS S.A.C.,Gasolina Regular,20.90
2026-08-24,Piura,Sullana,Sullana,INVERSIONES ZAPATA VALDIVIEZO EIRL,Gasolina Regular,19.09
2026-08-24,Piura,Sullana,Sullana,JAMBO COMBUSTIBLES,Gasolina Regular,19.95
2026-08-24,Piura,Sullana,Sullana,MARIA AUXILIADORA GASOLINERA S.C.R.L.,Gasolina Regular,20.20
2026-08-24,Piura,Sullana,Sullana,PACIFICO COMBUSTIBLES,Gasolina Regular,19.99
2026-08-24,Piura,Sullana,Sullana,PETRO SULLANA S.A.C.,Gasolina Regular,19.24
2026-08-24,Piura,Sullana,Sullana,STL 5.0 S.A.C.,Gasolina Regular,19.39
2026-08-24,Piura,Talara,El Alto,SERVICENTRO EL TRIANGULO DE ORO S.R.L.,Diesel DB5,25.35
2026-08-24,Piura,Talara,El Alto,SERVICENTRO EL TRIANGULO DE ORO S.R.L.,Gasolina Premium,21.94
2026-08-24,Piura,Talara,El Alto,SERVICENTRO EL TRIANGULO DE ORO S.R.L.,Gasolina Regular,20.20
2026-08-24,Piura,Talara,La Brea,ALEMAR S.R.L.,Diesel DB5,24.99
2026-08-24,Piura,Talara,La Brea,ALEMAR S.R.L.,Gasolina Regular,19.99
2026-08-24,Piura,Talara,Los Organos,BIENVENIDO VENTURA PEÑA REYES,Diesel DB5,25.80
2026-08-24,Piura,Talara,Los Organos,ESTACION DE SERVICIOS SAN JOSE S.A.C.,Diesel DB5,25.69
2026-08-24,Piura,Talara,Los Organos,GRIFO D.G. S.R.L.,Diesel DB5,25.80
2026-08-24,Piura,Talara,Los Organos,ESTACION DE SERVICIOS SAN JOSE S.A.C.,Gasolina Premium,21.99
2026-08-24,Piura,Talara,Los Organos,GRIFO D.G. S.R.L.,Gasolina Premium,21.99
2026-08-24,Piura,Talara,Los Organos,BIENVENIDO VENTURA PEÑA REYES,Gasolina Regular,20.60
2026-08-24,Piura,Talara,Los Organos,ESTACION DE SERVICIOS SAN JOSE S.A.C.,Gasolina Regular,20.49
2026-08-24,Piura,Talara,Los Organos,GRIFO D.G. S.R.L.,Gasolina Regular,20.50
2026-08-24,Piura,Talara,Mancora,ESTACION DE SERVICIOS MANCORA AVA,Diesel DB5,26.49
2026-08-24,Piura,Talara,Mancora,ESTACION DE SERVICIOS PELIKANO MANCORA,Diesel DB5,26.50
2026-08-24,Piura,Talara,Mancora,ESTACIONES DEL NORTE S.A.C.,Diesel DB5,26.36
2026-08-24,Piura,Talara,Mancora,ESTACION DE SERVICIOS MANCORA AVA,Gasolina Premium,23.59
2026-08-24,Piura,Talara,Mancora,ESTACION DE SERVICIOS PELIKANO MANCORA,Gasolina Premium,23.66
2026-08-24,Piura,Talara,Mancora,ESTACIONES DEL NORTE S.A.C.,Gasolina Premium,22.96
2026-08-24,Piura,Talara,Mancora,ESTACION DE SERVICIOS MANCORA AVA,Gasolina Regular,21.79
2026-08-24,Piura,Talara,Mancora,ESTACION DE SERVICIOS PELIKANO MANCORA,Gasolina Regular,21.85
2026-08-24,Piura,Talara,Mancora,ESTACIONES DEL NORTE S.A.C.,Gasolina Regular,21.22
2026-08-24,Piura,Talara,Pariñas,COESTI S.A.,Diesel DB5,25.89
2026-08-24,Piura,Talara,Pariñas,ESTACION DE SERVICIOS CHALLE E.I.R.L.,Diesel DB5,24.47
2026-08-24,Piura,Talara,Pariñas,ESTACION DE SERVICIOS SALAZAR E.I.R.L.,Diesel DB5,24.47
2026-08-24,Piura,Talara,Pariñas,ESTACION DE SERVICIOS SAN JOSE S.A.C. TALARA,Diesel DB5,24.69
2026-08-24,Piura,Talara,Pariñas,GASOLINERAS DEL NORTE E.I.R.L.,Diesel DB5,24.79
2026-08-24,Piura,Talara,Pariñas,GASOLINERAS PIURA S.R.L.,Diesel DB5,24.79
2026-08-24,Piura,Talara,Pariñas,PETRONEX PERU S.A.C,Diesel DB5,24.99
2026-08-24,Piura,Talara,Pariñas,PETRONEX PERU S.A.C.,Diesel DB5,24.99
2026-08-24,Piura,Talara,Pariñas,SEVERDAL S.A.C.,Diesel DB5,24.99
2026-08-24,Piura,Talara,Pariñas,COESTI S.A.,Gasolina Premium,20.69
2026-08-24,Piura,Talara,Pariñas,ESTACION DE SERVICIOS CHALLE E.I.R.L.,Gasolina Premium,20.67
2026-08-24,Piura,Talara,Pariñas,ESTACION DE SERVICIOS SALAZAR E.I.R.L.,Gasolina Premium,20.67
2026-08-24,Piura,Talara,Pariñas,ESTACION DE SERVICIOS SAN JOSE S.A.C. TALARA,Gasolina Premium,20.19
2026-08-24,Piura,Talara,Pariñas,GASOLINERAS DEL NORTE E.I.R.L.,Gasolina Premium,20.99
2026-08-24,Piura,Talara,Pariñas,GASOLINERAS PIURA S.R.L.,Gasolina Premium,20.99
2026-08-24,Piura,Talara,Pariñas,PETRONEX PERU S.A.C,Gasolina Premium,20.49
2026-08-24,Piura,Talara,Pariñas,PETRONEX PERU S.A.C.,Gasolina Premium,20.49
2026-08-24,Piura,Talara,Pariñas,SEVERDAL S.A.C.,Gasolina Premium,20.83
2026-08-24,Piura,Talara,Pariñas,COESTI S.A.,Gasolina Regular,19.49
2026-08-24,Piura,Talara,Pariñas,ESTACION DE SERVICIOS CHALLE E.I.R.L.,Gasolina Regular,19.47
2026-08-24,Piura,Talara,Pariñas,ESTACION DE SERVICIOS SALAZAR E.I.R.L.,Gasolina Regular,19.47
2026-08-24,Piura,Talara,Pariñas,ESTACION DE SERVICIOS SAN JOSE S.A.C. TALARA,Gasolina Regular,19.29
2026-08-24,Piura,Talara,Pariñas,GASOLINERAS DEL NORTE E.I.R.L.,Gasolina Regular,19.30
2026-08-24,Piura,Talara,Pariñas,GASOLINERAS PIURA S.R.L.,Gasolina Regular,19.99
2026-08-24,Piura,Talara,Pariñas,PETRONEX PERU S.A.C,Gasolina Regular,19.29
2026-08-24,Piura,Talara,Pariñas,PETRONEX PERU S.A.C.,Gasolina Regular,18.99
2026-08-24,Piura,Talara,Pariñas,SEVERDAL S.A.C.,Gasolina Regular,19.78
2026-08-24,Lima,Barranca,Barranca,COESTI S.A,Diesel DB5,24.99
2026-08-24,Lima,Barranca,Barranca,COESTI S.A,Diesel DB5,24.99
2026-08-24,Lima,Barranca,Barranca,CORPORATION WILCARDIE S.A.C.,Diesel DB5,23.10
2026-08-24,Lima,Barranca,Barranca,E.S EL OVALO   REPSOL,Diesel DB5,22.95
2026-08-24,Lima,Barranca,Barranca,E.S LAURIAMA PRIMAX,Diesel DB5,22.75
2026-08-24,Lima,Barranca,Barranca,E.S PETROLSA REPSOL,Diesel DB5,22.70
2026-08-24,Lima,Barranca,Barranca,E.S PRISER   PRIMAX,Diesel DB5,22.45
2026-08-24,Lima,Barranca,Barranca,ESTACION DE SERVICIOS BARRANCA,Diesel DB5,22.79
2026-08-24,Lima,Barranca,Barranca,ESTACION DE SERVICIOS PASO DE LOS ANDES S.A.C.,Diesel DB5,22.49
2026-08-24,Lima,Barranca,Barranca,ESTACION DE SERVICIOS THIAGO,Diesel DB5,22.73
2026-08-24,Lima,Barranca,Barranca,ESTACIÓN DE SERVICIOS 4LL FUELS BARRANCA,Diesel DB5,21.99
2026-08-24,Lima,Barranca,Barranca,GLOBAL FUEL S.A.,Diesel DB5,24.99
2026-08-24,Lima,Barranca,Barranca,GLOBAL FUEL S.A.,Diesel DB5,24.99
2026-08-24,Lima,Barranca,Barranca,GRIFO BARRANCA VIP S.A.C.,Diesel DB5,22.70
2026-08-24,Lima,Barranca,Barranca,GRIFO BARRANCA VIP S.A.C.,Diesel DB5,22.70
2026-08-24,Lima,Barranca,Barranca,GRUPO SCJ & ONOFRE'S S.A.C.,Diesel DB5,22.69
2026-08-24,Lima,Barranca,Barranca,INVERSIONES DE ABASTECIMIENTO Y SERVICIO AUTOMOTRIZ SIERRA S.R.L.,Diesel DB5,23.59
2026-08-24,Lima,Barranca,Barranca,PETRONEX PERU SOCIEDAD ANONIMA CERRADA,Diesel DB5,22.49
2026-08-24,Lima,Barranca,Barranca,XACTPERU SAC,Diesel DB5,22.99
2026-08-24,Lima,Barranca,Barranca,COESTI S.A,Gasolina Premium,20.39
2026-08-24,Lima,Barranca,Barranca,COESTI S.A,Gasolina Premium,20.55
2026-08-24,Lima,Barranca,Barranca,CORPORATION WILCARDIE S.A.C.,Gasolina Premium,20.50
2026-08-24,Lima,Barranca,Barranca,E.S EL OVALO   REPSOL,Gasolina Premium,19.85
2026-08-24,Lima,Barranca,Barranca,E.S LAURIAMA PRIMAX,Gasolina Premium,19.55
2026-08-24,Lima,Barranca,Barranca,E.S PETROLSA REPSOL,Gasolina Premium,19.90
2026-08-24,Lima,Barranca,Barranca,E.S PRISER   PRIMAX,Gasolina Premium,19.90
2026-08-24,Lima,Barranca,Barranca,ESTACION DE SERVICIOS BARRANCA,Gasolina Premium,19.75
2026-08-24,Lima,Barranca,Barranca,ESTACION DE SERVICIOS PASO DE LOS ANDES S.A.C.,Gasolina Premium,19.99
2026-08-24,Lima,Barranca,Barranca,ESTACION DE SERVICIOS THIAGO,Gasolina Premium,19.54
2026-08-24,Lima,Barranca,Barranca,ESTACIÓN DE SERVICIOS 4LL FUELS BARRANCA,Gasolina Premium,19.29
2026-08-24,Lima,Barranca,Barranca,GLOBAL FUEL S.A.,Gasolina Premium,20.99
2026-08-24,Lima,Barranca,Barranca,GLOBAL FUEL S.A.,Gasolina Premium,20.99
2026-08-24,Lima,Barranca,Barranca,GRIFO BARRANCA VIP S.A.C.,Gasolina Premium,19.90
2026-08-24,Lima,Barranca,Barranca,GRIFO BARRANCA VIP S.A.C.,Gasolina Premium,19.90
2026-08-24,Lima,Barranca,Barranca,GRUPO SCJ & ONOFRE'S S.A.C.,Gasolina Premium,19.89
2026-08-24,Lima,Barranca,Barranca,INVERSIONES DE ABASTECIMIENTO Y SERVICIO AUTOMOTRIZ SIERRA S.R.L.,Gasolina Premium,20.49
2026-08-24,Lima,Barranca,Barranca,PETRONEX PERU SOCIEDAD ANONIMA CERRADA,Gasolina Premium,19.99
2026-08-24,Lima,Barranca,Barranca,XACTPERU SAC,Gasolina Premium,19.79
2026-08-24,Lima,Barranca,Barranca,COESTI S.A,Gasolina Regular,18.79
2026-08-24,Lima,Barranca,Barranca,COESTI S.A,Gasolina Regular,18.79
2026-08-24,Lima,Barranca,Barranca,CORPORATION WILCARDIE S.A.C.,Gasolina Regular,19.70
2026-08-24,Lima,Barranca,Barranca,E.S EL OVALO   REPSOL,Gasolina Regular,18.85
2026-08-24,Lima,Barranca,Barranca,E.S LAURIAMA PRIMAX,Gasolina Regular,18.79
2026-08-24,Lima,Barranca,Barranca,E.S PETROLSA REPSOL,Gasolina Regular,18.85
2026-08-24,Lima,Barranca,Barranca,E.S PRISER   PRIMAX,Gasolina Regular,18.90
2026-08-24,Lima,Barranca,Barranca,ESTACION DE SERVICIOS BARRANCA,Gasolina Regular,18.89
2026-08-24,Lima,Barranca,Barranca,ESTACION DE SERVICIOS PASO DE LOS ANDES S.A.C.,Gasolina Regular,18.79
2026-08-24,Lima,Barranca,Barranca,ESTACION DE SERVICIOS THIAGO,Gasolina Regular,18.77
2026-08-24,Lima,Barranca,Barranca,ESTACIÓN DE SERVICIOS 4LL FUELS BARRANCA,Gasolina Regular,18.19
2026-08-24,Lima,Barranca,Barranca,GLOBAL FUEL S.A.,Gasolina Regular,18.99
2026-08-24,Lima,Barranca,Barranca,GLOBAL FUEL S.A.,Gasolina Regular,18.99
2026-08-24,Lima,Barranca,Barranca,GRIFO BARRANCA VIP S.A.C.,Gasolina Regular,18.90
2026-08-24,Lima,Barranca,Barranca,GRIFO BARRANCA VIP S.A.C.,Gasolina Regular,18.90
2026-08-24,Lima,Barranca,Barranca,GRUPO SCJ & ONOFRE'S S.A.C.,Gasolina Regular,18.89
2026-08-24,Lima,Barranca,Barranca,INVERSIONES DE ABASTECIMIENTO Y SERVICIO AUTOMOTRIZ SIERRA S.R.L.,Gasolina Regular,19.49
2026-08-24,Lima,Barranca,Barranca,PETRONEX PERU SOCIEDAD ANONIMA CERRADA,Gasolina Regular,18.79
2026-08-24,Lima,Barranca,Barranca,XACTPERU SAC,Gasolina Regular,18.79
2026-08-24,Lima,Barranca,Paramonga,CORPORATION TOCJUN S.A.C.,Diesel DB5,25.90
2026-08-24,Lima,Barranca,Paramonga,ESTACION DE SERVICIOS SAN ANTONIO SAC,Diesel DB5,23.35
2026-08-24,Lima,Barranca,Paramonga,GRIFO EL RUISEÑOR E.I.R.L.,Diesel DB5,22.69
2026-08-24,Lima,Barranca,Paramonga,MULTISERVICIOS LIM TRANSPOR SAC,Diesel DB5,22.68
2026-08-24,Lima,Barranca,Paramonga,CORPORATION TOCJUN S.A.C.,Gasolina Premium,24.30
2026-08-24,Lima,Barranca,Paramonga,ESTACION DE SERVICIOS SAN ANTONIO SAC,Gasolina Premium,21.54
2026-08-24,Lima,Barranca,Paramonga,GRIFO EL RUISEÑOR E.I.R.L.,Gasolina Premium,21.74
2026-08-24,Lima,Barranca,Paramonga,MULTISERVICIOS LIM TRANSPOR SAC,Gasolina Premium,20.49
2026-08-24,Lima,Barranca,Paramonga,CORPORATION TOCJUN S.A.C.,Gasolina Regular,22.30
2026-08-24,Lima,Barranca,Paramonga,ESTACION DE SERVICIOS SAN ANTONIO SAC,Gasolina Regular,20.48
2026-08-24,Lima,Barranca,Paramonga,GRIFO EL RUISEÑOR E.I.R.L.,Gasolina Regular,19.10
2026-08-24,Lima,Barranca,Paramonga,MULTISERVICIOS LIM TRANSPOR SAC,Gasolina Regular,19.09
2026-08-24,Lima,Barranca,Pativilca,ESTACION DE SERVICIO PATIVILCA SAC,Diesel DB5,24.19
2026-08-24,Lima,Barranca,Pativilca,GRIFO SAN IGNACIO SAC,Diesel DB5,24.09
2026-08-24,Lima,Barranca,Pativilca,MEGA ESTACION DE SERVICIOS LOS DELFINES S.A.,Diesel DB5,22.44
2026-08-24,Lima,Barranca,Pativilca,MEGA ESTACION DE SERVICIOS LOS DELFINES S.A.,Diesel DB5,22.44
2026-08-24,Lima,Barranca,Pativilca,ESTACION DE SERVICIO PATIVILCA SAC,Gasolina Premium,20.99
2026-08-24,Lima,Barranca,Pativilca,GRIFO SAN IGNACIO SAC,Gasolina Premium,20.99
2026-08-24,Lima,Barranca,Pativilca,MEGA ESTACION DE SERVICIOS LOS DELFINES S.A.,Gasolina Premium,20.49
2026-08-24,Lima,Barranca,Pativilca,MEGA ESTACION DE SERVICIOS LOS DELFINES S.A.,Gasolina Premium,20.49
2026-08-24,Lima,Barranca,Pativilca,ESTACION DE SERVICIO PATIVILCA SAC,Gasolina Regular,19.49
2026-08-24,Lima,Barranca,Pativilca,GRIFO SAN IGNACIO SAC,Gasolina Regular,19.49
2026-08-24,Lima,Barranca,Pativilca,MEGA ESTACION DE SERVICIOS LOS DELFINES S.A.,Gasolina Regular,20.05
2026-08-24,Lima,Barranca,Pativilca,MEGA ESTACION DE SERVICIOS LOS DELFINES S.A.,Gasolina Regular,20.05
2026-08-24,Lima,Barranca,Supe,ABRIL GROUP S.A.C.,Diesel DB5,23.29
2026-08-24,Lima,Barranca,Supe,ASFALTO Y DIESEL DEL PERU S.A.C.,Diesel DB5,23.00
2026-08-24,Lima,Barranca,Supe,CORPORATION WILCARDIE S.A.C.,Diesel DB5,23.10
2026-08-24,Lima,Barranca,Supe,ESTACION 8 S.A.C,Diesel DB5,22.45
2026-08-24,Lima,Barranca,Supe,FIDEL SAC,Diesel DB5,22.90
2026-08-24,Lima,Barranca,Supe,INVERSIONES SMITH SPP E.I.R.L.,Diesel DB5,23.10
2026-08-24,Lima,Barranca,Supe,MULTISERVICIOS LUCHIN¿S E.I.R.L.,Diesel DB5,23.59
2026-08-24,Lima,Barranca,Supe,MULTISERVICIOS SANTA URSULA S.A.C.,Diesel DB5,24.85
2026-08-24,Lima,Barranca,Supe,PETROLEOS SOLORZANO S.A.C,Diesel DB5,22.79
2026-08-24,Lima,Barranca,Supe,SERGAS,Diesel DB5,23.89
2026-08-24,Lima,Barranca,Supe,XACT SUPE,Diesel DB5,22.68
2026-08-24,Lima,Barranca,Supe,ABRIL GROUP S.A.C.,Gasolina Premium,19.99
2026-08-24,Lima,Barranca,Supe,ASFALTO Y DIESEL DEL PERU S.A.C.,Gasolina Premium,19.70
2026-08-24,Lima,Barranca,Supe,CORPORATION WILCARDIE S.A.C.,Gasolina Premium,20.50
2026-08-24,Lima,Barranca,Supe,ESTACION 8 S.A.C,Gasolina Premium,19.85
2026-08-24,Lima,Barranca,Supe,INVERSIONES SMITH SPP E.I.R.L.,Gasolina Premium,20.49
2026-08-24,Lima,Barranca,Supe,MULTISERVICIOS LUCHIN¿S E.I.R.L.,Gasolina Premium,20.89
2026-08-24,Lima,Barranca,Supe,MULTISERVICIOS SANTA URSULA S.A.C.,Gasolina Premium,19.98
2026-08-24,Lima,Barranca,Supe,PETROLEOS SOLORZANO S.A.C,Gasolina Premium,19.89
2026-08-24,Lima,Barranca,Supe,SERGAS,Gasolina Premium,21.99
2026-08-24,Lima,Barranca,Supe,XACT SUPE,Gasolina Premium,19.90
2026-08-24,Lima,Barranca,Supe,ABRIL GROUP S.A.C.,Gasolina Regular,18.99
2026-08-24,Lima,Barranca,Supe,ASFALTO Y DIESEL DEL PERU S.A.C.,Gasolina Regular,18.50
2026-08-24,Lima,Barranca,Supe,CORPORATION WILCARDIE S.A.C.,Gasolina Regular,19.17
2026-08-24,Lima,Barranca,Supe,ESTACION 8 S.A.C,Gasolina Regular,19.35
2026-08-24,Lima,Barranca,Supe,FIDEL SAC,Gasolina Regular,19.50
2026-08-24,Lima,Barranca,Supe,INVERSIONES SMITH SPP E.I.R.L.,Gasolina Regular,19.49
2026-08-24,Lima,Barranca,Supe,MULTISERVICIOS LUCHIN¿S E.I.R.L.,Gasolina Regular,20.09
2026-08-24,Lima,Barranca,Supe,MULTISERVICIOS SANTA URSULA S.A.C.,Gasolina Regular,18.88
2026-08-24,Lima,Barranca,Supe,PETROLEOS SOLORZANO S.A.C,Gasolina Regular,18.89
2026-08-24,Lima,Barranca,Supe,SERGAS,Gasolina Regular,19.99
2026-08-24,Lima,Barranca,Supe,XACT SUPE,Gasolina Regular,18.90
2026-08-24,Lima,Barranca,Supe Puerto,COESTI S.A.,Diesel DB5,24.29
2026-08-24,Lima,Barranca,Supe Puerto,GRIFO TEODOLINDA E.I.R.L.,Diesel DB5,22.89
2026-08-24,Lima,Barranca,Supe Puerto,INVERSIONES PETRONOR E.I.R.L,Diesel DB5,22.89
2026-08-24,Lima,Barranca,Supe Puerto,PETRO CENTRO SAN PEDRO S.A.C.,Diesel DB5,22.80
2026-08-24,Lima,Barranca,Supe Puerto,COESTI S.A.,Gasolina Premium,20.19
2026-08-24,Lima,Barranca,Supe Puerto,GRIFO TEODOLINDA E.I.R.L.,Gasolina Premium,19.99
2026-08-24,Lima,Barranca,Supe Puerto,PETRO CENTRO SAN PEDRO S.A.C.,Gasolina Premium,19.90
2026-08-24,Lima,Barranca,Supe Puerto,COESTI S.A.,Gasolina Regular,18.89
2026-08-24,Lima,Barranca,Supe Puerto,GRIFO TEODOLINDA E.I.R.L.,Gasolina Regular,18.89
2026-08-24,Lima,Barranca,Supe Puerto,INVERSIONES PETRONOR E.I.R.L,Gasolina Regular,18.89
2026-08-24,Lima,Barranca,Supe Puerto,PETRO CENTRO SAN PEDRO S.A.C.,Gasolina Regular,18.90
2026-08-24,Lima,Canta,Canta,EMPRESA INDUSTRIAL COMERCIAL Y DE SERVICIOS MATILDE LEON S.A.,Diesel DB5,23.50
2026-08-24,Lima,Canta,Canta,EMPRESA INDUSTRIAL COMERCIAL Y DE SERVICIOS MATILDE LEON S.A.,Gasolina Premium,22.00
2026-08-24,Lima,Canta,Canta,EMPRESA INDUSTRIAL COMERCIAL Y DE SERVICIOS MATILDE LEON S.A.,Gasolina Regular,21.00
2026-08-24,Lima,Canta,Santa Rosa De Quives,GASOCENTRO TADUP SAC,Diesel DB5,22.99
2026-08-24,Lima,Canta,Santa Rosa De Quives,GLODY ZUÑIGA SANCHEZ,Diesel DB5,23.49
2026-08-24,Lima,Canta,Santa Rosa De Quives,GRIFO SAN IGNACIO S.A.C.,Diesel DB5,23.09
2026-08-24,Lima,Canta,Santa Rosa De Quives,GRIFO YANGAS,Diesel DB5,23.25
2026-08-24,Lima,Canta,Santa Rosa De Quives,MEGA ESTACION DE SERVICIOS INVERSOL S.A.,Diesel DB5,22.28
2026-08-24,Lima,Canta,Santa Rosa De Quives,SERVICENTRO JPHV S.A.C.,Diesel DB5,23.39
2026-08-24,Lima,Canta,Santa Rosa De Quives,GASOCENTRO TADUP SAC,Gasolina Premium,21.25
2026-08-24,Lima,Canta,Santa Rosa De Quives,GLODY ZUÑIGA SANCHEZ,Gasolina Premium,21.39
2026-08-24,Lima,Canta,Santa Rosa De Quives,GRIFO SAN IGNACIO S.A.C.,Gasolina Premium,21.35
2026-08-24,Lima,Canta,Santa Rosa De Quives,GRIFO YANGAS,Gasolina Premium,21.19
2026-08-24,Lima,Canta,Santa Rosa De Quives,MEGA ESTACION DE SERVICIOS INVERSOL S.A.,Gasolina Premium,20.97
2026-08-24,Lima,Canta,Santa Rosa De Quives,SERVICENTRO JPHV S.A.C.,Gasolina Premium,21.49
2026-08-24,Lima,Canta,Santa Rosa De Quives,GASOCENTRO TADUP SAC,Gasolina Regular,20.62
2026-08-24,Lima,Canta,Santa Rosa De Quives,GLODY ZUÑIGA SANCHEZ,Gasolina Regular,20.39
2026-08-24,Lima,Canta,Santa Rosa De Quives,GRIFO SAN IGNACIO S.A.C.,Gasolina Regular,20.35
2026-08-24,Lima,Canta,Santa Rosa De Quives,GRIFO YANGAS,Gasolina Regular,20.29
2026-08-24,Lima,Canta,Santa Rosa De Quives,MEGA ESTACION DE SERVICIOS INVERSOL S.A.,Gasolina Regular,19.89
2026-08-24,Lima,Canta,Santa Rosa De Quives,SERVICENTRO JPHV S.A.C.,Gasolina Regular,20.39
2026-08-24,Lima,Cañete,Asia,ASIA GRIFOS Y SERVICIOS GENERALES S.A.C.,Diesel DB5,23.49
2026-08-24,Lima,Cañete,Asia,COESTI PRIMAX,Diesel DB5,23.09
2026-08-24,Lima,Cañete,Asia,COESTI S.A.  PRIMAX,Diesel DB5,23.09
2026-08-24,Lima,Cañete,Asia,ES ASIA  COESTI PRIMAX,Diesel DB5,23.25
2026-08-24,Lima,Cañete,Asia,ESTACION DE SERVICIOS SAN JOSE S.A.C.,Diesel DB5,23.09
2026-08-24,Lima,Cañete,Asia,INVERSIONES SALCANI S.A.C.,Diesel DB5,23.05
2026-08-24,Lima,Cañete,Asia,KATHERINE ANALLI MANCO ARIAS,Diesel DB5,23.99
2026-08-24,Lima,Cañete,Asia,ASIA GRIFOS Y SERVICIOS GENERALES S.A.C.,Gasolina Premium,21.29
2026-08-24,Lima,Cañete,Asia,COESTI PRIMAX,Gasolina Premium,20.49
2026-08-24,Lima,Cañete,Asia,COESTI S.A.  PRIMAX,Gasolina Premium,20.49
2026-08-24,Lima,Cañete,Asia,ES ASIA  COESTI PRIMAX,Gasolina Premium,21.05
2026-08-24,Lima,Cañete,Asia,ESTACION DE SERVICIOS SAN JOSE S.A.C.,Gasolina Premium,20.19
2026-08-24,Lima,Cañete,Asia,INVERSIONES SALCANI S.A.C.,Gasolina Premium,20.99
2026-08-24,Lima,Cañete,Asia,ASIA GRIFOS Y SERVICIOS GENERALES S.A.C.,Gasolina Regular,19.69
2026-08-24,Lima,Cañete,Asia,COESTI PRIMAX,Gasolina Regular,19.25
2026-08-24,Lima,Cañete,Asia,COESTI S.A.  PRIMAX,Gasolina Regular,19.25
2026-08-24,Lima,Cañete,Asia,ES ASIA  COESTI PRIMAX,Gasolina Regular,19.49
2026-08-24,Lima,Cañete,Asia,ESTACION DE SERVICIOS SAN JOSE S.A.C.,Gasolina Regular,19.09
2026-08-24,Lima,Cañete,Asia,INVERSIONES SALCANI S.A.C.,Gasolina Regular,19.39
2026-08-24,Lima,Cañete,Asia,KATHERINE ANALLI MANCO ARIAS,Gasolina Regular,20.49
2026-08-24,Lima,Cañete,Cerro Azul,AUTOSERVICIO CASA BLANCA S.A.C.,Diesel DB5,23.79
2026-08-24,Lima,Cañete,Cerro Azul,COESTI S.A.,Diesel DB5,24.49
2026-08-24,Lima,Cañete,Cerro Azul,EL FIEL INCOMPRENDIDO S.A.C.,Diesel DB5,23.99
2026-08-24,Lima,Cañete,Cerro Azul,ESTACION CERRO AZUL S.A.C.,Diesel DB5,24.99
2026-08-24,Lima,Cañete,Cerro Azul,RED PERUANA DE COMBUSTIBLES S.A.C.,Diesel DB5,23.49
2026-08-24,Lima,Cañete,Cerro Azul,SERVICENTRO CERRO AZUL E.I.R.L.,Diesel DB5,24.99
2026-08-24,Lima,Cañete,Cerro Azul,AUTOSERVICIO CASA BLANCA S.A.C.,Gasolina Premium,21.29
2026-08-24,Lima,Cañete,Cerro Azul,COESTI S.A.,Gasolina Premium,20.99
2026-08-24,Lima,Cañete,Cerro Azul,EL FIEL INCOMPRENDIDO S.A.C.,Gasolina Premium,20.99
2026-08-24,Lima,Cañete,Cerro Azul,ESTACION CERRO AZUL S.A.C.,Gasolina Premium,20.99
2026-08-24,Lima,Cañete,Cerro Azul,RED PERUANA DE COMBUSTIBLES S.A.C.,Gasolina Premium,20.69
2026-08-24,Lima,Cañete,Cerro Azul,AUTOSERVICIO CASA BLANCA S.A.C.,Gasolina Regular,19.49
2026-08-24,Lima,Cañete,Cerro Azul,COESTI S.A.,Gasolina Regular,19.89
2026-08-24,Lima,Cañete,Cerro Azul,EL FIEL INCOMPRENDIDO S.A.C.,Gasolina Regular,19.99
2026-08-24,Lima,Cañete,Cerro Azul,ESTACION CERRO AZUL S.A.C.,Gasolina Regular,19.79
2026-08-24,Lima,Cañete,Cerro Azul,RED PERUANA DE COMBUSTIBLES S.A.C.,Gasolina Regular,18.49
2026-08-24,Lima,Cañete,Cerro Azul,SERVICENTRO CERRO AZUL E.I.R.L.,Gasolina Regular,19.99
2026-08-24,Lima,Cañete,Chilca,ES CHILCA COESTI PRIMAX,Diesel DB5,22.99
2026-08-24,Lima,Cañete,Chilca,ESTACION 715 PETRO CHILCA,Diesel DB5,22.87
2026-08-24,Lima,Cañete,Chilca,PETRONEX PERÚ S.A.C.,Diesel DB5,22.89
2026-08-24,Lima,Cañete,Chilca,ES CHILCA COESTI PRIMAX,Gasolina Premium,19.99
2026-08-24,Lima,Cañete,Chilca,ESTACION 715 PETRO CHILCA,Gasolina Premium,19.91
2026-08-24,Lima,Cañete,Chilca,PETRONEX PERÚ S.A.C.,Gasolina Premium,19.99
2026-08-24,Lima,Cañete,Chilca,ES CHILCA COESTI PRIMAX,Gasolina Regular,18.99
2026-08-24,Lima,Cañete,Chilca,ESTACION 715 PETRO CHILCA,Gasolina Regular,18.99
2026-08-24,Lima,Cañete,Chilca,PETRONEX PERÚ S.A.C.,Gasolina Regular,19.19
2026-08-24,Lima,Cañete,Imperial,BILCON GAS S.A.C.,Diesel DB5,22.88
2026-08-24,Lima,Cañete,Imperial,COMPAÑIA DE COMBUSTIBLES DEL SUR S.A.C.,Diesel DB5,21.98
2026-08-24,Lima,Cañete,Imperial,EMPRESA DE TRANSPORTES UNIDOS S.A.,Diesel DB5,23.30
2026-08-24,Lima,Cañete,Imperial,GAS STATION CHAUPIN S.A.C.,Diesel DB5,24.19
2026-08-24,Lima,Cañete,Imperial,SERVICENTRO VIRGEN DE COCHARCAS S.A.C.,Diesel DB5,24.24
2026-08-24,Lima,Cañete,Imperial,BILCON GAS S.A.C.,Gasolina Premium,19.98
2026-08-24,Lima,Cañete,Imperial,COMPAÑIA DE COMBUSTIBLES DEL SUR S.A.C.,Gasolina Premium,19.88
2026-08-24,Lima,Cañete,Imperial,GAS STATION CHAUPIN S.A.C.,Gasolina Premium,21.50
2026-08-24,Lima,Cañete,Imperial,SERVICENTRO VIRGEN DE COCHARCAS S.A.C.,Gasolina Premium,21.13
2026-08-24,Lima,Cañete,Imperial,BILCON GAS S.A.C.,Gasolina Regular,19.28
2026-08-24,Lima,Cañete,Imperial,COMPAÑIA DE COMBUSTIBLES DEL SUR S.A.C.,Gasolina Regular,19.28
2026-08-24,Lima,Cañete,Imperial,EMPRESA DE TRANSPORTES UNIDOS S.A.,Gasolina Regular,20.00
2026-08-24,Lima,Cañete,Imperial,ESTACION DE SERVICIOS VISTA ALEGRE E.I.R.L.,Gasolina Regular,21.39
2026-08-24,Lima,Cañete,Imperial,GAS STATION CHAUPIN S.A.C.,Gasolina Regular,20.00
2026-08-24,Lima,Cañete,Imperial,SERVICENTRO VIRGEN DE COCHARCAS S.A.C.,Gasolina Regular,20.13
2026-08-24,Lima,Cañete,Lunahuana,ESTACION CHAUPIN S.A.C.,Diesel DB5,25.70
2026-08-24,Lima,Cañete,Lunahuana,ESTACION CHAUPIN S.A.C.,Gasolina Premium,23.50
2026-08-24,Lima,Cañete,Lunahuana,ESTACION CHAUPIN S.A.C.,Gasolina Regular,22.00
2026-08-24,Lima,Cañete,Mala,GENARA LIDA RODRIGUEZ RODRIGUEZ,Diesel DB5,25.00
2026-08-24,Lima,Cañete,Mala,GRIFO KEREN  CAROL SRL,Diesel DB5,23.98
2026-08-24,Lima,Cañete,Mala,GRIFOSA SAC,Diesel DB5,23.99
2026-08-24,Lima,Cañete,Mala,GROUP CR & FP S.A.C.,Diesel DB5,22.89
2026-08-24,Lima,Cañete,Mala,GRUPO EMPRESARIAL NONATO E.I.R.L.,Diesel DB5,22.70
2026-08-24,Lima,Cañete,Mala,INVERSIONES MALVELLIZ S.R.L.,Diesel DB5,24.99
2026-08-24,Lima,Cañete,Mala,RENSO & RUTH INVERSIONES ASOCIADAS S.A.C.,Diesel DB5,23.39
2026-08-24,Lima,Cañete,Mala,REPSOL COMERCIAL S.A.C.,Diesel DB5,26.49
2026-08-24,Lima,Cañete,Mala,REPSOL COMERCIAL S.A.C.,Diesel DB5,26.49
2026-08-24,Lima,Cañete,Mala,SILYCARP INVERSIONES SAC,Diesel DB5,22.79
2026-08-24,Lima,Cañete,Mala,SOLIER REYNOSO RAUL HUMBERTO,Diesel DB5,22.99
2026-08-24,Lima,Cañete,Mala,VIPETROS SAC.,Diesel DB5,23.89
2026-08-24,Lima,Cañete,Mala,GRIFO KEREN  CAROL SRL,Gasolina Premium,21.29
2026-08-24,Lima,Cañete,Mala,GRIFOSA SAC,Gasolina Premium,21.59
2026-08-24,Lima,Cañete,Mala,GROUP CR & FP S.A.C.,Gasolina Premium,20.99
2026-08-24,Lima,Cañete,Mala,GRUPO EMPRESARIAL NONATO E.I.R.L.,Gasolina Premium,21.40
2026-08-24,Lima,Cañete,Mala,INVERSIONES MALVELLIZ S.R.L.,Gasolina Premium,20.89
2026-08-24,Lima,Cañete,Mala,RENSO & RUTH INVERSIONES ASOCIADAS S.A.C.,Gasolina Premium,20.39
2026-08-24,Lima,Cañete,Mala,REPSOL COMERCIAL S.A.C.,Gasolina Premium,21.99
2026-08-24,Lima,Cañete,Mala,REPSOL COMERCIAL S.A.C.,Gasolina Premium,21.99
2026-08-24,Lima,Cañete,Mala,SILYCARP INVERSIONES SAC,Gasolina Premium,20.98
2026-08-24,Lima,Cañete,Mala,SOLIER REYNOSO RAUL HUMBERTO,Gasolina Premium,21.40
2026-08-24,Lima,Cañete,Mala,VIPETROS SAC.,Gasolina Premium,20.49
2026-08-24,Lima,Cañete,Mala,GENARA LIDA RODRIGUEZ RODRIGUEZ,Gasolina Regular,20.50
2026-08-24,Lima,Cañete,Mala,GRIFO KEREN  CAROL SRL,Gasolina Regular,19.99
2026-08-24,Lima,Cañete,Mala,GRIFOSA SAC,Gasolina Regular,20.59
2026-08-24,Lima,Cañete,Mala,GROUP CR & FP S.A.C.,Gasolina Regular,19.99
2026-08-24,Lima,Cañete,Mala,GRUPO EMPRESARIAL NONATO E.I.R.L.,Gasolina Regular,20.00
2026-08-24,Lima,Cañete,Mala,INVERSIONES MALVELLIZ S.R.L.,Gasolina Regular,20.49
2026-08-24,Lima,Cañete,Mala,RENSO & RUTH INVERSIONES ASOCIADAS S.A.C.,Gasolina Regular,19.69
2026-08-24,Lima,Cañete,Mala,REPSOL COMERCIAL S.A.C.,Gasolina Regular,20.99
2026-08-24,Lima,Cañete,Mala,REPSOL COMERCIAL S.A.C.,Gasolina Regular,20.99
2026-08-24,Lima,Cañete,Mala,SILYCARP INVERSIONES SAC,Gasolina Regular,19.89
2026-08-24,Lima,Cañete,Mala,SOLIER REYNOSO RAUL HUMBERTO,Gasolina Regular,20.00
2026-08-24,Lima,Cañete,Mala,VIPETROS SAC.,Gasolina Regular,19.75
2026-08-24,Lima,Cañete,Nuevo Imperial,EMPRESA DE TRANSPORTES IMPERIAL NUEVO IMPERIAL LA FLORIDA Nº 06 S.A.,Diesel DB5,22.98
2026-08-24,Lima,Cañete,Nuevo Imperial,ESTACION DE SERVICIOS ROMA,Diesel DB5,23.95
2026-08-24,Lima,Cañete,Nuevo Imperial,GASOLINERA CHAUPIN S.A.C.,Diesel DB5,24.20
2026-08-24,Lima,Cañete,Nuevo Imperial,EMPRESA DE TRANSPORTES IMPERIAL NUEVO IMPERIAL LA FLORIDA Nº 06 S.A.,Gasolina Premium,19.88
2026-08-24,Lima,Cañete,Nuevo Imperial,ESTACION DE SERVICIOS ROMA,Gasolina Premium,20.95
2026-08-24,Lima,Cañete,Nuevo Imperial,GASOLINERA CHAUPIN S.A.C.,Gasolina Premium,21.50
2026-08-24,Lima,Cañete,Nuevo Imperial,EMPRESA DE TRANSPORTES IMPERIAL NUEVO IMPERIAL LA FLORIDA Nº 06 S.A.,Gasolina Regular,19.28
2026-08-24,Lima,Cañete,Nuevo Imperial,ESTACION DE SERVICIOS ROMA,Gasolina Regular,20.00
2026-08-24,Lima,Cañete,Nuevo Imperial,GASOLINERA CHAUPIN S.A.C.,Gasolina Regular,20.00
2026-08-24,Lima,Cañete,Pacaran,ESTACION DE SERVICIOS PUMITA SOCIEDAD ANONIMA CERRADA,Diesel DB5,23.50
2026-08-24,Lima,Cañete,Pacaran,ESTACION DE SERVICIOS PUMITA SOCIEDAD ANONIMA CERRADA,Gasolina Premium,20.20
2026-08-24,Lima,Cañete,Pacaran,ESTACION DE SERVICIOS PUMITA SOCIEDAD ANONIMA CERRADA,Gasolina Regular,19.50
2026-08-24,Lima,Cañete,Quilmana,D & B COMBUSTIBLES DEL PERU SOCIEDAD ANONIMA CERRADA - D & B COMBUSTIBLES DEL PERU S.A.C.,Diesel DB5,24.00
2026-08-24,Lima,Cañete,Quilmana,EMPRESA DE TRANSPORTES VIRGEN DE LA CANDELARIA S.A.,Diesel DB5,24.20
2026-08-24,Lima,Cañete,Quilmana,ESTACION DE SERVICIOS QUILMANA S.A.C.,Diesel DB5,24.00
2026-08-24,Lima,Cañete,Quilmana,ESTACION DE SERVICIOS RUAL SAC,Diesel DB5,23.95
2026-08-24,Lima,Cañete,Quilmana,ROSARIO ISABEL FLORES CHIOK,Diesel DB5,24.30
2026-08-24,Lima,Cañete,Quilmana,EMPRESA DE TRANSPORTES VIRGEN DE LA CANDELARIA S.A.,Gasolina Premium,21.30
2026-08-24,Lima,Cañete,Quilmana,ESTACION DE SERVICIOS QUILMANA S.A.C.,Gasolina Premium,20.80
2026-08-24,Lima,Cañete,Quilmana,ESTACION DE SERVICIOS RUAL SAC,Gasolina Premium,20.95
2026-08-24,Lima,Cañete,Quilmana,ROSARIO ISABEL FLORES CHIOK,Gasolina Premium,21.40
2026-08-24,Lima,Cañete,Quilmana,D & B COMBUSTIBLES DEL PERU SOCIEDAD ANONIMA CERRADA - D & B COMBUSTIBLES DEL PERU S.A.C.,Gasolina Regular,20.50
2026-08-24,Lima,Cañete,Quilmana,EMPRESA DE TRANSPORTES VIRGEN DE LA CANDELARIA S.A.,Gasolina Regular,20.40
2026-08-24,Lima,Cañete,Quilmana,ESTACION DE SERVICIOS QUILMANA S.A.C.,Gasolina Regular,20.10
2026-08-24,Lima,Cañete,Quilmana,ESTACION DE SERVICIOS RUAL SAC,Gasolina Regular,20.00
2026-08-24,Lima,Cañete,Quilmana,ROSARIO ISABEL FLORES CHIOK,Gasolina Regular,20.50
2026-08-24,Lima,Cañete,San Antonio,HFK COMBUSTIBLES S.A.C.,Diesel DB5,23.59
2026-08-24,Lima,Cañete,San Antonio,RENSO & RUTH INVERSIONES ASOCIADAS S.A.C,Diesel DB5,22.79
2026-08-24,Lima,Cañete,San Antonio,HFK COMBUSTIBLES S.A.C.,Gasolina Premium,19.79
2026-08-24,Lima,Cañete,San Antonio,RENSO & RUTH INVERSIONES ASOCIADAS S.A.C,Gasolina Premium,20.39
2026-08-24,Lima,Cañete,San Antonio,HFK COMBUSTIBLES S.A.C.,Gasolina Regular,18.99
2026-08-24,Lima,Cañete,San Antonio,RENSO & RUTH INVERSIONES ASOCIADAS S.A.C,Gasolina Regular,19.69
2026-08-24,Lima,Cañete,San Luis,COESTI SA,Diesel DB5,23.95
2026-08-24,Lima,Cañete,San Luis,GRIFO CENTRAL SAC,Diesel DB5,23.95
2026-08-24,Lima,Cañete,San Luis,COESTI SA,Gasolina Premium,21.29
2026-08-24,Lima,Cañete,San Luis,GRIFO CENTRAL SAC,Gasolina Premium,20.70
2026-08-24,Lima,Cañete,San Luis,COESTI SA,Gasolina Regular,19.49
2026-08-24,Lima,Cañete,San Luis,GRIFO CENTRAL SAC,Gasolina Regular,20.00
2026-08-24,Lima,Cañete,San Vicente De Cañete,AUTOPASA EIRL,Diesel DB5,23.70
2026-08-24,Lima,Cañete,San Vicente De Cañete,COMBUSTIBLES ICA S.A.,Diesel DB5,23.50
2026-08-24,Lima,Cañete,San Vicente De Cañete,CORPORACION R & M SEÑOR DE MURUHUAY S.A.C.,Diesel DB5,22.89
2026-08-24,Lima,Cañete,San Vicente De Cañete,EMPRESA COMUNAL DE SERVICIOS MULTIPLES RANCAS,Diesel DB5,23.60
2026-08-24,Lima,Cañete,San Vicente De Cañete,EMPRESA DE TRANSPORTES DE PASAJEROS DE SERVICIO RAPIDO SEÑOR DE LA ASCENCION DE CACHUY Nº 1 S.A.,Diesel DB5,23.49
2026-08-24,Lima,Cañete,San Vicente De Cañete,ESCOH S.A.C.,Diesel DB5,23.98
2026-08-24,Lima,Cañete,San Vicente De Cañete,ESTACION DE SERVICIOS N 2 EX AEDO,Diesel DB5,23.09
2026-08-24,Lima,Cañete,San Vicente De Cañete,FFIJ LOGISTIC SAC      ESTACION AVA,Diesel DB5,23.39
2026-08-24,Lima,Cañete,San Vicente De Cañete,FULL SERVICE SAN VICENTE S.R.L. - FUSEVI S.R.LTDA.,Diesel DB5,23.48
2026-08-24,Lima,Cañete,San Vicente De Cañete,GRIFOS ESPINOZA S.A.,Diesel DB5,24.49
2026-08-24,Lima,Cañete,San Vicente De Cañete,INVERSIONES HERMANOS LAURA SAMANIEGO S.A.C.,Diesel DB5,23.48
2026-08-24,Lima,Cañete,San Vicente De Cañete,NEGOCIACION PERU GOOL S.A.C.,Diesel DB5,23.49
2026-08-24,Lima,Cañete,San Vicente De Cañete,PROYECTO INVERSIONES JM S.R.L.,Diesel DB5,24.49
2026-08-24,Lima,Cañete,San Vicente De Cañete,REPRESENTACIONES FLORENCIO S.A.C.,Diesel DB5,23.70
2026-08-24,Lima,Cañete,San Vicente De Cañete,AUTOPASA EIRL,Gasolina Premium,20.30
2026-08-24,Lima,Cañete,San Vicente De Cañete,COMBUSTIBLES ICA S.A.,Gasolina Premium,20.10
2026-08-24,Lima,Cañete,San Vicente De Cañete,CORPORACION R & M SEÑOR DE MURUHUAY S.A.C.,Gasolina Premium,20.29
2026-08-24,Lima,Cañete,San Vicente De Cañete,EMPRESA COMUNAL DE SERVICIOS MULTIPLES RANCAS,Gasolina Premium,20.30
2026-08-24,Lima,Cañete,San Vicente De Cañete,ESCOH S.A.C.,Gasolina Premium,20.58
2026-08-24,Lima,Cañete,San Vicente De Cañete,ESTACION DE SERVICIOS N 2 EX AEDO,Gasolina Premium,20.09
2026-08-24,Lima,Cañete,San Vicente De Cañete,FFIJ LOGISTIC SAC      ESTACION AVA,Gasolina Premium,20.00
2026-08-24,Lima,Cañete,San Vicente De Cañete,FULL SERVICE SAN VICENTE S.R.L. - FUSEVI S.R.LTDA.,Gasolina Premium,20.30
2026-08-24,Lima,Cañete,San Vicente De Cañete,GRIFOS ESPINOZA S.A.,Gasolina Premium,20.59
2026-08-24,Lima,Cañete,San Vicente De Cañete,INVERSIONES HERMANOS LAURA SAMANIEGO S.A.C.,Gasolina Premium,20.38
2026-08-24,Lima,Cañete,San Vicente De Cañete,NEGOCIACION PERU GOOL S.A.C.,Gasolina Premium,20.20
2026-08-24,Lima,Cañete,San Vicente De Cañete,PROYECTO INVERSIONES JM S.R.L.,Gasolina Premium,21.00
2026-08-24,Lima,Cañete,San Vicente De Cañete,REPRESENTACIONES FLORENCIO S.A.C.,Gasolina Premium,20.50
2026-08-24,Lima,Cañete,San Vicente De Cañete,AUTOPASA EIRL,Gasolina Regular,19.30
2026-08-24,Lima,Cañete,San Vicente De Cañete,COMBUSTIBLES ICA S.A.,Gasolina Regular,19.10
2026-08-24,Lima,Cañete,San Vicente De Cañete,CORPORACION R & M SEÑOR DE MURUHUAY S.A.C.,Gasolina Regular,19.29
2026-08-24,Lima,Cañete,San Vicente De Cañete,EMPRESA COMUNAL DE SERVICIOS MULTIPLES RANCAS,Gasolina Regular,19.20
2026-08-24,Lima,Cañete,San Vicente De Cañete,EMPRESA DE TRANSPORTES DE PASAJEROS DE SERVICIO RAPIDO SEÑOR DE LA ASCENCION DE CACHUY Nº 1 S.A.,Gasolina Regular,19.20
2026-08-24,Lima,Cañete,San Vicente De Cañete,ESCOH S.A.C.,Gasolina Regular,19.78
2026-08-24,Lima,Cañete,San Vicente De Cañete,ESTACION DE SERVICIOS N 2 EX AEDO,Gasolina Regular,19.00
2026-08-24,Lima,Cañete,San Vicente De Cañete,FFIJ LOGISTIC SAC      ESTACION AVA,Gasolina Regular,19.00
2026-08-24,Lima,Cañete,San Vicente De Cañete,FULL SERVICE SAN VICENTE S.R.L. - FUSEVI S.R.LTDA.,Gasolina Regular,19.40
2026-08-24,Lima,Cañete,San Vicente De Cañete,GRIFOS ESPINOZA S.A.,Gasolina Regular,19.59
2026-08-24,Lima,Cañete,San Vicente De Cañete,INVERSIONES HERMANOS LAURA SAMANIEGO S.A.C.,Gasolina Regular,19.38
2026-08-24,Lima,Cañete,San Vicente De Cañete,NEGOCIACION PERU GOOL S.A.C.,Gasolina Regular,19.20
2026-08-24,Lima,Cañete,San Vicente De Cañete,PROYECTO INVERSIONES JM S.R.L.,Gasolina Regular,19.98
2026-08-24,Lima,Cañete,San Vicente De Cañete,REPRESENTACIONES FLORENCIO S.A.C.,Gasolina Regular,19.90
2026-08-24,Lima,Huaral,Aucallama,AUCALLAMAS SAC,Diesel DB5,23.80
2026-08-24,Lima,Huaral,Aucallama,COMERCIALIZADORA Y SERVICIOS DON MARCOS S.A.C.,Diesel DB5,23.40
2026-08-24,Lima,Huaral,Aucallama,ESTACION DE SERVICIOS GRIFO DENVER SRL,Diesel DB5,23.59
2026-08-24,Lima,Huaral,Aucallama,INVERSIONES Y NEGOCIOS HS S.A.C.,Diesel DB5,23.39
2026-08-24,Lima,Huaral,Aucallama,LUBRICENTRO AUCALLAMA S.A.C.,Diesel DB5,24.19
2026-08-24,Lima,Huaral,Aucallama,MARBELLA PERU S.A.C,Diesel DB5,23.59
2026-08-24,Lima,Huaral,Aucallama,SERVICENTRO AGUKI NORTE S.A. - AGUKI NORTE S.A.,Diesel DB5,23.99
2026-08-24,Lima,Huaral,Aucallama,SERVICENTRO PASAMAYO S.A.C.,Diesel DB5,23.29
2026-08-24,Lima,Huaral,Aucallama,SERVICIOS JAYLU PERU E.I.R.L.,Diesel DB5,23.40
2026-08-24,Lima,Huaral,Aucallama,AUCALLAMAS SAC,Gasolina Premium,20.60
2026-08-24,Lima,Huaral,Aucallama,COMERCIALIZADORA Y SERVICIOS DON MARCOS S.A.C.,Gasolina Premium,19.80
2026-08-24,Lima,Huaral,Aucallama,ESTACION DE SERVICIOS GRIFO DENVER SRL,Gasolina Premium,20.59
2026-08-24,Lima,Huaral,Aucallama,INVERSIONES Y NEGOCIOS HS S.A.C.,Gasolina Premium,20.49
2026-08-24,Lima,Huaral,Aucallama,LUBRICENTRO AUCALLAMA S.A.C.,Gasolina Premium,20.99
2026-08-24,Lima,Huaral,Aucallama,SERVICENTRO AGUKI NORTE S.A. - AGUKI NORTE S.A.,Gasolina Premium,20.79
2026-08-24,Lima,Huaral,Aucallama,SERVICENTRO PASAMAYO S.A.C.,Gasolina Premium,20.59
2026-08-24,Lima,Huaral,Aucallama,AUCALLAMAS SAC,Gasolina Regular,19.70
2026-08-24,Lima,Huaral,Aucallama,COMERCIALIZADORA Y SERVICIOS DON MARCOS S.A.C.,Gasolina Regular,18.80
2026-08-24,Lima,Huaral,Aucallama,ESTACION DE SERVICIOS GRIFO DENVER SRL,Gasolina Regular,19.29
2026-08-24,Lima,Huaral,Aucallama,INVERSIONES Y NEGOCIOS HS S.A.C.,Gasolina Regular,19.49
2026-08-24,Lima,Huaral,Aucallama,LUBRICENTRO AUCALLAMA S.A.C.,Gasolina Regular,19.99
2026-08-24,Lima,Huaral,Aucallama,MARBELLA PERU S.A.C,Gasolina Regular,19.29
2026-08-24,Lima,Huaral,Aucallama,SERVICENTRO AGUKI NORTE S.A. - AGUKI NORTE S.A.,Gasolina Regular,18.79
2026-08-24,Lima,Huaral,Aucallama,SERVICENTRO PASAMAYO S.A.C.,Gasolina Regular,19.29
2026-08-24,Lima,Huaral,Aucallama,SERVICIOS JAYLU PERU E.I.R.L.,Gasolina Regular,21.50
2026-08-24,Lima,Huaral,Chancay,ALRESA S.A.,Diesel DB5,23.70
2026-08-24,Lima,Huaral,Chancay,AXEL GAS SAC,Diesel DB5,22.99
2026-08-24,Lima,Huaral,Chancay,COESTI S.A,Diesel DB5,24.39
2026-08-24,Lima,Huaral,Chancay,COESTI S.A.,Diesel DB5,24.39
2026-08-24,Lima,Huaral,Chancay,CORPORACION OIL GEMS S.A.C.,Diesel DB5,23.39
2026-08-24,Lima,Huaral,Chancay,CORPORACION RIO BRANCO S A,Diesel DB5,24.20
2026-08-24,Lima,Huaral,Chancay,DACOR  GAS S.A.C.,Diesel DB5,23.99
2026-08-24,Lima,Huaral,Chancay,EMPRESA DE SERVICIOS Y TRANSPORTES EL NEGRO E.I.R.L.,Diesel DB5,22.69
2026-08-24,Lima,Huaral,Chancay,G CELESTE S.A.C.,Diesel DB5,23.26
2026-08-24,Lima,Huaral,Chancay,GLOBAL FUEL S.A.,Diesel DB5,25.99
2026-08-24,Lima,Huaral,Chancay,GRIFOS SANTA MARIA S.A.,Diesel DB5,23.96
2026-08-24,Lima,Huaral,Chancay,GRIFOS SERPENTIN S.A.C.,Diesel DB5,23.29
2026-08-24,Lima,Huaral,Chancay,GRUPO NONATO CHANCAYLLO E.I.R.L.,Diesel DB5,22.70
2026-08-24,Lima,Huaral,Chancay,INVERSIONES JULIO III SAC,Diesel DB5,23.35
2026-08-24,Lima,Huaral,Chancay,MEGA ESTACION LOS DELFINES CHANCAY,Diesel DB5,22.68
2026-08-24,Lima,Huaral,Chancay,REPSOL COMERCIAL S.A.C.,Diesel DB5,26.49
2026-08-24,Lima,Huaral,Chancay,REPSOL COMERCIAL S.A.C.,Diesel DB5,26.49
2026-08-24,Lima,Huaral,Chancay,ALRESA S.A.,Gasolina Premium,21.00
2026-08-24,Lima,Huaral,Chancay,AXEL GAS SAC,Gasolina Premium,20.09
2026-08-24,Lima,Huaral,Chancay,COESTI S.A,Gasolina Premium,20.35
2026-08-24,Lima,Huaral,Chancay,COESTI S.A.,Gasolina Premium,20.35
2026-08-24,Lima,Huaral,Chancay,CORPORACION OIL GEMS S.A.C.,Gasolina Premium,20.99
2026-08-24,Lima,Huaral,Chancay,CORPORACION RIO BRANCO S A,Gasolina Premium,22.60
2026-08-24,Lima,Huaral,Chancay,DACOR  GAS S.A.C.,Gasolina Premium,21.69
2026-08-24,Lima,Huaral,Chancay,EMPRESA DE SERVICIOS Y TRANSPORTES EL NEGRO E.I.R.L.,Gasolina Premium,19.94
2026-08-24,Lima,Huaral,Chancay,G CELESTE S.A.C.,Gasolina Premium,20.46
2026-08-24,Lima,Huaral,Chancay,GLOBAL FUEL S.A.,Gasolina Premium,19.89
2026-08-24,Lima,Huaral,Chancay,GRIFOS SANTA MARIA S.A.,Gasolina Premium,21.25
2026-08-24,Lima,Huaral,Chancay,GRIFOS SERPENTIN S.A.C.,Gasolina Premium,20.49
2026-08-24,Lima,Huaral,Chancay,GRUPO NONATO CHANCAYLLO E.I.R.L.,Gasolina Premium,19.90
2026-08-24,Lima,Huaral,Chancay,INVERSIONES JULIO III SAC,Gasolina Premium,18.99
2026-08-24,Lima,Huaral,Chancay,MEGA ESTACION LOS DELFINES CHANCAY,Gasolina Premium,19.99
2026-08-24,Lima,Huaral,Chancay,REPSOL COMERCIAL S.A.C.,Gasolina Premium,24.99
2026-08-24,Lima,Huaral,Chancay,REPSOL COMERCIAL S.A.C.,Gasolina Premium,24.99
2026-08-24,Lima,Huaral,Chancay,ALRESA S.A.,Gasolina Regular,19.90
2026-08-24,Lima,Huaral,Chancay,AXEL GAS SAC,Gasolina Regular,19.09
2026-08-24,Lima,Huaral,Chancay,COESTI S.A,Gasolina Regular,18.79
2026-08-24,Lima,Huaral,Chancay,COESTI S.A.,Gasolina Regular,18.79
2026-08-24,Lima,Huaral,Chancay,CORPORACION OIL GEMS S.A.C.,Gasolina Regular,19.49
2026-08-24,Lima,Huaral,Chancay,CORPORACION RIO BRANCO S A,Gasolina Regular,21.10
2026-08-24,Lima,Huaral,Chancay,DACOR  GAS S.A.C.,Gasolina Regular,19.99
2026-08-24,Lima,Huaral,Chancay,EMPRESA DE SERVICIOS Y TRANSPORTES EL NEGRO E.I.R.L.,Gasolina Regular,18.87
2026-08-24,Lima,Huaral,Chancay,G CELESTE S.A.C.,Gasolina Regular,19.46
2026-08-24,Lima,Huaral,Chancay,GLOBAL FUEL S.A.,Gasolina Regular,18.79
2026-08-24,Lima,Huaral,Chancay,GRIFOS SANTA MARIA S.A.,Gasolina Regular,19.87
2026-08-24,Lima,Huaral,Chancay,GRIFOS SERPENTIN S.A.C.,Gasolina Regular,19.49
2026-08-24,Lima,Huaral,Chancay,GRUPO NONATO CHANCAYLLO E.I.R.L.,Gasolina Regular,19.00
2026-08-24,Lima,Huaral,Chancay,INVERSIONES JULIO III SAC,Gasolina Regular,20.19
2026-08-24,Lima,Huaral,Chancay,MEGA ESTACION LOS DELFINES CHANCAY,Gasolina Regular,19.55
2026-08-24,Lima,Huaral,Chancay,REPSOL COMERCIAL S.A.C.,Gasolina Regular,22.99
2026-08-24,Lima,Huaral,Chancay,REPSOL COMERCIAL S.A.C.,Gasolina Regular,22.99
2026-08-24,Lima,Huaral,Huaral,COESTI S.A,Diesel DB5,24.35
2026-08-24,Lima,Huaral,Huaral,COESTI S.A.,Diesel DB5,24.35
2026-08-24,Lima,Huaral,Huaral,COESTI S.A.,Diesel DB5,34.35
2026-08-24,Lima,Huaral,Huaral,CONSULTORA NORQUEENS S.A.C.,Diesel DB5,23.45
2026-08-24,Lima,Huaral,Huaral,ESTACION DE SERVICIO SAN MARTIN,Diesel DB5,23.15
2026-08-24,Lima,Huaral,Huaral,ESTACION DE SERVICIOS GRIFO DENVER S.R.L.,Diesel DB5,23.35
2026-08-24,Lima,Huaral,Huaral,ESTACION DE SERVICIOS INVERSIONES DIAZ E.I.R.L.,Diesel DB5,23.18
2026-08-24,Lima,Huaral,Huaral,ESTACION DE SERVICIOS Y GASOCENTRO ESPERANZA  SILYCARP INV SAC,Diesel DB5,23.19
2026-08-24,Lima,Huaral,Huaral,GRIFO EL HUARANGAL EIRL,Diesel DB5,23.39
2026-08-24,Lima,Huaral,Huaral,GRIFO PIERINA,Diesel DB5,23.99
2026-08-24,Lima,Huaral,Huaral,GRIFOS SANTA MARIA,Diesel DB5,23.69
2026-08-24,Lima,Huaral,Huaral,INVERSIONES ALABAZ,Diesel DB5,22.50
2026-08-24,Lima,Huaral,Huaral,INVERSIONES DIESEL PACIFICO S.A.C.,Diesel DB5,22.95
2026-08-24,Lima,Huaral,Huaral,INVERSIONES JULIO III SAC,Diesel DB5,23.35
2026-08-24,Lima,Huaral,Huaral,INVERSIONES REJU E.I.R.L.,Diesel DB5,22.99
2026-08-24,Lima,Huaral,Huaral,INVERSIONES Y REPRESENTACIONES EGAR S.A.C.,Diesel DB5,24.29
2026-08-24,Lima,Huaral,Huaral,JULIAN ROSARIO DIAZ ALVA,Diesel DB5,23.89
2026-08-24,Lima,Huaral,Huaral,JUSTO CESAR AYBAR BELLIDO,Diesel DB5,23.99
2026-08-24,Lima,Huaral,Huaral,NEGOCIACIONES CMC D' HUARAL S.A.C.,Diesel DB5,23.35
2026-08-24,Lima,Huaral,Huaral,REPSOL COMERCIAL S.A.C.,Diesel DB5,26.49
2026-08-24,Lima,Huaral,Huaral,ROLEMAX,Diesel DB5,23.15
2026-08-24,Lima,Huaral,Huaral,SERVICIOS DE COMBUSTIBLES SANTA FE EIRL,Diesel DB5,23.20
2026-08-24,Lima,Huaral,Huaral,SHANDHIRA S.A.C.,Diesel DB5,23.39
2026-08-24,Lima,Huaral,Huaral,TRANSPORTE CASSA E.I.R.L.,Diesel DB5,23.41
2026-08-24,Lima,Huaral,Huaral,ZEVALLOS BLAS AUGUSTO,Diesel DB5,22.99
2026-08-24,Lima,Huaral,Huaral,COESTI S.A,Gasolina Premium,20.99
2026-08-24,Lima,Huaral,Huaral,COESTI S.A.,Gasolina Premium,20.69
2026-08-24,Lima,Huaral,Huaral,COESTI S.A.,Gasolina Premium,20.99
2026-08-24,Lima,Huaral,Huaral,CONSULTORA NORQUEENS S.A.C.,Gasolina Premium,20.75
2026-08-24,Lima,Huaral,Huaral,ESTACION DE SERVICIO SAN MARTIN,Gasolina Premium,20.60
2026-08-24,Lima,Huaral,Huaral,ESTACION DE SERVICIOS GRIFO DENVER S.R.L.,Gasolina Premium,20.85
2026-08-24,Lima,Huaral,Huaral,ESTACION DE SERVICIOS INVERSIONES DIAZ E.I.R.L.,Gasolina Premium,20.79
2026-08-24,Lima,Huaral,Huaral,ESTACION DE SERVICIOS Y GASOCENTRO ESPERANZA  SILYCARP INV SAC,Gasolina Premium,20.80
2026-08-24,Lima,Huaral,Huaral,GRIFO EL HUARANGAL EIRL,Gasolina Premium,20.40
2026-08-24,Lima,Huaral,Huaral,GRIFO PIERINA,Gasolina Premium,20.99
2026-08-24,Lima,Huaral,Huaral,GRIFOS SANTA MARIA,Gasolina Premium,20.32
2026-08-24,Lima,Huaral,Huaral,INVERSIONES ALABAZ,Gasolina Premium,19.45
2026-08-24,Lima,Huaral,Huaral,INVERSIONES DIESEL PACIFICO S.A.C.,Gasolina Premium,19.99
2026-08-24,Lima,Huaral,Huaral,INVERSIONES JULIO III SAC,Gasolina Premium,20.19
2026-08-24,Lima,Huaral,Huaral,INVERSIONES REJU E.I.R.L.,Gasolina Premium,20.89
2026-08-24,Lima,Huaral,Huaral,JULIAN ROSARIO DIAZ ALVA,Gasolina Premium,20.99
2026-08-24,Lima,Huaral,Huaral,JUSTO CESAR AYBAR BELLIDO,Gasolina Premium,21.99
2026-08-24,Lima,Huaral,Huaral,NEGOCIACIONES CMC D' HUARAL S.A.C.,Gasolina Premium,19.49
2026-08-24,Lima,Huaral,Huaral,REPSOL COMERCIAL S.A.C.,Gasolina Premium,21.99
2026-08-24,Lima,Huaral,Huaral,ROLEMAX,Gasolina Premium,19.79
2026-08-24,Lima,Huaral,Huaral,SERVICIOS DE COMBUSTIBLES SANTA FE EIRL,Gasolina Premium,19.85
2026-08-24,Lima,Huaral,Huaral,SHANDHIRA S.A.C.,Gasolina Premium,21.49
2026-08-24,Lima,Huaral,Huaral,TRANSPORTE CASSA E.I.R.L.,Gasolina Premium,19.57
2026-08-24,Lima,Huaral,Huaral,ZEVALLOS BLAS AUGUSTO,Gasolina Premium,19.99
2026-08-24,Lima,Huaral,Huaral,COESTI S.A,Gasolina Regular,19.49
2026-08-24,Lima,Huaral,Huaral,COESTI S.A.,Gasolina Regular,19.49
2026-08-24,Lima,Huaral,Huaral,COESTI S.A.,Gasolina Regular,19.49
2026-08-24,Lima,Huaral,Huaral,CONSULTORA NORQUEENS S.A.C.,Gasolina Regular,19.55
2026-08-24,Lima,Huaral,Huaral,ESTACION DE SERVICIO SAN MARTIN,Gasolina Regular,19.55
2026-08-24,Lima,Huaral,Huaral,ESTACION DE SERVICIOS GRIFO DENVER S.R.L.,Gasolina Regular,19.45
2026-08-24,Lima,Huaral,Huaral,ESTACION DE SERVICIOS INVERSIONES DIAZ E.I.R.L.,Gasolina Regular,19.78
2026-08-24,Lima,Huaral,Huaral,ESTACION DE SERVICIOS Y GASOCENTRO ESPERANZA  SILYCARP INV SAC,Gasolina Regular,19.80
2026-08-24,Lima,Huaral,Huaral,GRIFO EL HUARANGAL EIRL,Gasolina Regular,19.50
2026-08-24,Lima,Huaral,Huaral,GRIFO PIERINA,Gasolina Regular,19.89
2026-08-24,Lima,Huaral,Huaral,GRIFOS SANTA MARIA,Gasolina Regular,19.24
2026-08-24,Lima,Huaral,Huaral,INVERSIONES ALABAZ,Gasolina Regular,18.60
2026-08-24,Lima,Huaral,Huaral,INVERSIONES DIESEL PACIFICO S.A.C.,Gasolina Regular,18.89
2026-08-24,Lima,Huaral,Huaral,INVERSIONES JULIO III SAC,Gasolina Regular,18.99
2026-08-24,Lima,Huaral,Huaral,INVERSIONES REJU E.I.R.L.,Gasolina Regular,19.49
2026-08-24,Lima,Huaral,Huaral,INVERSIONES Y REPRESENTACIONES EGAR S.A.C.,Gasolina Regular,19.99
2026-08-24,Lima,Huaral,Huaral,JULIAN ROSARIO DIAZ ALVA,Gasolina Regular,19.98
2026-08-24,Lima,Huaral,Huaral,JUSTO CESAR AYBAR BELLIDO,Gasolina Regular,20.99
2026-08-24,Lima,Huaral,Huaral,NEGOCIACIONES CMC D' HUARAL S.A.C.,Gasolina Regular,18.63
2026-08-24,Lima,Huaral,Huaral,REPSOL COMERCIAL S.A.C.,Gasolina Regular,19.99
2026-08-24,Lima,Huaral,Huaral,ROLEMAX,Gasolina Regular,18.99
2026-08-24,Lima,Huaral,Huaral,SERVICIOS DE COMBUSTIBLES SANTA FE EIRL,Gasolina Regular,18.85
2026-08-24,Lima,Huaral,Huaral,SHANDHIRA S.A.C.,Gasolina Regular,20.39
2026-08-24,Lima,Huaral,Huaral,TRANSPORTE CASSA E.I.R.L.,Gasolina Regular,18.99
2026-08-24,Lima,Huaral,Huaral,ZEVALLOS BLAS AUGUSTO,Gasolina Regular,19.10
2026-08-24,Lima,Huarochiri,Cuenca,TRANSPORTES A & P YANAVILVA E.I.R.L.,Diesel DB5,25.00
2026-08-24,Lima,Huarochiri,Cuenca,TRANSPORTES A & P YANAVILVA E.I.R.L.,Gasolina Regular,22.50
2026-08-24,Lima,Huarochiri,Matucana,GRUPO CASSA SAC,Diesel DB5,23.79
2026-08-24,Lima,Huarochiri,Matucana,GRUPO CASSA SAC,Gasolina Premium,21.59
2026-08-24,Lima,Huarochiri,Matucana,GRUPO CASSA SAC,Gasolina Regular,20.69
2026-08-24,Lima,Huarochiri,Ricardo Palma,EE.SS. SOL Y CAMPO,Diesel DB5,22.49
2026-08-24,Lima,Huarochiri,Ricardo Palma,INVERSIONES E INDUSTRIAS MIRFER S.A.C.,Diesel DB5,22.79
2026-08-24,Lima,Huarochiri,Ricardo Palma,SAN PEDRO COMBUSTIBLES S.R.L.,Diesel DB5,22.39
2026-08-24,Lima,Huarochiri,Ricardo Palma,EE.SS. SOL Y CAMPO,Gasolina Premium,19.49
2026-08-24,Lima,Huarochiri,Ricardo Palma,INVERSIONES E INDUSTRIAS MIRFER S.A.C.,Gasolina Premium,19.89
2026-08-24,Lima,Huarochiri,Ricardo Palma,SAN PEDRO COMBUSTIBLES S.R.L.,Gasolina Premium,19.95
2026-08-24,Lima,Huarochiri,Ricardo Palma,EE.SS. SOL Y CAMPO,Gasolina Regular,18.29
2026-08-24,Lima,Huarochiri,Ricardo Palma,INVERSIONES E INDUSTRIAS MIRFER S.A.C.,Gasolina Regular,18.89
2026-08-24,Lima,Huarochiri,Ricardo Palma,SAN PEDRO COMBUSTIBLES S.R.L.,Gasolina Regular,18.53
2026-08-24,Lima,Huarochiri,San Antonio,CORPORACION PERUANA DE COMERCIO Y SERVICIOS S.A.C.,Diesel DB5,23.99
2026-08-24,Lima,Huarochiri,San Antonio,ESTACION DE SERVICIOS EPYSA S.A.C.,Diesel DB5,22.95
2026-08-24,Lima,Huarochiri,San Antonio,FIDEL SULLCA HUAMAN,Diesel DB5,23.99
2026-08-24,Lima,Huarochiri,San Antonio,GARODI S.R.L.,Diesel DB5,23.99
2026-08-24,Lima,Huarochiri,San Antonio,GASOCENTRO Y AUTOSERVICIOS REAL S.A.C.,Diesel DB5,23.99
2026-08-24,Lima,Huarochiri,San Antonio,GOLDEN SHOCK S.A.C.,Diesel DB5,22.49
2026-08-24,Lima,Huarochiri,San Antonio,GRIFO  A1,Diesel DB5,23.85
2026-08-24,Lima,Huarochiri,San Antonio,INVERSIONES M Y E S.A.C.,Diesel DB5,23.99
2026-08-24,Lima,Huarochiri,San Antonio,PAMELA MILAGROS VASQUEZ ROMERO DE ESPINOZA,Diesel DB5,23.49
2026-08-24,Lima,Huarochiri,San Antonio,SERVICENTRO JICAMARCA,Diesel DB5,23.59
2026-08-24,Lima,Huarochiri,San Antonio,SUMINISTROS PETROLEROS S.A.C.,Diesel DB5,23.99
2026-08-24,Lima,Huarochiri,San Antonio,ESTACION DE SERVICIOS EPYSA S.A.C.,Gasolina Premium,21.00
2026-08-24,Lima,Huarochiri,San Antonio,FIDEL SULLCA HUAMAN,Gasolina Premium,21.47
2026-08-24,Lima,Huarochiri,San Antonio,GARODI S.R.L.,Gasolina Premium,20.29
2026-08-24,Lima,Huarochiri,San Antonio,GOLDEN SHOCK S.A.C.,Gasolina Premium,22.59
2026-08-24,Lima,Huarochiri,San Antonio,GRIFO  A1,Gasolina Premium,21.49
2026-08-24,Lima,Huarochiri,San Antonio,INVERSIONES M Y E S.A.C.,Gasolina Premium,21.69
2026-08-24,Lima,Huarochiri,San Antonio,PAMELA MILAGROS VASQUEZ ROMERO DE ESPINOZA,Gasolina Premium,20.99
2026-08-24,Lima,Huarochiri,San Antonio,SERVICENTRO JICAMARCA,Gasolina Premium,20.75
2026-08-24,Lima,Huarochiri,San Antonio,SUMINISTROS PETROLEROS S.A.C.,Gasolina Premium,20.29
2026-08-24,Lima,Huarochiri,San Antonio,CORPORACION PERUANA DE COMERCIO Y SERVICIOS S.A.C.,Gasolina Regular,20.69
2026-08-24,Lima,Huarochiri,San Antonio,ESTACION DE SERVICIOS EPYSA S.A.C.,Gasolina Regular,20.00
2026-08-24,Lima,Huarochiri,San Antonio,FIDEL SULLCA HUAMAN,Gasolina Regular,20.33
2026-08-24,Lima,Huarochiri,San Antonio,GARODI S.R.L.,Gasolina Regular,19.99
2026-08-24,Lima,Huarochiri,San Antonio,GASOCENTRO Y AUTOSERVICIOS REAL S.A.C.,Gasolina Regular,19.99
2026-08-24,Lima,Huarochiri,San Antonio,GOLDEN SHOCK S.A.C.,Gasolina Regular,20.76
2026-08-24,Lima,Huarochiri,San Antonio,GRIFO  A1,Gasolina Regular,20.49
2026-08-24,Lima,Huarochiri,San Antonio,INVERSIONES M Y E S.A.C.,Gasolina Regular,20.69
2026-08-24,Lima,Huarochiri,San Antonio,PAMELA MILAGROS VASQUEZ ROMERO DE ESPINOZA,Gasolina Regular,19.99
2026-08-24,Lima,Huarochiri,San Antonio,SERVICENTRO JICAMARCA,Gasolina Regular,19.89
2026-08-24,Lima,Huarochiri,San Antonio,SUMINISTROS PETROLEROS S.A.C.,Gasolina Regular,19.99
2026-08-24,Lima,Huarochiri,San Mateo,DISTRIBUIDORA DE COMBUSTIBLE SAN MATEO S.R.L.,Diesel DB5,25.50
2026-08-24,Lima,Huarochiri,San Mateo,DISTRIBUIDORA DE COMBUSTIBLE SAN MATEO S.R.L.,Gasolina Premium,22.50
2026-08-24,Lima,Huarochiri,San Mateo,DISTRIBUIDORA DE COMBUSTIBLE SAN MATEO S.R.L.,Gasolina Regular,21.50
2026-08-24,Lima,Huarochiri,Santa Cruz De Cocachacra,COESTI S. A.,Diesel DB5,22.99
2026-08-24,Lima,Huarochiri,Santa Cruz De Cocachacra,CONSORCIO ARIAS S.A.C.,Diesel DB5,22.99
2026-08-24,Lima,Huarochiri,Santa Cruz De Cocachacra,CONSORCIO PETRO CENTRAL S.A.C.,Diesel DB5,22.69
2026-08-24,Lima,Huarochiri,Santa Cruz De Cocachacra,ESTACION DE SERVICIOS SANTA CRUZ DE COCACHACRA SAC,Diesel DB5,22.79
2026-08-24,Lima,Huarochiri,Santa Cruz De Cocachacra,ESTACIÓN DE SERVICIO CORCONA S.A.C.,Diesel DB5,22.50
2026-08-24,Lima,Huarochiri,Santa Cruz De Cocachacra,GRIFO SAN ROQUE,Diesel DB5,22.40
2026-08-24,Lima,Huarochiri,Santa Cruz De Cocachacra,INVERSIONES SOL DE HUAYCAN S.A,Diesel DB5,22.39
2026-08-24,Lima,Huarochiri,Santa Cruz De Cocachacra,MEGA ESTACION DE SERVICIOS INVERSOL S.A.,Diesel DB5,22.39
2026-08-24,Lima,Huarochiri,Santa Cruz De Cocachacra,MEGA ESTACION LOS DELFINES CARACHACRA,Diesel DB5,22.39
2026-08-24,Lima,Huarochiri,Santa Cruz De Cocachacra,COESTI S. A.,Gasolina Premium,20.95
2026-08-24,Lima,Huarochiri,Santa Cruz De Cocachacra,CONSORCIO ARIAS S.A.C.,Gasolina Premium,20.99
2026-08-24,Lima,Huarochiri,Santa Cruz De Cocachacra,CONSORCIO PETRO CENTRAL S.A.C.,Gasolina Premium,19.98
2026-08-24,Lima,Huarochiri,Santa Cruz De Cocachacra,ESTACIÓN DE SERVICIO CORCONA S.A.C.,Gasolina Premium,19.94
2026-08-24,Lima,Huarochiri,Santa Cruz De Cocachacra,GRIFO SAN ROQUE,Gasolina Premium,19.94
2026-08-24,Lima,Huarochiri,Santa Cruz De Cocachacra,MEGA ESTACION DE SERVICIOS INVERSOL S.A.,Gasolina Premium,19.97
2026-08-24,Lima,Huarochiri,Santa Cruz De Cocachacra,MEGA ESTACION LOS DELFINES CARACHACRA,Gasolina Premium,19.97
2026-08-24,Lima,Huarochiri,Santa Cruz De Cocachacra,COESTI S. A.,Gasolina Regular,19.89
2026-08-24,Lima,Huarochiri,Santa Cruz De Cocachacra,CONSORCIO ARIAS S.A.C.,Gasolina Regular,19.79
2026-08-24,Lima,Huarochiri,Santa Cruz De Cocachacra,CONSORCIO PETRO CENTRAL S.A.C.,Gasolina Regular,18.99
2026-08-24,Lima,Huarochiri,Santa Cruz De Cocachacra,ESTACION DE SERVICIOS SANTA CRUZ DE COCACHACRA SAC,Gasolina Regular,20.29
2026-08-24,Lima,Huarochiri,Santa Cruz De Cocachacra,ESTACIÓN DE SERVICIO CORCONA S.A.C.,Gasolina Regular,18.54
2026-08-24,Lima,Huarochiri,Santa Cruz De Cocachacra,GRIFO SAN ROQUE,Gasolina Regular,18.54
2026-08-24,Lima,Huarochiri,Santa Cruz De Cocachacra,INVERSIONES SOL DE HUAYCAN S.A,Gasolina Regular,19.59
2026-08-24,Lima,Huarochiri,Santa Cruz De Cocachacra,MEGA ESTACION DE SERVICIOS INVERSOL S.A.,Gasolina Regular,19.59
2026-08-24,Lima,Huarochiri,Santa Cruz De Cocachacra,MEGA ESTACION LOS DELFINES CARACHACRA,Gasolina Regular,19.59
2026-08-24,Lima,Huarochiri,Santa Eulalia,ESCOH S.A.C.,Diesel DB5,23.25
2026-08-24,Lima,Huarochiri,Santa Eulalia,GRUPO JUSAT S.A.C.,Diesel DB5,23.05
2026-08-24,Lima,Huarochiri,Santa Eulalia,PETRO REAL GAS E.I.R.L.,Diesel DB5,23.05
2026-08-24,Lima,Huarochiri,Santa Eulalia,SERVICENTRO GOYAS,Diesel DB5,23.90
2026-08-24,Lima,Huarochiri,Santa Eulalia,ESCOH S.A.C.,Gasolina Premium,20.78
2026-08-24,Lima,Huarochiri,Santa Eulalia,GRUPO JUSAT S.A.C.,Gasolina Premium,20.45
2026-08-24,Lima,Huarochiri,Santa Eulalia,PETRO REAL GAS E.I.R.L.,Gasolina Premium,20.82
2026-08-24,Lima,Huarochiri,Santa Eulalia,ESCOH S.A.C.,Gasolina Regular,19.85
2026-08-24,Lima,Huarochiri,Santa Eulalia,GRUPO JUSAT S.A.C.,Gasolina Regular,19.55
2026-08-24,Lima,Huarochiri,Santa Eulalia,PETRO REAL GAS E.I.R.L.,Gasolina Regular,19.85
2026-08-24,Lima,Huarochiri,Santa Eulalia,SERVICENTRO GOYAS,Gasolina Regular,20.60
2026-08-24,Lima,Huarochiri,Santo Domingo De Los Ollero,EMPRESA DE SERVICIOS MULTIPLES EXPRESO PACHACAMINO S.A.C.,Diesel DB5,23.80
2026-08-24,Lima,Huarochiri,Santo Domingo De Los Ollero,EMPRESA DE SERVICIOS MULTIPLES EXPRESO PACHACAMINO S.A.C.,Gasolina Regular,22.30
2026-08-24,Lima,Huaura,Checras,ESTACION DE SERVICIOS EL POTRILLO PIEDRA BLANCA,Diesel DB5,23.55
2026-08-24,Lima,Huaura,Checras,ESTACION DE SERVICIOS EL POTRILLO PIEDRA BLANCA,Gasolina Premium,20.95
2026-08-24,Lima,Huaura,Checras,ESTACION DE SERVICIOS EL POTRILLO PIEDRA BLANCA,Gasolina Regular,19.80
2026-08-24,Lima,Huaura,Huacho,COESTI S.A.,Diesel DB5,25.49
2026-08-24,Lima,Huaura,Huacho,ESTACION DE SERVICIOS YOLITA S.A.C.,Diesel DB5,24.99
2026-08-24,Lima,Huaura,Huacho,GRIFOS SAGITARIO S.R.L.,Diesel DB5,24.98
2026-08-24,Lima,Huaura,Huacho,PCS SERVICIOS Y REPRESENTACIONES DIVERSAS SAC,Diesel DB5,23.50
2026-08-24,Lima,Huaura,Huacho,SHIMA INVERSIONES BARRANCA E.I.R.L.,Diesel DB5,23.60
2026-08-24,Lima,Huaura,Huacho,TRANSFUELS LIPER E.I.R.L.,Diesel DB5,24.58
2026-08-24,Lima,Huaura,Huacho,COESTI S.A.,Gasolina Premium,21.25
2026-08-24,Lima,Huaura,Huacho,ESTACION DE SERVICIOS YOLITA S.A.C.,Gasolina Premium,21.59
2026-08-24,Lima,Huaura,Huacho,GRIFOS SAGITARIO S.R.L.,Gasolina Premium,21.58
2026-08-24,Lima,Huaura,Huacho,PCS SERVICIOS Y REPRESENTACIONES DIVERSAS SAC,Gasolina Premium,20.89
2026-08-24,Lima,Huaura,Huacho,SHIMA INVERSIONES BARRANCA E.I.R.L.,Gasolina Premium,20.89
2026-08-24,Lima,Huaura,Huacho,TRANSFUELS LIPER E.I.R.L.,Gasolina Premium,22.49
2026-08-24,Lima,Huaura,Huacho,COESTI S.A.,Gasolina Regular,19.99
2026-08-24,Lima,Huaura,Huacho,ESTACION DE SERVICIOS YOLITA S.A.C.,Gasolina Regular,20.59
2026-08-24,Lima,Huaura,Huacho,GRIFOS SAGITARIO S.R.L.,Gasolina Regular,20.58
2026-08-24,Lima,Huaura,Huacho,PCS SERVICIOS Y REPRESENTACIONES DIVERSAS SAC,Gasolina Regular,19.89
2026-08-24,Lima,Huaura,Huacho,SHIMA INVERSIONES BARRANCA E.I.R.L.,Gasolina Regular,19.89
2026-08-24,Lima,Huaura,Huacho,TRANSFUELS LIPER E.I.R.L.,Gasolina Regular,20.58
2026-08-24,Lima,Huaura,Hualmay,DIESEL MAX S.R.L.,Diesel DB5,24.50
2026-08-24,Lima,Huaura,Hualmay,ESTACION DE SERVICIOS HUAURA S.A.C.,Diesel DB5,23.94
2026-08-24,Lima,Huaura,Hualmay,GRIFO BARRANCA VIP S.A.C.,Diesel DB5,23.95
2026-08-24,Lima,Huaura,Hualmay,DIESEL MAX S.R.L.,Gasolina Premium,22.50
2026-08-24,Lima,Huaura,Hualmay,ESTACION DE SERVICIOS HUAURA S.A.C.,Gasolina Premium,20.98
2026-08-24,Lima,Huaura,Hualmay,GRIFO BARRANCA VIP S.A.C.,Gasolina Premium,20.79
2026-08-24,Lima,Huaura,Hualmay,DIESEL MAX S.R.L.,Gasolina Regular,21.49
2026-08-24,Lima,Huaura,Hualmay,ESTACION DE SERVICIOS HUAURA S.A.C.,Gasolina Regular,19.98
2026-08-24,Lima,Huaura,Hualmay,GRIFO BARRANCA VIP S.A.C.,Gasolina Regular,19.79
2026-08-24,Lima,Huaura,Huaura,CORPORACION OIL GEMS SOCIEDAD ANONIMA CERRADA,Diesel DB5,23.69
2026-08-24,Lima,Huaura,Huaura,ESTACIONES DE SERVICIO MERLY  EIRL,Diesel DB5,24.50
2026-08-24,Lima,Huaura,Huaura,GLADYS ISABEL AGUERO AMADO,Diesel DB5,23.99
2026-08-24,Lima,Huaura,Huaura,GRIFOS  OBISPO E.I.R.L.,Diesel DB5,24.70
2026-08-24,Lima,Huaura,Huaura,SERVICENTRO PETRO HUAURA,Diesel DB5,24.55
2026-08-24,Lima,Huaura,Huaura,CORPORACION OIL GEMS SOCIEDAD ANONIMA CERRADA,Gasolina Premium,20.99
2026-08-24,Lima,Huaura,Huaura,ESTACIONES DE SERVICIO MERLY  EIRL,Gasolina Premium,21.50
2026-08-24,Lima,Huaura,Huaura,GLADYS ISABEL AGUERO AMADO,Gasolina Premium,20.49
2026-08-24,Lima,Huaura,Huaura,GRIFOS  OBISPO E.I.R.L.,Gasolina Premium,21.70
2026-08-24,Lima,Huaura,Huaura,SERVICENTRO PETRO HUAURA,Gasolina Premium,22.33
2026-08-24,Lima,Huaura,Huaura,CORPORACION OIL GEMS SOCIEDAD ANONIMA CERRADA,Gasolina Regular,19.69
2026-08-24,Lima,Huaura,Huaura,ESTACIONES DE SERVICIO MERLY  EIRL,Gasolina Regular,20.50
2026-08-24,Lima,Huaura,Huaura,GLADYS ISABEL AGUERO AMADO,Gasolina Regular,19.20
2026-08-24,Lima,Huaura,Huaura,GRIFOS  OBISPO E.I.R.L.,Gasolina Regular,20.70
2026-08-24,Lima,Huaura,Huaura,SERVICENTRO PETRO HUAURA,Gasolina Regular,20.99
2026-08-24,Lima,Huaura,Santa Maria,ESTACION DE SERVICIOS LI S.A.C.,Diesel DB5,24.49
2026-08-24,Lima,Huaura,Santa Maria,ESTACION DE SERVICIOS MAROS S.A.C,Diesel DB5,23.99
2026-08-24,Lima,Huaura,Santa Maria,ESTACION DE SERVICIOS RIMEER  EIRL,Diesel DB5,24.60
2026-08-24,Lima,Huaura,Santa Maria,ESTACION DE SERVICIOS SIU S.A.C.,Diesel DB5,24.57
2026-08-24,Lima,Huaura,Santa Maria,ESTACIÓN DE SERVICIOS SAN JOSÉ S.A.C - HUACHO,Diesel DB5,23.69
2026-08-24,Lima,Huaura,Santa Maria,GRIFOS ESPINOZA S.A.,Diesel DB5,24.99
2026-08-24,Lima,Huaura,Santa Maria,GRIFOS ESPINOZA S.A.,Diesel DB5,24.99
2026-08-24,Lima,Huaura,Santa Maria,GRIFOS SAGITARIO S.R.L.,Diesel DB5,24.98
2026-08-24,Lima,Huaura,Santa Maria,INVERSIONES HECA S.A.C.,Diesel DB5,24.59
2026-08-24,Lima,Huaura,Santa Maria,MAHANAIM HUACHO S.A.C.,Diesel DB5,23.39
2026-08-24,Lima,Huaura,Santa Maria,TRADCOM E.I.R.L.,Diesel DB5,23.69
2026-08-24,Lima,Huaura,Santa Maria,ESTACION DE SERVICIOS LI S.A.C.,Gasolina Premium,22.49
2026-08-24,Lima,Huaura,Santa Maria,ESTACION DE SERVICIOS MAROS S.A.C,Gasolina Premium,20.69
2026-08-24,Lima,Huaura,Santa Maria,ESTACION DE SERVICIOS RIMEER  EIRL,Gasolina Premium,21.60
2026-08-24,Lima,Huaura,Santa Maria,ESTACION DE SERVICIOS SIU S.A.C.,Gasolina Premium,21.68
2026-08-24,Lima,Huaura,Santa Maria,ESTACIÓN DE SERVICIOS SAN JOSÉ S.A.C - HUACHO,Gasolina Premium,20.79
2026-08-24,Lima,Huaura,Santa Maria,GRIFOS ESPINOZA S.A.,Gasolina Premium,20.99
2026-08-24,Lima,Huaura,Santa Maria,GRIFOS ESPINOZA S.A.,Gasolina Premium,20.99
2026-08-24,Lima,Huaura,Santa Maria,GRIFOS SAGITARIO S.R.L.,Gasolina Premium,21.58
2026-08-24,Lima,Huaura,Santa Maria,INVERSIONES HECA S.A.C.,Gasolina Premium,21.69
2026-08-24,Lima,Huaura,Santa Maria,MAHANAIM HUACHO S.A.C.,Gasolina Premium,20.49
2026-08-24,Lima,Huaura,Santa Maria,TRADCOM E.I.R.L.,Gasolina Premium,20.79
2026-08-24,Lima,Huaura,Santa Maria,ESTACION DE SERVICIOS LI S.A.C.,Gasolina Regular,20.58
2026-08-24,Lima,Huaura,Santa Maria,ESTACION DE SERVICIOS MAROS S.A.C,Gasolina Regular,19.69
2026-08-24,Lima,Huaura,Santa Maria,ESTACION DE SERVICIOS RIMEER  EIRL,Gasolina Regular,20.60
2026-08-24,Lima,Huaura,Santa Maria,ESTACION DE SERVICIOS SIU S.A.C.,Gasolina Regular,19.98
2026-08-24,Lima,Huaura,Santa Maria,ESTACIÓN DE SERVICIOS SAN JOSÉ S.A.C - HUACHO,Gasolina Regular,19.69
2026-08-24,Lima,Huaura,Santa Maria,GRIFOS ESPINOZA S.A.,Gasolina Regular,19.99
2026-08-24,Lima,Huaura,Santa Maria,GRIFOS ESPINOZA S.A.,Gasolina Regular,19.99
2026-08-24,Lima,Huaura,Santa Maria,GRIFOS SAGITARIO S.R.L.,Gasolina Regular,20.58
2026-08-24,Lima,Huaura,Santa Maria,INVERSIONES HECA S.A.C.,Gasolina Regular,19.49
2026-08-24,Lima,Huaura,Santa Maria,MAHANAIM HUACHO S.A.C.,Gasolina Regular,19.29
2026-08-24,Lima,Huaura,Santa Maria,TRADCOM E.I.R.L.,Gasolina Regular,19.69
2026-08-24,Lima,Huaura,Sayan,EESS MARIVEA,Diesel DB5,24.50
2026-08-24,Lima,Huaura,Sayan,ESTACION DE SERVICIO LOS MEDANOS S.A.C,Diesel DB5,25.90
2026-08-24,Lima,Huaura,Sayan,ESTACION DE SERVICIOS ANDAHUASI S.A.C.,Diesel DB5,23.20
2026-08-24,Lima,Huaura,Sayan,GRUPO NONATO ANDAHUASI E.I.R.L.,Diesel DB5,22.90
2026-08-24,Lima,Huaura,Sayan,MULTISERVICIOS EL TRIANGULO,Diesel DB5,23.99
2026-08-24,Lima,Huaura,Sayan,RUBEN E HIJOS S.A.C,Diesel DB5,24.80
2026-08-24,Lima,Huaura,Sayan,SERVICENTRO LA ESTANCIA S.A.C.,Diesel DB5,24.50
2026-08-24,Lima,Huaura,Sayan,SERVICENTRO SANTA CLARA S.A.C,Diesel DB5,25.49
2026-08-24,Lima,Huaura,Sayan,EESS MARIVEA,Gasolina Premium,21.50
2026-08-24,Lima,Huaura,Sayan,ESTACION DE SERVICIO LOS MEDANOS S.A.C,Gasolina Premium,23.00
2026-08-24,Lima,Huaura,Sayan,ESTACION DE SERVICIOS ANDAHUASI S.A.C.,Gasolina Premium,20.88
2026-08-24,Lima,Huaura,Sayan,GRUPO NONATO ANDAHUASI E.I.R.L.,Gasolina Premium,19.90
2026-08-24,Lima,Huaura,Sayan,MULTISERVICIOS EL TRIANGULO,Gasolina Premium,20.99
2026-08-24,Lima,Huaura,Sayan,RUBEN E HIJOS S.A.C,Gasolina Premium,22.00
2026-08-24,Lima,Huaura,Sayan,SERVICENTRO LA ESTANCIA S.A.C.,Gasolina Premium,21.90
2026-08-24,Lima,Huaura,Sayan,SERVICENTRO SANTA CLARA S.A.C,Gasolina Premium,22.29
2026-08-24,Lima,Huaura,Sayan,EESS MARIVEA,Gasolina Regular,20.50
2026-08-24,Lima,Huaura,Sayan,ESTACION DE SERVICIO LOS MEDANOS S.A.C,Gasolina Regular,22.00
2026-08-24,Lima,Huaura,Sayan,ESTACION DE SERVICIOS ANDAHUASI S.A.C.,Gasolina Regular,19.20
2026-08-24,Lima,Huaura,Sayan,GRUPO NONATO ANDAHUASI E.I.R.L.,Gasolina Regular,19.00
2026-08-24,Lima,Huaura,Sayan,MULTISERVICIOS EL TRIANGULO,Gasolina Regular,19.99
2026-08-24,Lima,Huaura,Sayan,RUBEN E HIJOS S.A.C,Gasolina Regular,21.00
2026-08-24,Lima,Huaura,Sayan,SERVICENTRO LA ESTANCIA S.A.C.,Gasolina Regular,20.90
2026-08-24,Lima,Huaura,Sayan,SERVICENTRO SANTA CLARA S.A.C,Gasolina Regular,21.29
2026-08-24,Lima,Huaura,Vegueta,AXEL ENERGY S.A.C.,Diesel DB5,22.99
2026-08-24,Lima,Huaura,Vegueta,CORPORACION E INVERSIONES IBECE S.A.C.,Diesel DB5,20.10
2026-08-24,Lima,Huaura,Vegueta,ESTACIN DE SERVICIOS SERVIKYA SAC,Diesel DB5,24.75
2026-08-24,Lima,Huaura,Vegueta,ESTACION DE SERVICIOS LOBITOS SERVICE S.A.C.,Diesel DB5,24.80
2026-08-24,Lima,Huaura,Vegueta,ESTACION DE SERVICIOS NJK S.A.C.,Diesel DB5,23.94
2026-08-24,Lima,Huaura,Vegueta,GROUP SAMUSA S.A.C.,Diesel DB5,22.69
2026-08-24,Lima,Huaura,Vegueta,M Y R REY COMBUSTIBLES SRL,Diesel DB5,24.10
2026-08-24,Lima,Huaura,Vegueta,MATI SERVICE S.A.C.,Diesel DB5,22.99
2026-08-24,Lima,Huaura,Vegueta,TRANSENERGY COMPANY S.A.C.,Diesel DB5,22.11
2026-08-24,Lima,Huaura,Vegueta,TRANSPCOM MAX E.I.R.L.,Diesel DB5,23.95
2026-08-24,Lima,Huaura,Vegueta,AXEL ENERGY S.A.C.,Gasolina Premium,20.29
2026-08-24,Lima,Huaura,Vegueta,ESTACIN DE SERVICIOS SERVIKYA SAC,Gasolina Premium,22.30
2026-08-24,Lima,Huaura,Vegueta,ESTACION DE SERVICIOS LOBITOS SERVICE S.A.C.,Gasolina Premium,21.70
2026-08-24,Lima,Huaura,Vegueta,ESTACION DE SERVICIOS NJK S.A.C.,Gasolina Premium,21.99
2026-08-24,Lima,Huaura,Vegueta,GROUP SAMUSA S.A.C.,Gasolina Premium,19.99
2026-08-24,Lima,Huaura,Vegueta,M Y R REY COMBUSTIBLES SRL,Gasolina Premium,21.90
2026-08-24,Lima,Huaura,Vegueta,MATI SERVICE S.A.C.,Gasolina Premium,20.29
2026-08-24,Lima,Huaura,Vegueta,TRANSENERGY COMPANY S.A.C.,Gasolina Premium,20.35
2026-08-24,Lima,Huaura,Vegueta,TRANSPCOM MAX E.I.R.L.,Gasolina Premium,22.50
2026-08-24,Lima,Huaura,Vegueta,AXEL ENERGY S.A.C.,Gasolina Regular,18.99
2026-08-24,Lima,Huaura,Vegueta,CORPORACION E INVERSIONES IBECE S.A.C.,Gasolina Regular,19.90
2026-08-24,Lima,Huaura,Vegueta,ESTACIN DE SERVICIOS SERVIKYA SAC,Gasolina Regular,20.89
2026-08-24,Lima,Huaura,Vegueta,ESTACION DE SERVICIOS LOBITOS SERVICE S.A.C.,Gasolina Regular,20.70
2026-08-24,Lima,Huaura,Vegueta,ESTACION DE SERVICIOS NJK S.A.C.,Gasolina Regular,19.99
2026-08-24,Lima,Huaura,Vegueta,GROUP SAMUSA S.A.C.,Gasolina Regular,18.90
2026-08-24,Lima,Huaura,Vegueta,M Y R REY COMBUSTIBLES SRL,Gasolina Regular,20.20
2026-08-24,Lima,Huaura,Vegueta,MATI SERVICE S.A.C.,Gasolina Regular,18.99
2026-08-24,Lima,Huaura,Vegueta,TRANSENERGY COMPANY S.A.C.,Gasolina Regular,18.90
2026-08-24,Lima,Huaura,Vegueta,TRANSPCOM MAX E.I.R.L.,Gasolina Regular,21.49
2026-08-24,Lima,Lima,Ancon,CENTER GAS SAC,Diesel DB5,23.50
2026-08-24,Lima,Lima,Ancon,EMPRESA DE TRANSPORTES Y SERVICIOS VIRGEN DE LA PUERTA S.A.,Diesel DB5,22.99
2026-08-24,Lima,Lima,Ancon,ESTACION DE SERVICIOS LLACUA SOCIEDAD ANONIMA CERRADA,Diesel DB5,24.99
2026-08-24,Lima,Lima,Ancon,ESTACIÓN DE SERVICIOS ANCÓN S.A.,Diesel DB5,23.29
2026-08-24,Lima,Lima,Ancon,INVERSIONES RAMSAN EIRL,Diesel DB5,23.50
2026-08-24,Lima,Lima,Ancon,SERVICIOS DE COMBUSTIBLES SANTA FE E.I.R.L.,Diesel DB5,23.20
2026-08-24,Lima,Lima,Ancon,YACHT CLUB ANCÓN,Diesel DB5,27.54
2026-08-24,Lima,Lima,Ancon,CENTER GAS SAC,Gasolina Premium,20.99
2026-08-24,Lima,Lima,Ancon,ESTACION DE SERVICIOS LLACUA SOCIEDAD ANONIMA CERRADA,Gasolina Premium,22.99
2026-08-24,Lima,Lima,Ancon,ESTACIÓN DE SERVICIOS ANCÓN S.A.,Gasolina Premium,20.39
2026-08-24,Lima,Lima,Ancon,INVERSIONES RAMSAN EIRL,Gasolina Premium,21.00
2026-08-24,Lima,Lima,Ancon,SERVICIOS DE COMBUSTIBLES SANTA FE E.I.R.L.,Gasolina Premium,21.50
2026-08-24,Lima,Lima,Ancon,YACHT CLUB ANCÓN,Gasolina Premium,25.10
2026-08-24,Lima,Lima,Ancon,CENTER GAS SAC,Gasolina Regular,19.99
2026-08-24,Lima,Lima,Ancon,ESTACION DE SERVICIOS LLACUA SOCIEDAD ANONIMA CERRADA,Gasolina Regular,21.99
2026-08-24,Lima,Lima,Ancon,ESTACIÓN DE SERVICIOS ANCÓN S.A.,Gasolina Regular,19.19
2026-08-24,Lima,Lima,Ancon,INVERSIONES RAMSAN EIRL,Gasolina Regular,19.60
2026-08-24,Lima,Lima,Ancon,SERVICIOS DE COMBUSTIBLES SANTA FE E.I.R.L.,Gasolina Regular,19.50
2026-08-24,Lima,Lima,Ancon,YACHT CLUB ANCÓN,Gasolina Regular,23.74
2026-08-24,Lima,Lima,Ate,AHV COMBUSTIBLES S.A.C.,Diesel DB5,22.49
2026-08-24,Lima,Lima,Ate,BELLIDO GAS S.A.C.,Diesel DB5,24.39
2026-08-24,Lima,Lima,Ate,CENTRAL PARIACHI S.A.C.,Diesel DB5,22.59
2026-08-24,Lima,Lima,Ate,COESTI S.A,Diesel DB5,23.79
2026-08-24,Lima,Lima,Ate,COESTI S.A.,Diesel DB5,23.99
2026-08-24,Lima,Lima,Ate,COESTI S.A.,Diesel DB5,23.99
2026-08-24,Lima,Lima,Ate,COESTI SA,Diesel DB5,22.99
2026-08-24,Lima,Lima,Ate,COESTI SA,Diesel DB5,23.65
2026-08-24,Lima,Lima,Ate,COMBUSTIBLES HS SRL,Diesel DB5,22.49
2026-08-24,Lima,Lima,Ate,CONSORCIO PETRO CENTRAL SAC,Diesel DB5,22.69
2026-08-24,Lima,Lima,Ate,CORGAS S.A.C.,Diesel DB5,23.49
2026-08-24,Lima,Lima,Ate,CORPORACION PERUANA DE COMERCIO Y SERVICIOS SAC,Diesel DB5,23.90
2026-08-24,Lima,Lima,Ate,CORPORACION VISTA ALEGRE S.A.C.,Diesel DB5,23.48
2026-08-24,Lima,Lima,Ate,CORPORACIÓN VILLAVICENCIO S.A.C.,Diesel DB5,23.77
2026-08-24,Lima,Lima,Ate,DELTA ATE E.I.R.L.,Diesel DB5,23.09
2026-08-24,Lima,Lima,Ate,ECAMEL S.A.C.,Diesel DB5,22.59
2026-08-24,Lima,Lima,Ate,EMPRESA DE SERVICIOS Y TRANSPORTES EL NEGRO E.I.R.L.,Diesel DB5,22.49
2026-08-24,Lima,Lima,Ate,EMPRESA DE TRANSPORTES Y SERVICIOS EL SOL DE SANTA CLARA S.A.,Diesel DB5,23.95
2026-08-24,Lima,Lima,Ate,ESCOH S.A.C.,Diesel DB5,23.55
2026-08-24,Lima,Lima,Ate,ESTACION 715 LA MERCED,Diesel DB5,22.97
2026-08-24,Lima,Lima,Ate,ESTACION CORMAR S.A.,Diesel DB5,23.40
2026-08-24,Lima,Lima,Ate,ESTACION DE SERVICIO DON JULIAN EIRL,Diesel DB5,23.94
2026-08-24,Lima,Lima,Ate,ESTACION DE SERVICIO PURUCHUCO S.A.C.,Diesel DB5,23.98
2026-08-24,Lima,Lima,Ate,ESTACION DE SERVICIO VIRGEN DE LAS NIEVES SAC,Diesel DB5,22.49
2026-08-24,Lima,Lima,Ate,ESTACION DE SERVICIOS GRIFO DENVER S.R.L.,Diesel DB5,22.99
2026-08-24,Lima,Lima,Ate,ESTACION DE SERVICIOS HORNA SRL,Diesel DB5,23.89
2026-08-24,Lima,Lima,Ate,ESTACION DE SERVICIOS MAYORAZGO S.A.,Diesel DB5,23.88
2026-08-24,Lima,Lima,Ate,ESTACION DE SERVICIOS YAOMA E.I.R.L.,Diesel DB5,22.95
2026-08-24,Lima,Lima,Ate,FEY PARTNERS S.A.C.,Diesel DB5,22.65
2026-08-24,Lima,Lima,Ate,GRIFO PARQUE INDUSTRIAL EL ASESOR S.A.C.,Diesel DB5,23.99
2026-08-24,Lima,Lima,Ate,GRIFO VILLA HERMOSA S.A.C.,Diesel DB5,22.49
2026-08-24,Lima,Lima,Ate,GRIFOS ESPINOZA S.A.,Diesel DB5,23.89
2026-08-24,Lima,Lima,Ate,INVERSIONES HM SEÑOR DE MURUHUAY SAC,Diesel DB5,22.89
2026-08-24,Lima,Lima,Ate,INVERSIONES LUMARCO S.A.,Diesel DB5,23.99
2026-08-24,Lima,Lima,Ate,INVERSIONES M Y E S.A.C.,Diesel DB5,22.99
2026-08-24,Lima,Lima,Ate,INVERSIONES PACO HUAYCAN S.A.C.,Diesel DB5,23.49
2026-08-24,Lima,Lima,Ate,INVERSIONES PACO HUAYCAN S.A.C.,Diesel DB5,23.99
2026-08-24,Lima,Lima,Ate,INVERSIONES PURITA CALIDAD S.R.L.,Diesel DB5,22.58
2026-08-24,Lima,Lima,Ate,INYSY SAC,Diesel DB5,24.30
2026-08-24,Lima,Lima,Ate,L. DACRUZ SERVIS A & D  S.R.L.,Diesel DB5,25.44
2026-08-24,Lima,Lima,Ate,LA JOYA DE SANTA ISABEL E.I.R.L.,Diesel DB5,23.79
2026-08-24,Lima,Lima,Ate,LUBRIGAS S.R.LTDA.,Diesel DB5,23.15
2026-08-24,Lima,Lima,Ate,LUISA ANGELICA TORRES VASQUEZ,Diesel DB5,23.90
2026-08-24,Lima,Lima,Ate,NEGOCIACION OLIMPO S.A.,Diesel DB5,25.98
2026-08-24,Lima,Lima,Ate,PETRO EXPLORIUM,Diesel DB5,22.96
2026-08-24,Lima,Lima,Ate,RAUL TORRES QUIQUIA,Diesel DB5,22.95
2026-08-24,Lima,Lima,Ate,REPSOL COMERCIAL S.A.C.,Diesel DB5,26.49
2026-08-24,Lima,Lima,Ate,REPSOL COMERCIAL S.A.C.,Diesel DB5,26.49
2026-08-24,Lima,Lima,Ate,REPSOL COMERCIAL S.A.C.,Diesel DB5,26.49
2026-08-24,Lima,Lima,Ate,REPSOL COMERCIAL S.A.C.,Diesel DB5,26.49
2026-08-24,Lima,Lima,Ate,REPSOL COMERCIAL S.A.C.,Diesel DB5,26.49
2026-08-24,Lima,Lima,Ate,REPSOL COMERCIAL S.A.C.,Diesel DB5,26.49
2026-08-24,Lima,Lima,Ate,REPSOL COMERCIAL S.A.C.,Diesel DB5,26.49
2026-08-24,Lima,Lima,Ate,SERVICENTRO SMILE S.A.,Diesel DB5,23.40
2026-08-24,Lima,Lima,Ate,SERVICIOS MULTIPLES Y TRANSPORTES W.W.C. S.R.L.,Diesel DB5,22.49
2026-08-24,Lima,Lima,Ate,SERVOSA COMBUSTIBLES S.A.C.,Diesel DB5,23.40
2026-08-24,Lima,Lima,Ate,VICENTE Y ROMUALDA  PRINCIPAL.,Diesel DB5,23.55
2026-08-24,Lima,Lima,Ate,VIJOGAS S.A.C.,Diesel DB5,23.38
2026-08-24,Lima,Lima,Ate,YE PETROLEUM S.A.C.,Diesel DB5,23.11
2026-08-24,Lima,Lima,Ate,AHV COMBUSTIBLES S.A.C.,Gasolina Premium,19.98
2026-08-24,Lima,Lima,Ate,BELLIDO GAS S.A.C.,Gasolina Premium,20.79
2026-08-24,Lima,Lima,Ate,CENTRAL PARIACHI S.A.C.,Gasolina Premium,20.78
2026-08-24,Lima,Lima,Ate,COESTI S.A,Gasolina Premium,21.19
2026-08-24,Lima,Lima,Ate,COESTI S.A.,Gasolina Premium,20.89
2026-08-24,Lima,Lima,Ate,COESTI S.A.,Gasolina Premium,20.99
2026-08-24,Lima,Lima,Ate,COESTI SA,Gasolina Premium,20.89
2026-08-24,Lima,Lima,Ate,COESTI SA,Gasolina Premium,20.99
2026-08-24,Lima,Lima,Ate,COMBUSTIBLES HS SRL,Gasolina Premium,19.99
2026-08-24,Lima,Lima,Ate,CONSORCIO PETRO CENTRAL SAC,Gasolina Premium,20.49
2026-08-24,Lima,Lima,Ate,CORGAS S.A.C.,Gasolina Premium,20.77
2026-08-24,Lima,Lima,Ate,CORPORACION PERUANA DE COMERCIO Y SERVICIOS SAC,Gasolina Premium,21.80
2026-08-24,Lima,Lima,Ate,CORPORACION VISTA ALEGRE S.A.C.,Gasolina Premium,20.89
2026-08-24,Lima,Lima,Ate,CORPORACIÓN VILLAVICENCIO S.A.C.,Gasolina Premium,22.47
2026-08-24,Lima,Lima,Ate,DELTA ATE E.I.R.L.,Gasolina Premium,20.86
2026-08-24,Lima,Lima,Ate,ECAMEL S.A.C.,Gasolina Premium,19.78
2026-08-24,Lima,Lima,Ate,EMPRESA DE SERVICIOS Y TRANSPORTES EL NEGRO E.I.R.L.,Gasolina Premium,19.78
2026-08-24,Lima,Lima,Ate,EMPRESA DE TRANSPORTES Y SERVICIOS EL SOL DE SANTA CLARA S.A.,Gasolina Premium,22.00
2026-08-24,Lima,Lima,Ate,ESCOH S.A.C.,Gasolina Premium,21.25
2026-08-24,Lima,Lima,Ate,ESTACION 715 LA MERCED,Gasolina Premium,20.00
2026-08-24,Lima,Lima,Ate,ESTACION CORMAR S.A.,Gasolina Premium,20.90
2026-08-24,Lima,Lima,Ate,ESTACION DE SERVICIO PURUCHUCO S.A.C.,Gasolina Premium,21.95
2026-08-24,Lima,Lima,Ate,ESTACION DE SERVICIO VIRGEN DE LAS NIEVES SAC,Gasolina Premium,20.41
2026-08-24,Lima,Lima,Ate,ESTACION DE SERVICIOS GRIFO DENVER S.R.L.,Gasolina Premium,20.89
2026-08-24,Lima,Lima,Ate,ESTACION DE SERVICIOS HORNA SRL,Gasolina Premium,21.57
2026-08-24,Lima,Lima,Ate,ESTACION DE SERVICIOS MAYORAZGO S.A.,Gasolina Premium,21.59
2026-08-24,Lima,Lima,Ate,FEY PARTNERS S.A.C.,Gasolina Premium,20.35
2026-08-24,Lima,Lima,Ate,GRIFO VILLA HERMOSA S.A.C.,Gasolina Premium,19.79
2026-08-24,Lima,Lima,Ate,GRIFOS ESPINOZA S.A.,Gasolina Premium,20.99
2026-08-24,Lima,Lima,Ate,INVERSIONES LUMARCO S.A.,Gasolina Premium,21.90
2026-08-24,Lima,Lima,Ate,INVERSIONES M Y E S.A.C.,Gasolina Premium,20.99
2026-08-24,Lima,Lima,Ate,INVERSIONES PACO HUAYCAN S.A.C.,Gasolina Premium,21.99
2026-08-24,Lima,Lima,Ate,INVERSIONES PACO HUAYCAN S.A.C.,Gasolina Premium,22.49
2026-08-24,Lima,Lima,Ate,INVERSIONES PURITA CALIDAD S.R.L.,Gasolina Premium,19.69
2026-08-24,Lima,Lima,Ate,INYSY SAC,Gasolina Premium,22.35
2026-08-24,Lima,Lima,Ate,L. DACRUZ SERVIS A & D  S.R.L.,Gasolina Premium,22.80
2026-08-24,Lima,Lima,Ate,LA JOYA DE SANTA ISABEL E.I.R.L.,Gasolina Premium,22.19
2026-08-24,Lima,Lima,Ate,LUBRIGAS S.R.LTDA.,Gasolina Premium,20.78
2026-08-24,Lima,Lima,Ate,LUISA ANGELICA TORRES VASQUEZ,Gasolina Premium,21.30
2026-08-24,Lima,Lima,Ate,NEGOCIACION OLIMPO S.A.,Gasolina Premium,21.98
2026-08-24,Lima,Lima,Ate,PETRO EXPLORIUM,Gasolina Premium,20.03
2026-08-24,Lima,Lima,Ate,REPSOL COMERCIAL S.A.C.,Gasolina Premium,20.99
2026-08-24,Lima,Lima,Ate,REPSOL COMERCIAL S.A.C.,Gasolina Premium,20.99
2026-08-24,Lima,Lima,Ate,REPSOL COMERCIAL S.A.C.,Gasolina Premium,23.59
2026-08-24,Lima,Lima,Ate,REPSOL COMERCIAL S.A.C.,Gasolina Premium,23.59
2026-08-24,Lima,Lima,Ate,REPSOL COMERCIAL S.A.C.,Gasolina Premium,23.59
2026-08-24,Lima,Lima,Ate,REPSOL COMERCIAL S.A.C.,Gasolina Premium,24.99
2026-08-24,Lima,Lima,Ate,REPSOL COMERCIAL S.A.C.,Gasolina Premium,25.49
2026-08-24,Lima,Lima,Ate,SERVICENTRO SMILE S.A.,Gasolina Premium,20.55
2026-08-24,Lima,Lima,Ate,SERVICIOS MULTIPLES Y TRANSPORTES W.W.C. S.R.L.,Gasolina Premium,19.99
2026-08-24,Lima,Lima,Ate,SERVOSA COMBUSTIBLES S.A.C.,Gasolina Premium,20.10
2026-08-24,Lima,Lima,Ate,VICENTE Y ROMUALDA  PRINCIPAL.,Gasolina Premium,23.15
2026-08-24,Lima,Lima,Ate,VIJOGAS S.A.C.,Gasolina Premium,21.38
2026-08-24,Lima,Lima,Ate,YE PETROLEUM S.A.C.,Gasolina Premium,20.04
2026-08-24,Lima,Lima,Ate,AHV COMBUSTIBLES S.A.C.,Gasolina Regular,18.89
2026-08-24,Lima,Lima,Ate,BELLIDO GAS S.A.C.,Gasolina Regular,19.89
2026-08-24,Lima,Lima,Ate,CENTRAL PARIACHI S.A.C.,Gasolina Regular,19.58
2026-08-24,Lima,Lima,Ate,COESTI S.A,Gasolina Regular,19.59
2026-08-24,Lima,Lima,Ate,COESTI S.A.,Gasolina Regular,19.59
2026-08-24,Lima,Lima,Ate,COESTI S.A.,Gasolina Regular,19.59
2026-08-24,Lima,Lima,Ate,COESTI SA,Gasolina Regular,19.69
2026-08-24,Lima,Lima,Ate,COESTI SA,Gasolina Regular,19.99
2026-08-24,Lima,Lima,Ate,COMBUSTIBLES HS SRL,Gasolina Regular,18.99
2026-08-24,Lima,Lima,Ate,CONSORCIO PETRO CENTRAL SAC,Gasolina Regular,19.49
2026-08-24,Lima,Lima,Ate,CORGAS S.A.C.,Gasolina Regular,19.59
2026-08-24,Lima,Lima,Ate,CORPORACION PERUANA DE COMERCIO Y SERVICIOS SAC,Gasolina Regular,20.30
2026-08-24,Lima,Lima,Ate,CORPORACION VISTA ALEGRE S.A.C.,Gasolina Regular,19.89
2026-08-24,Lima,Lima,Ate,CORPORACIÓN VILLAVICENCIO S.A.C.,Gasolina Regular,20.37
2026-08-24,Lima,Lima,Ate,DELTA ATE E.I.R.L.,Gasolina Regular,19.11
2026-08-24,Lima,Lima,Ate,ECAMEL S.A.C.,Gasolina Regular,18.78
2026-08-24,Lima,Lima,Ate,EMPRESA DE SERVICIOS Y TRANSPORTES EL NEGRO E.I.R.L.,Gasolina Regular,18.76
2026-08-24,Lima,Lima,Ate,EMPRESA DE TRANSPORTES Y SERVICIOS EL SOL DE SANTA CLARA S.A.,Gasolina Regular,20.50
2026-08-24,Lima,Lima,Ate,ESCOH S.A.C.,Gasolina Regular,19.95
2026-08-24,Lima,Lima,Ate,ESTACION 715 LA MERCED,Gasolina Regular,19.05
2026-08-24,Lima,Lima,Ate,ESTACION CORMAR S.A.,Gasolina Regular,19.90
2026-08-24,Lima,Lima,Ate,ESTACION DE SERVICIO DON JULIAN EIRL,Gasolina Regular,20.99
2026-08-24,Lima,Lima,Ate,ESTACION DE SERVICIO PURUCHUCO S.A.C.,Gasolina Regular,20.95
2026-08-24,Lima,Lima,Ate,ESTACION DE SERVICIO VIRGEN DE LAS NIEVES SAC,Gasolina Regular,18.89
2026-08-24,Lima,Lima,Ate,ESTACION DE SERVICIOS GRIFO DENVER S.R.L.,Gasolina Regular,19.59
2026-08-24,Lima,Lima,Ate,ESTACION DE SERVICIOS HORNA SRL,Gasolina Regular,20.08
2026-08-24,Lima,Lima,Ate,ESTACION DE SERVICIOS MAYORAZGO S.A.,Gasolina Regular,20.62
2026-08-24,Lima,Lima,Ate,ESTACION DE SERVICIOS YAOMA E.I.R.L.,Gasolina Regular,19.79
2026-08-24,Lima,Lima,Ate,FEY PARTNERS S.A.C.,Gasolina Regular,18.93
2026-08-24,Lima,Lima,Ate,GRIFO PARQUE INDUSTRIAL EL ASESOR S.A.C.,Gasolina Regular,19.79
2026-08-24,Lima,Lima,Ate,GRIFO VILLA HERMOSA S.A.C.,Gasolina Regular,18.85
2026-08-24,Lima,Lima,Ate,GRIFOS ESPINOZA S.A.,Gasolina Regular,19.89
2026-08-24,Lima,Lima,Ate,INVERSIONES HM SEÑOR DE MURUHUAY SAC,Gasolina Regular,19.79
2026-08-24,Lima,Lima,Ate,INVERSIONES LUMARCO S.A.,Gasolina Regular,20.40
2026-08-24,Lima,Lima,Ate,INVERSIONES M Y E S.A.C.,Gasolina Regular,19.99
2026-08-24,Lima,Lima,Ate,INVERSIONES PACO HUAYCAN S.A.C.,Gasolina Regular,19.79
2026-08-24,Lima,Lima,Ate,INVERSIONES PACO HUAYCAN S.A.C.,Gasolina Regular,20.49
2026-08-24,Lima,Lima,Ate,INVERSIONES PURITA CALIDAD S.R.L.,Gasolina Regular,18.79
2026-08-24,Lima,Lima,Ate,INYSY SAC,Gasolina Regular,20.88
2026-08-24,Lima,Lima,Ate,L. DACRUZ SERVIS A & D  S.R.L.,Gasolina Regular,21.04
2026-08-24,Lima,Lima,Ate,LA JOYA DE SANTA ISABEL E.I.R.L.,Gasolina Regular,20.29
2026-08-24,Lima,Lima,Ate,LUBRIGAS S.R.LTDA.,Gasolina Regular,19.78
2026-08-24,Lima,Lima,Ate,LUISA ANGELICA TORRES VASQUEZ,Gasolina Regular,20.30
2026-08-24,Lima,Lima,Ate,NEGOCIACION OLIMPO S.A.,Gasolina Regular,20.78
2026-08-24,Lima,Lima,Ate,PETRO EXPLORIUM,Gasolina Regular,19.04
2026-08-24,Lima,Lima,Ate,RAUL TORRES QUIQUIA,Gasolina Regular,19.79
2026-08-24,Lima,Lima,Ate,REPSOL COMERCIAL S.A.C.,Gasolina Regular,19.99
2026-08-24,Lima,Lima,Ate,REPSOL COMERCIAL S.A.C.,Gasolina Regular,19.99
2026-08-24,Lima,Lima,Ate,REPSOL COMERCIAL S.A.C.,Gasolina Regular,20.49
2026-08-24,Lima,Lima,Ate,REPSOL COMERCIAL S.A.C.,Gasolina Regular,20.49
2026-08-24,Lima,Lima,Ate,REPSOL COMERCIAL S.A.C.,Gasolina Regular,20.49
2026-08-24,Lima,Lima,Ate,REPSOL COMERCIAL S.A.C.,Gasolina Regular,22.99
2026-08-24,Lima,Lima,Ate,REPSOL COMERCIAL S.A.C.,Gasolina Regular,23.49
2026-08-24,Lima,Lima,Ate,SERVICENTRO SMILE S.A.,Gasolina Regular,19.35
2026-08-24,Lima,Lima,Ate,SERVICIOS MULTIPLES Y TRANSPORTES W.W.C. S.R.L.,Gasolina Regular,18.99
2026-08-24,Lima,Lima,Ate,SERVOSA COMBUSTIBLES S.A.C.,Gasolina Regular,18.80
2026-08-24,Lima,Lima,Ate,VICENTE Y ROMUALDA  PRINCIPAL.,Gasolina Regular,19.05
2026-08-24,Lima,Lima,Ate,VIJOGAS S.A.C.,Gasolina Regular,19.38
2026-08-24,Lima,Lima,Ate,YE PETROLEUM S.A.C.,Gasolina Regular,19.10
2026-08-24,Lima,Lima,Barranco,COESTI S.A,Diesel DB5,23.99
2026-08-24,Lima,Lima,Barranco,GLOBAL FUEL S.A.,Diesel DB5,25.49
2026-08-24,Lima,Lima,Barranco,REPSOL COMERCIAL S.A.C.,Diesel DB5,26.49
2026-08-24,Lima,Lima,Barranco,COESTI S.A,Gasolina Premium,21.49
2026-08-24,Lima,Lima,Barranco,GLOBAL FUEL S.A.,Gasolina Premium,22.49
2026-08-24,Lima,Lima,Barranco,REPSOL COMERCIAL S.A.C.,Gasolina Premium,24.99
2026-08-24,Lima,Lima,Barranco,COESTI S.A,Gasolina Regular,19.55
2026-08-24,Lima,Lima,Barranco,GLOBAL FUEL S.A.,Gasolina Regular,20.55
2026-08-24,Lima,Lima,Barranco,REPSOL COMERCIAL S.A.C.,Gasolina Regular,22.99
2026-08-24,Lima,Lima,Breña,CHIE S.A.C.,Diesel DB5,22.99
2026-08-24,Lima,Lima,Breña,COESTI SA,Diesel DB5,23.99
2026-08-24,Lima,Lima,Breña,COESTI SA,Diesel DB5,23.99
2026-08-24,Lima,Lima,Breña,DUOGAS S.A.,Diesel DB5,23.99
2026-08-24,Lima,Lima,Breña,EXPERIENCIA PERUANA S.A.C.,Diesel DB5,23.95
2026-08-24,Lima,Lima,Breña,GLOBAL FUEL S.A.,Diesel DB5,24.59
2026-08-24,Lima,Lima,Breña,GRIFO VICTORIA E.I.R.L.,Diesel DB5,22.85
2026-08-24,Lima,Lima,Breña,INVERSIONES JIARA SAC,Diesel DB5,23.12
2026-08-24,Lima,Lima,Breña,REPSOL COMERCIAL SAC,Diesel DB5,24.99
2026-08-24,Lima,Lima,Breña,SUCESION GARCIA CUBA MANUEL,Diesel DB5,23.00
2026-08-24,Lima,Lima,Breña,CHIE S.A.C.,Gasolina Premium,19.99
2026-08-24,Lima,Lima,Breña,COESTI SA,Gasolina Premium,20.49
2026-08-24,Lima,Lima,Breña,COESTI SA,Gasolina Premium,20.99
2026-08-24,Lima,Lima,Breña,DUOGAS S.A.,Gasolina Premium,19.99
2026-08-24,Lima,Lima,Breña,EXPERIENCIA PERUANA S.A.C.,Gasolina Premium,20.85
2026-08-24,Lima,Lima,Breña,GLOBAL FUEL S.A.,Gasolina Premium,20.99
2026-08-24,Lima,Lima,Breña,GRIFO VICTORIA E.I.R.L.,Gasolina Premium,19.75
2026-08-24,Lima,Lima,Breña,INVERSIONES JIARA SAC,Gasolina Premium,20.20
2026-08-24,Lima,Lima,Breña,REPSOL COMERCIAL SAC,Gasolina Premium,21.19
2026-08-24,Lima,Lima,Breña,SUCESION GARCIA CUBA MANUEL,Gasolina Premium,19.95
2026-08-24,Lima,Lima,Breña,CHIE S.A.C.,Gasolina Regular,18.99
2026-08-24,Lima,Lima,Breña,COESTI SA,Gasolina Regular,19.19
2026-08-24,Lima,Lima,Breña,COESTI SA,Gasolina Regular,19.49
2026-08-24,Lima,Lima,Breña,DUOGAS S.A.,Gasolina Regular,18.99
2026-08-24,Lima,Lima,Breña,EXPERIENCIA PERUANA S.A.C.,Gasolina Regular,19.55
2026-08-24,Lima,Lima,Breña,GLOBAL FUEL S.A.,Gasolina Regular,19.49
2026-08-24,Lima,Lima,Breña,GRIFO VICTORIA E.I.R.L.,Gasolina Regular,18.95
2026-08-24,Lima,Lima,Breña,INVERSIONES JIARA SAC,Gasolina Regular,19.04
2026-08-24,Lima,Lima,Breña,REPSOL COMERCIAL SAC,Gasolina Regular,19.49
2026-08-24,Lima,Lima,Breña,SUCESION GARCIA CUBA MANUEL,Gasolina Regular,18.95
2026-08-24,Lima,Lima,Carabayllo,ADMINISTRACION DE GRIFOS L&L ONE S.A.C.,Diesel DB5,22.69
2026-08-24,Lima,Lima,Carabayllo,ADMINISTRACION DE GRIFOS L&L ONE S.A.C.,Diesel DB5,22.86
2026-08-24,Lima,Lima,Carabayllo,ADMINISTRACION DE GRIFOS LYLONE SAC,Diesel DB5,22.96
2026-08-24,Lima,Lima,Carabayllo,AERO GAS DEL NORTE S.A.C.,Diesel DB5,23.49
2026-08-24,Lima,Lima,Carabayllo,AERO GAS DEL NORTE SAC,Diesel DB5,23.89
2026-08-24,Lima,Lima,Carabayllo,AGAR INVERSIONES & SERVICIOS SAC,Diesel DB5,23.38
2026-08-24,Lima,Lima,Carabayllo,ALVAREZ PEREZ YURI EFRAIN,Diesel DB5,23.19
2026-08-24,Lima,Lima,Carabayllo,AMÉRICA DIESEL,Diesel DB5,23.39
2026-08-24,Lima,Lima,Carabayllo,ANCO GAS S.A.C.,Diesel DB5,22.99
2026-08-24,Lima,Lima,Carabayllo,ANCO GAS S.A.C.,Diesel DB5,24.49
2026-08-24,Lima,Lima,Carabayllo,BECSABETH ROSALIA VILCAPOMA VELAZCO DE FLORES,Diesel DB5,22.59
2026-08-24,Lima,Lima,Carabayllo,COMARSA & CIA. S.R.L.,Diesel DB5,22.99
2026-08-24,Lima,Lima,Carabayllo,COMBUSTIBLES SELECTOS S.A.C.,Diesel DB5,22.99
2026-08-24,Lima,Lima,Carabayllo,CONSORCIO 3 DE AGOSTO S.A.C.,Diesel DB5,23.50
2026-08-24,Lima,Lima,Carabayllo,CORPORACION Q & T S.A.C.,Diesel DB5,22.99
2026-08-24,Lima,Lima,Carabayllo,EE.SS BERLIS E.I.R.L PETROPERU,Diesel DB5,22.70
2026-08-24,Lima,Lima,Carabayllo,EMPRESA DE TRANSPORTES MODIHU S.A.C.,Diesel DB5,23.65
2026-08-24,Lima,Lima,Carabayllo,ESTACION DE SERVICIOS VILLA A & D S.A.C.,Diesel DB5,23.95
2026-08-24,Lima,Lima,Carabayllo,ESTACION DE SERVICIOS VIRREY E.I.R.L.,Diesel DB5,23.69
2026-08-24,Lima,Lima,Carabayllo,ESTACION SANTA MARIA S.A.C.,Diesel DB5,22.99
2026-08-24,Lima,Lima,Carabayllo,GASOCENTRO GAST SOCIEDAD ANONIMA CERRADA - GASOGAST S.A.C.,Diesel DB5,22.99
2026-08-24,Lima,Lima,Carabayllo,GO COMBUSTIBLE 4 S.A.C.,Diesel DB5,24.49
2026-08-24,Lima,Lima,Carabayllo,GRIFO DENNIS S.A.C.,Diesel DB5,23.29
2026-08-24,Lima,Lima,Carabayllo,GRIFO PUNCHAUCA E.I.R.L.,Diesel DB5,23.29
2026-08-24,Lima,Lima,Carabayllo,GRIFO SANTA ISABEL,Diesel DB5,22.79
2026-08-24,Lima,Lima,Carabayllo,GRUPO E & E S.A.C.,Diesel DB5,23.29
2026-08-24,Lima,Lima,Carabayllo,GRUPO HBL S.A.C.,Diesel DB5,23.66
2026-08-24,Lima,Lima,Carabayllo,INVERSIONES GOLD STAR EIRL,Diesel DB5,23.29
2026-08-24,Lima,Lima,Carabayllo,INVERSIONES SCOTT S.A.C.,Diesel DB5,22.80
2026-08-24,Lima,Lima,Carabayllo,INVERSIONES VALUEMI S.A.C.,Diesel DB5,23.65
2026-08-24,Lima,Lima,Carabayllo,KALPU SAC,Diesel DB5,22.99
2026-08-24,Lima,Lima,Carabayllo,KIO CAPITAL S.A.C.,Diesel DB5,23.11
2026-08-24,Lima,Lima,Carabayllo,MAHANAIM MAGDALENA S.A.C.,Diesel DB5,22.99
2026-08-24,Lima,Lima,Carabayllo,MULTISERVICIOS & LUBRICENTRO SR DE HUAMANTANGA EIRL,Diesel DB5,22.99
2026-08-24,Lima,Lima,Carabayllo,OPERADOR DE SERVICIOS VJ SAC,Diesel DB5,23.89
2026-08-24,Lima,Lima,Carabayllo,PETROLEOS Y DERIVADOS LIMA S.A.C.,Diesel DB5,23.37
2026-08-24,Lima,Lima,Carabayllo,REPSOL COMERCIAL S.A.C.,Diesel DB5,26.35
2026-08-24,Lima,Lima,Carabayllo,SAN ANTONIO INVERSIONES GENERALE S.R.L,Diesel DB5,22.79
2026-08-24,Lima,Lima,Carabayllo,SERVICENTRO 777 S.A.C.,Diesel DB5,23.39
2026-08-24,Lima,Lima,Carabayllo,SERVICIOS GAIA S.A.C.,Diesel DB5,22.79
2026-08-24,Lima,Lima,Carabayllo,SERVICIOS Y GRIFOS CAMARENA S.A.,Diesel DB5,23.29
2026-08-24,Lima,Lima,Carabayllo,TORRE BLANCA INVERSIONES GENERALES SRL,Diesel DB5,23.19
2026-08-24,Lima,Lima,Carabayllo,UNIVERSITARIA INVERSIONES GENERALES S.R.L.,Diesel DB5,23.99
2026-08-24,Lima,Lima,Carabayllo,VERPASAR S.A.C,Diesel DB5,23.39
2026-08-24,Lima,Lima,Carabayllo,ADMINISTRACION DE GRIFOS L&L ONE S.A.C.,Gasolina Premium,19.99
2026-08-24,Lima,Lima,Carabayllo,ADMINISTRACION DE GRIFOS L&L ONE S.A.C.,Gasolina Premium,20.86
2026-08-24,Lima,Lima,Carabayllo,ADMINISTRACION DE GRIFOS LYLONE SAC,Gasolina Premium,20.56
2026-08-24,Lima,Lima,Carabayllo,AERO GAS DEL NORTE S.A.C.,Gasolina Premium,21.99
2026-08-24,Lima,Lima,Carabayllo,AERO GAS DEL NORTE SAC,Gasolina Premium,21.25
2026-08-24,Lima,Lima,Carabayllo,AGAR INVERSIONES & SERVICIOS SAC,Gasolina Premium,21.99
2026-08-24,Lima,Lima,Carabayllo,ALVAREZ PEREZ YURI EFRAIN,Gasolina Premium,21.19
2026-08-24,Lima,Lima,Carabayllo,ANCO GAS S.A.C.,Gasolina Premium,20.99
2026-08-24,Lima,Lima,Carabayllo,ANCO GAS S.A.C.,Gasolina Premium,22.39
2026-08-24,Lima,Lima,Carabayllo,COMARSA & CIA. S.R.L.,Gasolina Premium,20.84
2026-08-24,Lima,Lima,Carabayllo,COMBUSTIBLES SELECTOS S.A.C.,Gasolina Premium,20.99
2026-08-24,Lima,Lima,Carabayllo,CONSORCIO 3 DE AGOSTO S.A.C.,Gasolina Premium,21.25
2026-08-24,Lima,Lima,Carabayllo,CORPORACION Q & T S.A.C.,Gasolina Premium,20.29
2026-08-24,Lima,Lima,Carabayllo,EE.SS BERLIS E.I.R.L PETROPERU,Gasolina Premium,21.40
2026-08-24,Lima,Lima,Carabayllo,EMPRESA DE TRANSPORTES MODIHU S.A.C.,Gasolina Premium,21.75
2026-08-24,Lima,Lima,Carabayllo,ESTACION DE SERVICIOS VILLA A & D S.A.C.,Gasolina Premium,21.20
2026-08-24,Lima,Lima,Carabayllo,ESTACION DE SERVICIOS VIRREY E.I.R.L.,Gasolina Premium,21.49
2026-08-24,Lima,Lima,Carabayllo,ESTACION SANTA MARIA S.A.C.,Gasolina Premium,21.79
2026-08-24,Lima,Lima,Carabayllo,GASOCENTRO GAST SOCIEDAD ANONIMA CERRADA - GASOGAST S.A.C.,Gasolina Premium,19.99
2026-08-24,Lima,Lima,Carabayllo,GO COMBUSTIBLE 4 S.A.C.,Gasolina Premium,21.29
2026-08-24,Lima,Lima,Carabayllo,GRIFO DENNIS S.A.C.,Gasolina Premium,20.95
2026-08-24,Lima,Lima,Carabayllo,GRIFO PUNCHAUCA E.I.R.L.,Gasolina Premium,21.39
2026-08-24,Lima,Lima,Carabayllo,GRIFO SANTA ISABEL,Gasolina Premium,20.99
2026-08-24,Lima,Lima,Carabayllo,GRUPO E & E S.A.C.,Gasolina Premium,21.95
2026-08-24,Lima,Lima,Carabayllo,GRUPO HBL S.A.C.,Gasolina Premium,21.89
2026-08-24,Lima,Lima,Carabayllo,INVERSIONES GOLD STAR EIRL,Gasolina Premium,21.29
2026-08-24,Lima,Lima,Carabayllo,INVERSIONES SCOTT S.A.C.,Gasolina Premium,20.80
2026-08-24,Lima,Lima,Carabayllo,INVERSIONES VALUEMI S.A.C.,Gasolina Premium,20.95
2026-08-24,Lima,Lima,Carabayllo,KALPU SAC,Gasolina Premium,20.79
2026-08-24,Lima,Lima,Carabayllo,KIO CAPITAL S.A.C.,Gasolina Premium,20.75
2026-08-24,Lima,Lima,Carabayllo,MAHANAIM MAGDALENA S.A.C.,Gasolina Premium,20.49
2026-08-24,Lima,Lima,Carabayllo,MULTISERVICIOS & LUBRICENTRO SR DE HUAMANTANGA EIRL,Gasolina Premium,21.40
2026-08-24,Lima,Lima,Carabayllo,OPERADOR DE SERVICIOS VJ SAC,Gasolina Premium,21.49
2026-08-24,Lima,Lima,Carabayllo,PETROLEOS Y DERIVADOS LIMA S.A.C.,Gasolina Premium,20.45
2026-08-24,Lima,Lima,Carabayllo,REPSOL COMERCIAL S.A.C.,Gasolina Premium,21.99
2026-08-24,Lima,Lima,Carabayllo,SAN ANTONIO INVERSIONES GENERALE S.R.L,Gasolina Premium,20.99
2026-08-24,Lima,Lima,Carabayllo,SERVICENTRO 777 S.A.C.,Gasolina Premium,21.59
2026-08-24,Lima,Lima,Carabayllo,SERVICIOS GAIA S.A.C.,Gasolina Premium,20.69
2026-08-24,Lima,Lima,Carabayllo,SERVICIOS Y GRIFOS CAMARENA S.A.,Gasolina Premium,21.69
2026-08-24,Lima,Lima,Carabayllo,TORRE BLANCA INVERSIONES GENERALES SRL,Gasolina Premium,20.99
2026-08-24,Lima,Lima,Carabayllo,UNIVERSITARIA INVERSIONES GENERALES S.R.L.,Gasolina Premium,21.69
2026-08-24,Lima,Lima,Carabayllo,VERPASAR S.A.C,Gasolina Premium,21.49
2026-08-24,Lima,Lima,Carabayllo,ADMINISTRACION DE GRIFOS L&L ONE S.A.C.,Gasolina Regular,19.59
2026-08-24,Lima,Lima,Carabayllo,ADMINISTRACION DE GRIFOS L&L ONE S.A.C.,Gasolina Regular,19.86
2026-08-24,Lima,Lima,Carabayllo,ADMINISTRACION DE GRIFOS LYLONE SAC,Gasolina Regular,19.56
2026-08-24,Lima,Lima,Carabayllo,AERO GAS DEL NORTE S.A.C.,Gasolina Regular,20.19
2026-08-24,Lima,Lima,Carabayllo,AERO GAS DEL NORTE SAC,Gasolina Regular,19.95
2026-08-24,Lima,Lima,Carabayllo,AGAR INVERSIONES & SERVICIOS SAC,Gasolina Regular,20.99
2026-08-24,Lima,Lima,Carabayllo,ALVAREZ PEREZ YURI EFRAIN,Gasolina Regular,20.19
2026-08-24,Lima,Lima,Carabayllo,ANCO GAS S.A.C.,Gasolina Regular,19.99
2026-08-24,Lima,Lima,Carabayllo,ANCO GAS S.A.C.,Gasolina Regular,20.99
2026-08-24,Lima,Lima,Carabayllo,BECSABETH ROSALIA VILCAPOMA VELAZCO DE FLORES,Gasolina Regular,19.79
2026-08-24,Lima,Lima,Carabayllo,COMARSA & CIA. S.R.L.,Gasolina Regular,19.79
2026-08-24,Lima,Lima,Carabayllo,COMBUSTIBLES SELECTOS S.A.C.,Gasolina Regular,20.19
2026-08-24,Lima,Lima,Carabayllo,CONSORCIO 3 DE AGOSTO S.A.C.,Gasolina Regular,20.62
2026-08-24,Lima,Lima,Carabayllo,CORPORACION Q & T S.A.C.,Gasolina Regular,19.29
2026-08-24,Lima,Lima,Carabayllo,EE.SS BERLIS E.I.R.L PETROPERU,Gasolina Regular,19.99
2026-08-24,Lima,Lima,Carabayllo,EMPRESA DE TRANSPORTES MODIHU S.A.C.,Gasolina Regular,20.65
2026-08-24,Lima,Lima,Carabayllo,ESTACION DE SERVICIOS VILLA A & D S.A.C.,Gasolina Regular,19.90
2026-08-24,Lima,Lima,Carabayllo,ESTACION DE SERVICIOS VIRREY E.I.R.L.,Gasolina Regular,19.79
2026-08-24,Lima,Lima,Carabayllo,ESTACION SANTA MARIA S.A.C.,Gasolina Regular,20.48
2026-08-24,Lima,Lima,Carabayllo,GASOCENTRO GAST SOCIEDAD ANONIMA CERRADA - GASOGAST S.A.C.,Gasolina Regular,19.18
2026-08-24,Lima,Lima,Carabayllo,GO COMBUSTIBLE 4 S.A.C.,Gasolina Regular,19.99
2026-08-24,Lima,Lima,Carabayllo,GRIFO DENNIS S.A.C.,Gasolina Regular,19.75
2026-08-24,Lima,Lima,Carabayllo,GRIFO PUNCHAUCA E.I.R.L.,Gasolina Regular,20.37
2026-08-24,Lima,Lima,Carabayllo,GRIFO SANTA ISABEL,Gasolina Regular,19.99
2026-08-24,Lima,Lima,Carabayllo,GRUPO E & E S.A.C.,Gasolina Regular,20.93
2026-08-24,Lima,Lima,Carabayllo,GRUPO HBL S.A.C.,Gasolina Regular,20.99
2026-08-24,Lima,Lima,Carabayllo,INVERSIONES GOLD STAR EIRL,Gasolina Regular,20.29
2026-08-24,Lima,Lima,Carabayllo,INVERSIONES SCOTT S.A.C.,Gasolina Regular,19.99
2026-08-24,Lima,Lima,Carabayllo,INVERSIONES VALUEMI S.A.C.,Gasolina Regular,19.95
2026-08-24,Lima,Lima,Carabayllo,KALPU SAC,Gasolina Regular,19.99
2026-08-24,Lima,Lima,Carabayllo,KIO CAPITAL S.A.C.,Gasolina Regular,19.85
2026-08-24,Lima,Lima,Carabayllo,MAHANAIM MAGDALENA S.A.C.,Gasolina Regular,18.89
2026-08-24,Lima,Lima,Carabayllo,MULTISERVICIOS & LUBRICENTRO SR DE HUAMANTANGA EIRL,Gasolina Regular,20.65
2026-08-24,Lima,Lima,Carabayllo,OPERADOR DE SERVICIOS VJ SAC,Gasolina Regular,20.49
2026-08-24,Lima,Lima,Carabayllo,PETROLEOS Y DERIVADOS LIMA S.A.C.,Gasolina Regular,19.80
2026-08-24,Lima,Lima,Carabayllo,REPSOL COMERCIAL S.A.C.,Gasolina Regular,20.99
2026-08-24,Lima,Lima,Carabayllo,SAN ANTONIO INVERSIONES GENERALE S.R.L,Gasolina Regular,19.99
2026-08-24,Lima,Lima,Carabayllo,SERVICENTRO 777 S.A.C.,Gasolina Regular,20.33
2026-08-24,Lima,Lima,Carabayllo,SERVICIOS GAIA S.A.C.,Gasolina Regular,19.79
2026-08-24,Lima,Lima,Carabayllo,SERVICIOS Y GRIFOS CAMARENA S.A.,Gasolina Regular,20.99
2026-08-24,Lima,Lima,Carabayllo,TORRE BLANCA INVERSIONES GENERALES SRL,Gasolina Regular,19.99
2026-08-24,Lima,Lima,Carabayllo,UNIVERSITARIA INVERSIONES GENERALES S.R.L.,Gasolina Regular,20.69
2026-08-24,Lima,Lima,Carabayllo,VERPASAR S.A.C,Gasolina Regular,20.39
2026-08-24,Lima,Lima,Chaclacayo,COESTI S.A.,Diesel DB5,22.99
2026-08-24,Lima,Lima,Chaclacayo,ESTACION DE SERVICIOS CHACLACAYO SAC,Diesel DB5,22.55
2026-08-24,Lima,Lima,Chaclacayo,GRIFO SAN IGNACIO SAC,Diesel DB5,22.59
2026-08-24,Lima,Lima,Chaclacayo,GRUPO ARIAS S.A.C.,Diesel DB5,22.49
2026-08-24,Lima,Lima,Chaclacayo,INVERSIONES Y SERVICIOS MULTIPLES W.R S.A.C,Diesel DB5,22.49
2026-08-24,Lima,Lima,Chaclacayo,OLGA SALAZAR  SANTIVA SAC,Diesel DB5,22.97
2026-08-24,Lima,Lima,Chaclacayo,REPSOL COMERCIAL S.A.C.,Diesel DB5,26.49
2026-08-24,Lima,Lima,Chaclacayo,COESTI S.A.,Gasolina Premium,20.99
2026-08-24,Lima,Lima,Chaclacayo,ESTACION DE SERVICIOS CHACLACAYO SAC,Gasolina Premium,21.99
2026-08-24,Lima,Lima,Chaclacayo,GRIFO SAN IGNACIO SAC,Gasolina Premium,20.99
2026-08-24,Lima,Lima,Chaclacayo,GRUPO ARIAS S.A.C.,Gasolina Premium,20.99
2026-08-24,Lima,Lima,Chaclacayo,INVERSIONES Y SERVICIOS MULTIPLES W.R S.A.C,Gasolina Premium,19.99
2026-08-24,Lima,Lima,Chaclacayo,OLGA SALAZAR  SANTIVA SAC,Gasolina Premium,21.97
2026-08-24,Lima,Lima,Chaclacayo,REPSOL COMERCIAL S.A.C.,Gasolina Premium,25.49
2026-08-24,Lima,Lima,Chaclacayo,COESTI S.A.,Gasolina Regular,19.69
2026-08-24,Lima,Lima,Chaclacayo,ESTACION DE SERVICIOS CHACLACAYO SAC,Gasolina Regular,20.69
2026-08-24,Lima,Lima,Chaclacayo,GRIFO SAN IGNACIO SAC,Gasolina Regular,19.59
2026-08-24,Lima,Lima,Chaclacayo,GRUPO ARIAS S.A.C.,Gasolina Regular,19.59
2026-08-24,Lima,Lima,Chaclacayo,INVERSIONES Y SERVICIOS MULTIPLES W.R S.A.C,Gasolina Regular,18.99
2026-08-24,Lima,Lima,Chaclacayo,OLGA SALAZAR  SANTIVA SAC,Gasolina Regular,20.59
2026-08-24,Lima,Lima,Chaclacayo,REPSOL COMERCIAL S.A.C.,Gasolina Regular,23.49
2026-08-24,Lima,Lima,Chorrillos,COESTI S.A,Diesel DB5,23.99
2026-08-24,Lima,Lima,Chorrillos,COESTI S.A,Diesel DB5,23.99
2026-08-24,Lima,Lima,Chorrillos,COESTI S.A,Diesel DB5,23.99
2026-08-24,Lima,Lima,Chorrillos,COESTI S.A,Diesel DB5,24.99
2026-08-24,Lima,Lima,Chorrillos,ESTACION DE SERVICIOS EL SOL SAC,Diesel DB5,25.00
2026-08-24,Lima,Lima,Chorrillos,GAS INTERNATIONAL MURILLO,Diesel DB5,23.69
2026-08-24,Lima,Lima,Chorrillos,GASOCENTRO EL SOL S.A.C.,Diesel DB5,23.69
2026-08-24,Lima,Lima,Chorrillos,GASOLINERAS SAC,Diesel DB5,24.49
2026-08-24,Lima,Lima,Chorrillos,GRIFO SAN IGNACIO SAC,Diesel DB5,24.99
2026-08-24,Lima,Lima,Chorrillos,GRIFO SAN IGNACIO SAC,Diesel DB5,24.99
2026-08-24,Lima,Lima,Chorrillos,PETRO EXPLORIUM S.A.C.,Diesel DB5,23.45
2026-08-24,Lima,Lima,Chorrillos,REPSOL COMERCIAL S.A.C.,Diesel DB5,25.99
2026-08-24,Lima,Lima,Chorrillos,REPSOL COMERCIAL S.A.C.,Diesel DB5,26.49
2026-08-24,Lima,Lima,Chorrillos,REPSOL COMERCIAL S.A.C.,Diesel DB5,26.49
2026-08-24,Lima,Lima,Chorrillos,REPSOL COMERCIAL S.A.C.,Diesel DB5,26.49
2026-08-24,Lima,Lima,Chorrillos,SERVICENTRO LA ALAMEDA,Diesel DB5,24.89
2026-08-24,Lima,Lima,Chorrillos,SERVICENTRO LA INMACULADA E.I.R.L.,Diesel DB5,25.79
2026-08-24,Lima,Lima,Chorrillos,SERVICENTRO TACALA S.R.L.,Diesel DB5,23.49
2026-08-24,Lima,Lima,Chorrillos,SERVICIO AUTOMOTRIZ SAN LUIS S.A.,Diesel DB5,23.99
2026-08-24,Lima,Lima,Chorrillos,TERPEL CHORRILLOS,Diesel DB5,23.99
2026-08-24,Lima,Lima,Chorrillos,COESTI S.A,Gasolina Premium,20.99
2026-08-24,Lima,Lima,Chorrillos,COESTI S.A,Gasolina Premium,20.99
2026-08-24,Lima,Lima,Chorrillos,COESTI S.A,Gasolina Premium,21.39
2026-08-24,Lima,Lima,Chorrillos,COESTI S.A,Gasolina Premium,21.99
2026-08-24,Lima,Lima,Chorrillos,ESTACION DE SERVICIOS EL SOL SAC,Gasolina Premium,20.20
2026-08-24,Lima,Lima,Chorrillos,GAS INTERNATIONAL MURILLO,Gasolina Premium,21.45
2026-08-24,Lima,Lima,Chorrillos,GASOCENTRO EL SOL S.A.C.,Gasolina Premium,21.39
2026-08-24,Lima,Lima,Chorrillos,GASOLINERAS SAC,Gasolina Premium,20.99
2026-08-24,Lima,Lima,Chorrillos,GRIFO SAN IGNACIO SAC,Gasolina Premium,21.39
2026-08-24,Lima,Lima,Chorrillos,GRIFO SAN IGNACIO SAC,Gasolina Premium,21.39
2026-08-24,Lima,Lima,Chorrillos,PETRO EXPLORIUM S.A.C.,Gasolina Premium,20.20
2026-08-24,Lima,Lima,Chorrillos,REPSOL COMERCIAL S.A.C.,Gasolina Premium,21.49
2026-08-24,Lima,Lima,Chorrillos,REPSOL COMERCIAL S.A.C.,Gasolina Premium,21.99
2026-08-24,Lima,Lima,Chorrillos,REPSOL COMERCIAL S.A.C.,Gasolina Premium,24.49
2026-08-24,Lima,Lima,Chorrillos,REPSOL COMERCIAL S.A.C.,Gasolina Premium,24.99
2026-08-24,Lima,Lima,Chorrillos,SERVICENTRO LA ALAMEDA,Gasolina Premium,22.79
2026-08-24,Lima,Lima,Chorrillos,SERVICENTRO LA INMACULADA E.I.R.L.,Gasolina Premium,21.59
2026-08-24,Lima,Lima,Chorrillos,SERVICENTRO TACALA S.R.L.,Gasolina Premium,20.49
2026-08-24,Lima,Lima,Chorrillos,SERVICIO AUTOMOTRIZ SAN LUIS S.A.,Gasolina Premium,20.59
2026-08-24,Lima,Lima,Chorrillos,TERPEL CHORRILLOS,Gasolina Premium,22.99
2026-08-24,Lima,Lima,Chorrillos,COESTI S.A,Gasolina Regular,19.49
2026-08-24,Lima,Lima,Chorrillos,COESTI S.A,Gasolina Regular,19.49
2026-08-24,Lima,Lima,Chorrillos,COESTI S.A,Gasolina Regular,19.99
2026-08-24,Lima,Lima,Chorrillos,COESTI S.A,Gasolina Regular,19.99
2026-08-24,Lima,Lima,Chorrillos,ESTACION DE SERVICIOS EL SOL SAC,Gasolina Regular,19.40
2026-08-24,Lima,Lima,Chorrillos,GAS INTERNATIONAL MURILLO,Gasolina Regular,19.89
2026-08-24,Lima,Lima,Chorrillos,GASOCENTRO EL SOL S.A.C.,Gasolina Regular,19.49
2026-08-24,Lima,Lima,Chorrillos,GASOLINERAS SAC,Gasolina Regular,19.99
2026-08-24,Lima,Lima,Chorrillos,GRIFO SAN IGNACIO SAC,Gasolina Regular,19.99
2026-08-24,Lima,Lima,Chorrillos,GRIFO SAN IGNACIO SAC,Gasolina Regular,19.99
2026-08-24,Lima,Lima,Chorrillos,PETRO EXPLORIUM S.A.C.,Gasolina Regular,18.99
2026-08-24,Lima,Lima,Chorrillos,REPSOL COMERCIAL S.A.C.,Gasolina Regular,19.99
2026-08-24,Lima,Lima,Chorrillos,REPSOL COMERCIAL S.A.C.,Gasolina Regular,19.99
2026-08-24,Lima,Lima,Chorrillos,REPSOL COMERCIAL S.A.C.,Gasolina Regular,22.99
2026-08-24,Lima,Lima,Chorrillos,REPSOL COMERCIAL S.A.C.,Gasolina Regular,22.99
2026-08-24,Lima,Lima,Chorrillos,SERVICENTRO LA ALAMEDA,Gasolina Regular,20.79
2026-08-24,Lima,Lima,Chorrillos,SERVICENTRO LA INMACULADA E.I.R.L.,Gasolina Regular,21.39
2026-08-24,Lima,Lima,Chorrillos,SERVICENTRO TACALA S.R.L.,Gasolina Regular,19.99
2026-08-24,Lima,Lima,Chorrillos,SERVICIO AUTOMOTRIZ SAN LUIS S.A.,Gasolina Regular,18.99
2026-08-24,Lima,Lima,Chorrillos,TERPEL CHORRILLOS,Gasolina Regular,21.99
2026-08-24,Lima,Lima,Cieneguilla,ESTACION DE SERVICIOS PACHATUSAN S.A.C.,Diesel DB5,22.89
2026-08-24,Lima,Lima,Cieneguilla,FAUSTO NONATO RAMOS,Diesel DB5,23.50
2026-08-24,Lima,Lima,Cieneguilla,FLORES & LANE S.A.C.,Diesel DB5,25.49
2026-08-24,Lima,Lima,Cieneguilla,RENTA CAR DISAMIR S.A.C.,Diesel DB5,23.50
2026-08-24,Lima,Lima,Cieneguilla,SERGAS,Diesel DB5,23.99
2026-08-24,Lima,Lima,Cieneguilla,ESTACION DE SERVICIOS PACHATUSAN S.A.C.,Gasolina Premium,20.89
2026-08-24,Lima,Lima,Cieneguilla,FAUSTO NONATO RAMOS,Gasolina Premium,21.40
2026-08-24,Lima,Lima,Cieneguilla,FLORES & LANE S.A.C.,Gasolina Premium,23.19
2026-08-24,Lima,Lima,Cieneguilla,RENTA CAR DISAMIR S.A.C.,Gasolina Premium,21.99
2026-08-24,Lima,Lima,Cieneguilla,SERGAS,Gasolina Premium,21.20
2026-08-24,Lima,Lima,Cieneguilla,ESTACION DE SERVICIOS PACHATUSAN S.A.C.,Gasolina Regular,19.89
2026-08-24,Lima,Lima,Cieneguilla,FAUSTO NONATO RAMOS,Gasolina Regular,20.00
2026-08-24,Lima,Lima,Cieneguilla,FLORES & LANE S.A.C.,Gasolina Regular,21.39
2026-08-24,Lima,Lima,Cieneguilla,RENTA CAR DISAMIR S.A.C.,Gasolina Regular,20.20
2026-08-24,Lima,Lima,Cieneguilla,SERGAS,Gasolina Regular,19.90
2026-08-24,Lima,Lima,Comas,AERO GAS DEL NORTE SAC,Diesel DB5,24.19
2026-08-24,Lima,Lima,Comas,ALVAUNSI S.A.C.,Diesel DB5,24.00
2026-08-24,Lima,Lima,Comas,BERLINA CIERTO ROJAS,Diesel DB5,22.70
2026-08-24,Lima,Lima,Comas,COESTI S.A,Diesel DB5,24.99
2026-08-24,Lima,Lima,Comas,COESTI S.A.,Diesel DB5,24.99
2026-08-24,Lima,Lima,Comas,CORPORACION CEMOA S.A.C.,Diesel DB5,23.97
2026-08-24,Lima,Lima,Comas,CORPORACION MEGUSAC,Diesel DB5,23.19
2026-08-24,Lima,Lima,Comas,CORPORACION MEGUSAC,Diesel DB5,23.29
2026-08-24,Lima,Lima,Comas,DISTRIBUIDORA E IMPORTADORA  M & G SOCIEDAD ANONIMA CERRADA DISTRIBUIDORA E IMPORTADORA M & G S.A.C.,Diesel DB5,22.59
2026-08-24,Lima,Lima,Comas,DISTRIBUIDORA E IMPORTADORA M & G S.A.C.,Diesel DB5,22.79
2026-08-24,Lima,Lima,Comas,ESTACION DE SERVICIOS ESTEL S.A.C.,Diesel DB5,23.41
2026-08-24,Lima,Lima,Comas,ESTACION INCAS PECSA,Diesel DB5,23.29
2026-08-24,Lima,Lima,Comas,ESTACIÓN OIL STAR,Diesel DB5,24.49
2026-08-24,Lima,Lima,Comas,ESTAGAS ANCO S.A.C.,Diesel DB5,24.49
2026-08-24,Lima,Lima,Comas,ESTAGAS ANCO S.A.C.,Diesel DB5,24.49
2026-08-24,Lima,Lima,Comas,FILSE S.A.C.,Diesel DB5,22.89
2026-08-24,Lima,Lima,Comas,FULL OILS PETRO SOCIEDAD ANONIMA CERRADA-FULL OILS PETRO S.A.C.,Diesel DB5,22.80
2026-08-24,Lima,Lima,Comas,GAS STATION AR S.A.C.,Diesel DB5,24.09
2026-08-24,Lima,Lima,Comas,GAZEL PERU SAC,Diesel DB5,23.29
2026-08-24,Lima,Lima,Comas,GRIFOS ESTRELLA DE DAVID E.I.R.L.,Diesel DB5,23.49
2026-08-24,Lima,Lima,Comas,GRUPO AZAÑERO INVERSIONISTAS EN COMBUSTIBLES S.A.C.,Diesel DB5,23.06
2026-08-24,Lima,Lima,Comas,GRUPO TORVISCO S.A.,Diesel DB5,24.39
2026-08-24,Lima,Lima,Comas,GRUPPE AR SAC,Diesel DB5,23.49
2026-08-24,Lima,Lima,Comas,IMPORTACIONES Y EXPORTACIONES SELVA  S.A.,Diesel DB5,23.87
2026-08-24,Lima,Lima,Comas,OPERADORA LOGISTICA DE HIDROCARBUROS J&E S.A.C.,Diesel DB5,24.10
2026-08-24,Lima,Lima,Comas,ROAN INVERSIONES  SOCIEDAD ANONIMA CERRADA,Diesel DB5,23.79
2026-08-24,Lima,Lima,Comas,VILMA ROSA MELENDEZ PELAEZ,Diesel DB5,24.39
2026-08-24,Lima,Lima,Comas,AERO GAS DEL NORTE SAC,Gasolina Premium,21.29
2026-08-24,Lima,Lima,Comas,ALVAUNSI S.A.C.,Gasolina Premium,20.60
2026-08-24,Lima,Lima,Comas,BERLINA CIERTO ROJAS,Gasolina Premium,21.40
2026-08-24,Lima,Lima,Comas,COESTI S.A,Gasolina Premium,22.69
2026-08-24,Lima,Lima,Comas,COESTI S.A.,Gasolina Premium,21.15
2026-08-24,Lima,Lima,Comas,CORPORACION CEMOA S.A.C.,Gasolina Premium,21.34
2026-08-24,Lima,Lima,Comas,CORPORACION MEGUSAC,Gasolina Premium,21.89
2026-08-24,Lima,Lima,Comas,CORPORACION MEGUSAC,Gasolina Premium,21.99
2026-08-24,Lima,Lima,Comas,DISTRIBUIDORA E IMPORTADORA  M & G SOCIEDAD ANONIMA CERRADA DISTRIBUIDORA E IMPORTADORA M & G S.A.C.,Gasolina Premium,20.59
2026-08-24,Lima,Lima,Comas,DISTRIBUIDORA E IMPORTADORA M & G S.A.C.,Gasolina Premium,20.99
2026-08-24,Lima,Lima,Comas,ESTACION DE SERVICIOS ESTEL S.A.C.,Gasolina Premium,20.69
2026-08-24,Lima,Lima,Comas,ESTACION INCAS PECSA,Gasolina Premium,22.19
2026-08-24,Lima,Lima,Comas,ESTACIÓN OIL STAR,Gasolina Premium,21.49
2026-08-24,Lima,Lima,Comas,ESTAGAS ANCO S.A.C.,Gasolina Premium,22.39
2026-08-24,Lima,Lima,Comas,ESTAGAS ANCO S.A.C.,Gasolina Premium,22.39
2026-08-24,Lima,Lima,Comas,FILSE S.A.C.,Gasolina Premium,19.36
2026-08-24,Lima,Lima,Comas,FULL OILS PETRO SOCIEDAD ANONIMA CERRADA-FULL OILS PETRO S.A.C.,Gasolina Premium,19.36
2026-08-24,Lima,Lima,Comas,GAS STATION AR S.A.C.,Gasolina Premium,22.99
2026-08-24,Lima,Lima,Comas,GRIFOS ESTRELLA DE DAVID E.I.R.L.,Gasolina Premium,20.99
2026-08-24,Lima,Lima,Comas,GRUPO AZAÑERO INVERSIONISTAS EN COMBUSTIBLES S.A.C.,Gasolina Premium,20.08
2026-08-24,Lima,Lima,Comas,GRUPO TORVISCO S.A.,Gasolina Premium,22.49
2026-08-24,Lima,Lima,Comas,GRUPPE AR SAC,Gasolina Premium,22.99
2026-08-24,Lima,Lima,Comas,IMPORTACIONES Y EXPORTACIONES SELVA  S.A.,Gasolina Premium,21.57
2026-08-24,Lima,Lima,Comas,OPERADORA LOGISTICA DE HIDROCARBUROS J&E S.A.C.,Gasolina Premium,21.90
2026-08-24,Lima,Lima,Comas,ROAN INVERSIONES  SOCIEDAD ANONIMA CERRADA,Gasolina Premium,21.69
2026-08-24,Lima,Lima,Comas,VILMA ROSA MELENDEZ PELAEZ,Gasolina Premium,21.89
2026-08-24,Lima,Lima,Comas,AERO GAS DEL NORTE SAC,Gasolina Regular,19.89
2026-08-24,Lima,Lima,Comas,ALVAUNSI S.A.C.,Gasolina Regular,19.49
2026-08-24,Lima,Lima,Comas,BERLINA CIERTO ROJAS,Gasolina Regular,20.00
2026-08-24,Lima,Lima,Comas,COESTI S.A,Gasolina Regular,19.65
2026-08-24,Lima,Lima,Comas,COESTI S.A.,Gasolina Regular,19.79
2026-08-24,Lima,Lima,Comas,CORPORACION CEMOA S.A.C.,Gasolina Regular,20.23
2026-08-24,Lima,Lima,Comas,CORPORACION MEGUSAC,Gasolina Regular,20.59
2026-08-24,Lima,Lima,Comas,CORPORACION MEGUSAC,Gasolina Regular,20.99
2026-08-24,Lima,Lima,Comas,DISTRIBUIDORA E IMPORTADORA  M & G SOCIEDAD ANONIMA CERRADA DISTRIBUIDORA E IMPORTADORA M & G S.A.C.,Gasolina Regular,19.59
2026-08-24,Lima,Lima,Comas,DISTRIBUIDORA E IMPORTADORA M & G S.A.C.,Gasolina Regular,19.99
2026-08-24,Lima,Lima,Comas,ESTACION DE SERVICIOS ESTEL S.A.C.,Gasolina Regular,19.59
2026-08-24,Lima,Lima,Comas,ESTACION INCAS PECSA,Gasolina Regular,20.89
2026-08-24,Lima,Lima,Comas,ESTACIÓN OIL STAR,Gasolina Regular,20.59
2026-08-24,Lima,Lima,Comas,ESTAGAS ANCO S.A.C.,Gasolina Regular,20.99
2026-08-24,Lima,Lima,Comas,ESTAGAS ANCO S.A.C.,Gasolina Regular,20.99
2026-08-24,Lima,Lima,Comas,FILSE S.A.C.,Gasolina Regular,18.73
2026-08-24,Lima,Lima,Comas,FULL OILS PETRO SOCIEDAD ANONIMA CERRADA-FULL OILS PETRO S.A.C.,Gasolina Regular,18.73
2026-08-24,Lima,Lima,Comas,GAS STATION AR S.A.C.,Gasolina Regular,21.99
2026-08-24,Lima,Lima,Comas,GAZEL PERU SAC,Gasolina Regular,19.99
2026-08-24,Lima,Lima,Comas,GRIFOS ESTRELLA DE DAVID E.I.R.L.,Gasolina Regular,19.99
2026-08-24,Lima,Lima,Comas,GRUPO AZAÑERO INVERSIONISTAS EN COMBUSTIBLES S.A.C.,Gasolina Regular,19.33
2026-08-24,Lima,Lima,Comas,GRUPO TORVISCO S.A.,Gasolina Regular,20.49
2026-08-24,Lima,Lima,Comas,GRUPPE AR SAC,Gasolina Regular,21.99
2026-08-24,Lima,Lima,Comas,IMPORTACIONES Y EXPORTACIONES SELVA  S.A.,Gasolina Regular,19.87
2026-08-24,Lima,Lima,Comas,OPERADORA LOGISTICA DE HIDROCARBUROS J&E S.A.C.,Gasolina Regular,20.30
2026-08-24,Lima,Lima,Comas,ROAN INVERSIONES  SOCIEDAD ANONIMA CERRADA,Gasolina Regular,20.69
2026-08-24,Lima,Lima,Comas,VILMA ROSA MELENDEZ PELAEZ,Gasolina Regular,20.59
2026-08-24,Lima,Lima,El Agustino,ADISA INVERSIONES E.I.R.L.,Diesel DB5,22.69
2026-08-24,Lima,Lima,El Agustino,BENJAMIN ANGEL VENTURA RIVERA,Diesel DB5,25.95
2026-08-24,Lima,Lima,El Agustino,CONTIGAS D & M S.A.C.,Diesel DB5,22.99
2026-08-24,Lima,Lima,El Agustino,GRIFO VALERIA  VICTORIA S.A.C.,Diesel DB5,26.30
2026-08-24,Lima,Lima,El Agustino,NEGOCIACIONES COMERCIALES DCG S.A.C.,Diesel DB5,24.89
2026-08-24,Lima,Lima,El Agustino,NEGOCIACIONES COMERCIALES SANTA OLGA S.A.C.,Diesel DB5,24.99
2026-08-24,Lima,Lima,El Agustino,REPSOL COMERCIAL S.A.C.,Diesel DB5,26.49
2026-08-24,Lima,Lima,El Agustino,VILMA ROSA MELENDEZ PELAEZ,Diesel DB5,24.79
2026-08-24,Lima,Lima,El Agustino,ADISA INVERSIONES E.I.R.L.,Gasolina Premium,20.19
2026-08-24,Lima,Lima,El Agustino,BENJAMIN ANGEL VENTURA RIVERA,Gasolina Premium,22.95
2026-08-24,Lima,Lima,El Agustino,CONTIGAS D & M S.A.C.,Gasolina Premium,20.99
2026-08-24,Lima,Lima,El Agustino,GRIFO VALERIA  VICTORIA S.A.C.,Gasolina Premium,22.50
2026-08-24,Lima,Lima,El Agustino,NEGOCIACIONES COMERCIALES DCG S.A.C.,Gasolina Premium,21.89
2026-08-24,Lima,Lima,El Agustino,NEGOCIACIONES COMERCIALES SANTA OLGA S.A.C.,Gasolina Premium,21.99
2026-08-24,Lima,Lima,El Agustino,REPSOL COMERCIAL S.A.C.,Gasolina Premium,24.99
2026-08-24,Lima,Lima,El Agustino,VILMA ROSA MELENDEZ PELAEZ,Gasolina Premium,21.59
2026-08-24,Lima,Lima,El Agustino,ADISA INVERSIONES E.I.R.L.,Gasolina Regular,19.39
2026-08-24,Lima,Lima,El Agustino,BENJAMIN ANGEL VENTURA RIVERA,Gasolina Regular,22.45
2026-08-24,Lima,Lima,El Agustino,CONTIGAS D & M S.A.C.,Gasolina Regular,19.99
2026-08-24,Lima,Lima,El Agustino,GRIFO VALERIA  VICTORIA S.A.C.,Gasolina Regular,21.30
2026-08-24,Lima,Lima,El Agustino,NEGOCIACIONES COMERCIALES DCG S.A.C.,Gasolina Regular,20.89
2026-08-24,Lima,Lima,El Agustino,NEGOCIACIONES COMERCIALES SANTA OLGA S.A.C.,Gasolina Regular,20.99
2026-08-24,Lima,Lima,El Agustino,REPSOL COMERCIAL S.A.C.,Gasolina Regular,22.99
2026-08-24,Lima,Lima,El Agustino,VILMA ROSA MELENDEZ PELAEZ,Gasolina Regular,20.79
2026-08-24,Lima,Lima,Independencia,EMPRESA INDUSTRIAL COMERCIAL Y DE SERVICIOS MATILDE LEON S.A.,Diesel DB5,23.50
2026-08-24,Lima,Lima,Independencia,GASOCENTRO NORTE S.A.C.,Diesel DB5,24.48
2026-08-24,Lima,Lima,Independencia,GRIFO DENNIS S.A.C.,Diesel DB5,23.59
2026-08-24,Lima,Lima,Independencia,GRIFOS ESPINOZA S.A.,Diesel DB5,24.19
2026-08-24,Lima,Lima,Independencia,GRUPO DE GESTION C SA,Diesel DB5,24.29
2026-08-24,Lima,Lima,Independencia,IBIZA INVERSIONES GENERALES S.R.L,Diesel DB5,23.89
2026-08-24,Lima,Lima,Independencia,LIMA BANDA S.A.C.,Diesel DB5,24.29
2026-08-24,Lima,Lima,Independencia,REPSOL COMERCIAL S.A.C.,Diesel DB5,25.79
2026-08-24,Lima,Lima,Independencia,REPSOL COMERCIAL S.A.C.,Diesel DB5,26.49
2026-08-24,Lima,Lima,Independencia,REPSOL COMERCIAL S.A.C.,Diesel DB5,26.49
2026-08-24,Lima,Lima,Independencia,TRANSPORTES Y SERVICIOS SANTA CRUZ S.A.,Diesel DB5,23.99
2026-08-24,Lima,Lima,Independencia,YVI HERMELINDA GALVEZ TRONCOS,Diesel DB5,23.59
2026-08-24,Lima,Lima,Independencia,EMPRESA INDUSTRIAL COMERCIAL Y DE SERVICIOS MATILDE LEON S.A.,Gasolina Premium,21.30
2026-08-24,Lima,Lima,Independencia,GASOCENTRO NORTE S.A.C.,Gasolina Premium,21.78
2026-08-24,Lima,Lima,Independencia,GRIFO DENNIS S.A.C.,Gasolina Premium,21.39
2026-08-24,Lima,Lima,Independencia,GRIFOS ESPINOZA S.A.,Gasolina Premium,21.89
2026-08-24,Lima,Lima,Independencia,GRUPO DE GESTION C SA,Gasolina Premium,21.89
2026-08-24,Lima,Lima,Independencia,IBIZA INVERSIONES GENERALES S.R.L,Gasolina Premium,21.39
2026-08-24,Lima,Lima,Independencia,LIMA BANDA S.A.C.,Gasolina Premium,21.49
2026-08-24,Lima,Lima,Independencia,REPSOL COMERCIAL S.A.C.,Gasolina Premium,21.49
2026-08-24,Lima,Lima,Independencia,REPSOL COMERCIAL S.A.C.,Gasolina Premium,21.99
2026-08-24,Lima,Lima,Independencia,REPSOL COMERCIAL S.A.C.,Gasolina Premium,24.99
2026-08-24,Lima,Lima,Independencia,TRANSPORTES Y SERVICIOS SANTA CRUZ S.A.,Gasolina Premium,21.89
2026-08-24,Lima,Lima,Independencia,YVI HERMELINDA GALVEZ TRONCOS,Gasolina Premium,21.39
2026-08-24,Lima,Lima,Independencia,EMPRESA INDUSTRIAL COMERCIAL Y DE SERVICIOS MATILDE LEON S.A.,Gasolina Regular,19.80
2026-08-24,Lima,Lima,Independencia,GASOCENTRO NORTE S.A.C.,Gasolina Regular,20.58
2026-08-24,Lima,Lima,Independencia,GRIFO DENNIS S.A.C.,Gasolina Regular,19.75
2026-08-24,Lima,Lima,Independencia,GRIFOS ESPINOZA S.A.,Gasolina Regular,20.69
2026-08-24,Lima,Lima,Independencia,GRUPO DE GESTION C SA,Gasolina Regular,19.69
2026-08-24,Lima,Lima,Independencia,IBIZA INVERSIONES GENERALES S.R.L,Gasolina Regular,19.89
2026-08-24,Lima,Lima,Independencia,LIMA BANDA S.A.C.,Gasolina Regular,19.99
2026-08-24,Lima,Lima,Independencia,REPSOL COMERCIAL S.A.C.,Gasolina Regular,20.49
2026-08-24,Lima,Lima,Independencia,REPSOL COMERCIAL S.A.C.,Gasolina Regular,20.49
2026-08-24,Lima,Lima,Independencia,REPSOL COMERCIAL S.A.C.,Gasolina Regular,22.99
2026-08-24,Lima,Lima,Independencia,TRANSPORTES Y SERVICIOS SANTA CRUZ S.A.,Gasolina Regular,19.69
2026-08-24,Lima,Lima,Independencia,YVI HERMELINDA GALVEZ TRONCOS,Gasolina Regular,19.87
2026-08-24,Lima,Lima,Jesus Maria,ALLE ESTACIONES S.A.C.,Diesel DB5,23.49
2026-08-24,Lima,Lima,Jesus Maria,COESTI S.A,Diesel DB5,24.99
2026-08-24,Lima,Lima,Jesus Maria,COESTI SA,Diesel DB5,24.49
2026-08-24,Lima,Lima,Jesus Maria,ESTACION DE SERVICIOS PASO DE LOS ANDES S.A.C.,Diesel DB5,24.69
2026-08-24,Lima,Lima,Jesus Maria,GASOLINAS DE AMERICA,Diesel DB5,24.69
2026-08-24,Lima,Lima,Jesus Maria,JAIME OLIVER S.A.C.,Diesel DB5,23.99
2026-08-24,Lima,Lima,Jesus Maria,REPSOL COMERCIAL S.A.C,Diesel DB5,26.49
2026-08-24,Lima,Lima,Jesus Maria,TERPEL PERU SAC,Diesel DB5,23.99
2026-08-24,Lima,Lima,Jesus Maria,ALLE ESTACIONES S.A.C.,Gasolina Premium,19.79
2026-08-24,Lima,Lima,Jesus Maria,COESTI S.A,Gasolina Premium,22.99
2026-08-24,Lima,Lima,Jesus Maria,COESTI SA,Gasolina Premium,21.29
2026-08-24,Lima,Lima,Jesus Maria,ESTACION DE SERVICIOS PASO DE LOS ANDES S.A.C.,Gasolina Premium,19.99
2026-08-24,Lima,Lima,Jesus Maria,GASOLINAS DE AMERICA,Gasolina Premium,20.29
2026-08-24,Lima,Lima,Jesus Maria,JAIME OLIVER S.A.C.,Gasolina Premium,20.29
2026-08-24,Lima,Lima,Jesus Maria,JAIME OLIVER S.A.C.,Gasolina Premium,20.49
2026-08-24,Lima,Lima,Jesus Maria,REPSOL COMERCIAL S.A.C,Gasolina Premium,24.99
2026-08-24,Lima,Lima,Jesus Maria,TERPEL PERU SAC,Gasolina Premium,20.69
2026-08-24,Lima,Lima,Jesus Maria,ALLE ESTACIONES S.A.C.,Gasolina Regular,18.89
2026-08-24,Lima,Lima,Jesus Maria,COESTI S.A,Gasolina Regular,20.99
2026-08-24,Lima,Lima,Jesus Maria,COESTI SA,Gasolina Regular,19.65
2026-08-24,Lima,Lima,Jesus Maria,ESTACION DE SERVICIOS PASO DE LOS ANDES S.A.C.,Gasolina Regular,18.89
2026-08-24,Lima,Lima,Jesus Maria,GASOLINAS DE AMERICA,Gasolina Regular,19.29
2026-08-24,Lima,Lima,Jesus Maria,JAIME OLIVER S.A.C.,Gasolina Regular,18.99
2026-08-24,Lima,Lima,Jesus Maria,JAIME OLIVER S.A.C.,Gasolina Regular,19.09
2026-08-24,Lima,Lima,Jesus Maria,REPSOL COMERCIAL S.A.C,Gasolina Regular,22.99
2026-08-24,Lima,Lima,Jesus Maria,TERPEL PERU SAC,Gasolina Regular,19.39
2026-08-24,Lima,Lima,La Molina,COESTI S.A,Diesel DB5,24.89
2026-08-24,Lima,Lima,La Molina,COESTI S.A   UNIVERSIDAD,Diesel DB5,24.99
2026-08-24,Lima,Lima,La Molina,COESTI S.A  JAVIER PRADO 2,Diesel DB5,24.69
2026-08-24,Lima,Lima,La Molina,COESTI S.A  MONTERRICO,Diesel DB5,24.69
2026-08-24,Lima,Lima,La Molina,COESTI S.A. ES FRUTALES,Diesel DB5,24.69
2026-08-24,Lima,Lima,La Molina,COESTI S.A. ESFERRERO,Diesel DB5,24.99
2026-08-24,Lima,Lima,La Molina,ENERGIGAS SAC,Diesel DB5,24.69
2026-08-24,Lima,Lima,La Molina,ESTACION DE SERVICIOS LA PUNTA E.I.R.L.,Diesel DB5,25.51
2026-08-24,Lima,Lima,La Molina,FULL SERVICE LA MOLINA S.A.C,Diesel DB5,25.20
2026-08-24,Lima,Lima,La Molina,GRIFOS ESPINOZA S.A.,Diesel DB5,24.99
2026-08-24,Lima,Lima,La Molina,INVERSIONES Y COMERCIALIZACION MAKA SAC,Diesel DB5,24.99
2026-08-24,Lima,Lima,La Molina,ORGANIZACION FUTURO S.A.C.,Diesel DB5,24.99
2026-08-24,Lima,Lima,La Molina,REPSOL COMERCIAL S.A.C,Diesel DB5,26.49
2026-08-24,Lima,Lima,La Molina,REPSOL COMERCIAL S.A.C.,Diesel DB5,26.49
2026-08-24,Lima,Lima,La Molina,REPSOL COMERCIAL S.A.C.,Diesel DB5,26.49
2026-08-24,Lima,Lima,La Molina,REPSOL COMERCIAL S.A.C.,Diesel DB5,26.49
2026-08-24,Lima,Lima,La Molina,SERVICENTRO MUSA EIRL,Diesel DB5,23.99
2026-08-24,Lima,Lima,La Molina,COESTI S.A,Gasolina Premium,21.55
2026-08-24,Lima,Lima,La Molina,COESTI S.A   UNIVERSIDAD,Gasolina Premium,22.59
2026-08-24,Lima,Lima,La Molina,COESTI S.A  JAVIER PRADO 2,Gasolina Premium,21.55
2026-08-24,Lima,Lima,La Molina,COESTI S.A  MONTERRICO,Gasolina Premium,21.55
2026-08-24,Lima,Lima,La Molina,COESTI S.A. ES FRUTALES,Gasolina Premium,21.75
2026-08-24,Lima,Lima,La Molina,COESTI S.A. ESFERRERO,Gasolina Premium,22.69
2026-08-24,Lima,Lima,La Molina,ENERGIGAS SAC,Gasolina Premium,20.99
2026-08-24,Lima,Lima,La Molina,ESTACION DE SERVICIOS LA PUNTA E.I.R.L.,Gasolina Premium,23.49
2026-08-24,Lima,Lima,La Molina,FULL SERVICE LA MOLINA S.A.C,Gasolina Premium,22.50
2026-08-24,Lima,Lima,La Molina,GRIFOS ESPINOZA S.A.,Gasolina Premium,22.29
2026-08-24,Lima,Lima,La Molina,INVERSIONES Y COMERCIALIZACION MAKA SAC,Gasolina Premium,22.99
2026-08-24,Lima,Lima,La Molina,ORGANIZACION FUTURO S.A.C.,Gasolina Premium,21.99
2026-08-24,Lima,Lima,La Molina,REPSOL COMERCIAL S.A.C,Gasolina Premium,24.99
2026-08-24,Lima,Lima,La Molina,REPSOL COMERCIAL S.A.C.,Gasolina Premium,23.49
2026-08-24,Lima,Lima,La Molina,REPSOL COMERCIAL S.A.C.,Gasolina Premium,24.99
2026-08-24,Lima,Lima,La Molina,REPSOL COMERCIAL S.A.C.,Gasolina Premium,24.99
2026-08-24,Lima,Lima,La Molina,SERVICENTRO MUSA EIRL,Gasolina Premium,20.99
2026-08-24,Lima,Lima,La Molina,COESTI S.A,Gasolina Regular,20.39
2026-08-24,Lima,Lima,La Molina,COESTI S.A   UNIVERSIDAD,Gasolina Regular,21.39
2026-08-24,Lima,Lima,La Molina,COESTI S.A  JAVIER PRADO 2,Gasolina Regular,20.35
2026-08-24,Lima,Lima,La Molina,COESTI S.A  MONTERRICO,Gasolina Regular,20.35
2026-08-24,Lima,Lima,La Molina,COESTI S.A. ES FRUTALES,Gasolina Regular,20.55
2026-08-24,Lima,Lima,La Molina,COESTI S.A. ESFERRERO,Gasolina Regular,21.69
2026-08-24,Lima,Lima,La Molina,ENERGIGAS SAC,Gasolina Regular,19.99
2026-08-24,Lima,Lima,La Molina,ESTACION DE SERVICIOS LA PUNTA E.I.R.L.,Gasolina Regular,21.99
2026-08-24,Lima,Lima,La Molina,FULL SERVICE LA MOLINA S.A.C,Gasolina Regular,21.10
2026-08-24,Lima,Lima,La Molina,GRIFOS ESPINOZA S.A.,Gasolina Regular,21.19
2026-08-24,Lima,Lima,La Molina,INVERSIONES Y COMERCIALIZACION MAKA SAC,Gasolina Regular,21.99
2026-08-24,Lima,Lima,La Molina,ORGANIZACION FUTURO S.A.C.,Gasolina Regular,20.19
2026-08-24,Lima,Lima,La Molina,REPSOL COMERCIAL S.A.C,Gasolina Regular,22.99
2026-08-24,Lima,Lima,La Molina,REPSOL COMERCIAL S.A.C.,Gasolina Regular,20.99
2026-08-24,Lima,Lima,La Molina,REPSOL COMERCIAL S.A.C.,Gasolina Regular,22.99
2026-08-24,Lima,Lima,La Molina,REPSOL COMERCIAL S.A.C.,Gasolina Regular,22.99
2026-08-24,Lima,Lima,La Molina,SERVICENTRO MUSA EIRL,Gasolina Regular,19.99
2026-08-24,Lima,Lima,La Victoria,CENTROGAS IQUITOS S.A.C.,Diesel DB5,24.38
2026-08-24,Lima,Lima,La Victoria,COESTI 28 DE JULIO,Diesel DB5,24.99
2026-08-24,Lima,Lima,La Victoria,COESTI S.A,Diesel DB5,24.49
2026-08-24,Lima,Lima,La Victoria,COESTI S.A,Diesel DB5,24.49
2026-08-24,Lima,Lima,La Victoria,COESTI S.A.,Diesel DB5,24.49
2026-08-24,Lima,Lima,La Victoria,COESTI S.A.,Diesel DB5,25.15
2026-08-24,Lima,Lima,La Victoria,ENERGIGAS SAC,Diesel DB5,22.99
2026-08-24,Lima,Lima,La Victoria,ESTACION DE SERVICIO SANTA CATALINA S.A.C.,Diesel DB5,23.84
2026-08-24,Lima,Lima,La Victoria,GLOBAL FUEL S.A.,Diesel DB5,24.99
2026-08-24,Lima,Lima,La Victoria,GO MANCO CAPAC S.A.C.,Diesel DB5,23.49
2026-08-24,Lima,Lima,La Victoria,GRIFO CRISTO SALVADOR S.A.C.,Diesel DB5,23.99
2026-08-24,Lima,Lima,La Victoria,GRIFO SANTA ROSA SA,Diesel DB5,22.99
2026-08-24,Lima,Lima,La Victoria,GRIFOS DIANA S.A.C.,Diesel DB5,23.19
2026-08-24,Lima,Lima,La Victoria,GRIFOS GES SAC,Diesel DB5,23.25
2026-08-24,Lima,Lima,La Victoria,GRIFOS SOYUZ S.A.,Diesel DB5,23.99
2026-08-24,Lima,Lima,La Victoria,INVERSIONES OCTANO S.A.,Diesel DB5,24.34
2026-08-24,Lima,Lima,La Victoria,JAVIER PEDRO CASTRO ARROYO,Diesel DB5,24.30
2026-08-24,Lima,Lima,La Victoria,LIVORNO OIL TRADING S.A.C.,Diesel DB5,22.99
2026-08-24,Lima,Lima,La Victoria,MAVIE COMBUSTIBLES S.A.C.,Diesel DB5,23.99
2026-08-24,Lima,Lima,La Victoria,MAX GAS S.A.C.,Diesel DB5,23.49
2026-08-24,Lima,Lima,La Victoria,OCORIS 2 SAC,Diesel DB5,28.99
2026-08-24,Lima,Lima,La Victoria,ONCAP S.A.C.,Diesel DB5,23.99
2026-08-24,Lima,Lima,La Victoria,OPERADORES DE ESTACIONES S.A.C.,Diesel DB5,23.03
2026-08-24,Lima,Lima,La Victoria,PEBSA COMBUSTIBLES S.A.,Diesel DB5,24.16
2026-08-24,Lima,Lima,La Victoria,PETROGROUP E.I.R.L.,Diesel DB5,23.48
2026-08-24,Lima,Lima,La Victoria,PETRONEX PERU S.A.C.,Diesel DB5,23.49
2026-08-24,Lima,Lima,La Victoria,PETRONEX PERU S.A.C.,Diesel DB5,23.49
2026-08-24,Lima,Lima,La Victoria,REPSOL COMERCIAL S.A.C.,Diesel DB5,25.99
2026-08-24,Lima,Lima,La Victoria,REPSOL COMERCIAL S.A.C.,Diesel DB5,26.49
2026-08-24,Lima,Lima,La Victoria,REPSOL COMERCIAL S.A.C.,Diesel DB5,26.49
2026-08-24,Lima,Lima,La Victoria,REPSOL COMERCIAL S.A.C.,Diesel DB5,26.49
2026-08-24,Lima,Lima,La Victoria,SAM GAS SAC,Diesel DB5,25.88
2026-08-24,Lima,Lima,La Victoria,SERVICENTRO TITI S.A.C.,Diesel DB5,25.99
2026-08-24,Lima,Lima,La Victoria,SERVICENTRO Y AFINES LAS AMERICAS E.I.R.L.,Diesel DB5,23.89
2026-08-24,Lima,Lima,La Victoria,SERVICIOS Y REPRESENTACIONES TACNA S.A.C.,Diesel DB5,23.49
2026-08-24,Lima,Lima,La Victoria,CENTROGAS IQUITOS S.A.C.,Gasolina Premium,20.35
2026-08-24,Lima,Lima,La Victoria,COESTI 28 DE JULIO,Gasolina Premium,21.49
2026-08-24,Lima,Lima,La Victoria,COESTI S.A,Gasolina Premium,21.99
2026-08-24,Lima,Lima,La Victoria,COESTI S.A,Gasolina Premium,21.99
2026-08-24,Lima,Lima,La Victoria,COESTI S.A.,Gasolina Premium,20.59
2026-08-24,Lima,Lima,La Victoria,COESTI S.A.,Gasolina Premium,21.49
2026-08-24,Lima,Lima,La Victoria,ENERGIGAS SAC,Gasolina Premium,19.99
2026-08-24,Lima,Lima,La Victoria,ESTACION DE SERVICIO SANTA CATALINA S.A.C.,Gasolina Premium,20.94
2026-08-24,Lima,Lima,La Victoria,GLOBAL FUEL S.A.,Gasolina Premium,22.99
2026-08-24,Lima,Lima,La Victoria,GO MANCO CAPAC S.A.C.,Gasolina Premium,20.69
2026-08-24,Lima,Lima,La Victoria,GRIFO CRISTO SALVADOR S.A.C.,Gasolina Premium,20.69
2026-08-24,Lima,Lima,La Victoria,GRIFO SANTA ROSA SA,Gasolina Premium,20.18
2026-08-24,Lima,Lima,La Victoria,GRIFOS DIANA S.A.C.,Gasolina Premium,19.99
2026-08-24,Lima,Lima,La Victoria,GRIFOS GES SAC,Gasolina Premium,20.25
2026-08-24,Lima,Lima,La Victoria,GRIFOS SOYUZ S.A.,Gasolina Premium,20.49
2026-08-24,Lima,Lima,La Victoria,INVERSIONES OCTANO S.A.,Gasolina Premium,21.24
2026-08-24,Lima,Lima,La Victoria,JAVIER PEDRO CASTRO ARROYO,Gasolina Premium,21.70
2026-08-24,Lima,Lima,La Victoria,LIVORNO OIL TRADING S.A.C.,Gasolina Premium,20.87
2026-08-24,Lima,Lima,La Victoria,MAVIE COMBUSTIBLES S.A.C.,Gasolina Premium,22.99
2026-08-24,Lima,Lima,La Victoria,MAX GAS S.A.C.,Gasolina Premium,20.09
2026-08-24,Lima,Lima,La Victoria,OCORIS 2 SAC,Gasolina Premium,26.29
2026-08-24,Lima,Lima,La Victoria,ONCAP S.A.C.,Gasolina Premium,20.99
2026-08-24,Lima,Lima,La Victoria,OPERADORES DE ESTACIONES S.A.C.,Gasolina Premium,20.39
2026-08-24,Lima,Lima,La Victoria,PEBSA COMBUSTIBLES S.A.,Gasolina Premium,21.50
2026-08-24,Lima,Lima,La Victoria,PETROGROUP E.I.R.L.,Gasolina Premium,19.98
2026-08-24,Lima,Lima,La Victoria,PETRONEX PERU S.A.C.,Gasolina Premium,20.49
2026-08-24,Lima,Lima,La Victoria,PETRONEX PERU S.A.C.,Gasolina Premium,20.49
2026-08-24,Lima,Lima,La Victoria,REPSOL COMERCIAL S.A.C.,Gasolina Premium,23.99
2026-08-24,Lima,Lima,La Victoria,REPSOL COMERCIAL S.A.C.,Gasolina Premium,23.99
2026-08-24,Lima,Lima,La Victoria,REPSOL COMERCIAL S.A.C.,Gasolina Premium,24.99
2026-08-24,Lima,Lima,La Victoria,REPSOL COMERCIAL S.A.C.,Gasolina Premium,25.99
2026-08-24,Lima,Lima,La Victoria,SAM GAS SAC,Gasolina Premium,23.88
2026-08-24,Lima,Lima,La Victoria,SERVICENTRO TACNA,Gasolina Premium,21.29
2026-08-24,Lima,Lima,La Victoria,SERVICENTRO TITI S.A.C.,Gasolina Premium,20.69
2026-08-24,Lima,Lima,La Victoria,SERVICENTRO Y AFINES LAS AMERICAS E.I.R.L.,Gasolina Premium,20.29
2026-08-24,Lima,Lima,La Victoria,SERVICIOS Y REPRESENTACIONES TACNA S.A.C.,Gasolina Premium,20.19
2026-08-24,Lima,Lima,La Victoria,CENTROGAS IQUITOS S.A.C.,Gasolina Regular,19.38
2026-08-24,Lima,Lima,La Victoria,COESTI 28 DE JULIO,Gasolina Regular,19.99
2026-08-24,Lima,Lima,La Victoria,COESTI S.A,Gasolina Regular,19.99
2026-08-24,Lima,Lima,La Victoria,COESTI S.A,Gasolina Regular,19.99
2026-08-24,Lima,Lima,La Victoria,COESTI S.A.,Gasolina Regular,18.75
2026-08-24,Lima,Lima,La Victoria,COESTI S.A.,Gasolina Regular,19.49
2026-08-24,Lima,Lima,La Victoria,ENERGIGAS SAC,Gasolina Regular,19.39
2026-08-24,Lima,Lima,La Victoria,ESTACION DE SERVICIO SANTA CATALINA S.A.C.,Gasolina Regular,19.94
2026-08-24,Lima,Lima,La Victoria,GLOBAL FUEL S.A.,Gasolina Regular,20.99
2026-08-24,Lima,Lima,La Victoria,GO MANCO CAPAC S.A.C.,Gasolina Regular,19.49
2026-08-24,Lima,Lima,La Victoria,GRIFO CRISTO SALVADOR S.A.C.,Gasolina Regular,19.49
2026-08-24,Lima,Lima,La Victoria,GRIFO SANTA ROSA SA,Gasolina Regular,19.16
2026-08-24,Lima,Lima,La Victoria,GRIFOS DIANA S.A.C.,Gasolina Regular,19.19
2026-08-24,Lima,Lima,La Victoria,GRIFOS GES SAC,Gasolina Regular,19.35
2026-08-24,Lima,Lima,La Victoria,GRIFOS SOYUZ S.A.,Gasolina Regular,19.69
2026-08-24,Lima,Lima,La Victoria,INVERSIONES OCTANO S.A.,Gasolina Regular,20.44
2026-08-24,Lima,Lima,La Victoria,JAVIER PEDRO CASTRO ARROYO,Gasolina Regular,20.25
2026-08-24,Lima,Lima,La Victoria,MAVIE COMBUSTIBLES S.A.C.,Gasolina Regular,20.99
2026-08-24,Lima,Lima,La Victoria,MAX GAS S.A.C.,Gasolina Regular,19.29
2026-08-24,Lima,Lima,La Victoria,OCORIS 2 SAC,Gasolina Regular,24.49
2026-08-24,Lima,Lima,La Victoria,ONCAP S.A.C.,Gasolina Regular,19.99
2026-08-24,Lima,Lima,La Victoria,OPERADORES DE ESTACIONES S.A.C.,Gasolina Regular,19.27
2026-08-24,Lima,Lima,La Victoria,PEBSA COMBUSTIBLES S.A.,Gasolina Regular,19.50
2026-08-24,Lima,Lima,La Victoria,PETROGROUP E.I.R.L.,Gasolina Regular,18.98
2026-08-24,Lima,Lima,La Victoria,PETRONEX PERU S.A.C.,Gasolina Regular,19.29
2026-08-24,Lima,Lima,La Victoria,PETRONEX PERU S.A.C.,Gasolina Regular,19.29
2026-08-24,Lima,Lima,La Victoria,REPSOL COMERCIAL S.A.C.,Gasolina Regular,21.49
2026-08-24,Lima,Lima,La Victoria,REPSOL COMERCIAL S.A.C.,Gasolina Regular,21.99
2026-08-24,Lima,Lima,La Victoria,REPSOL COMERCIAL S.A.C.,Gasolina Regular,22.99
2026-08-24,Lima,Lima,La Victoria,REPSOL COMERCIAL S.A.C.,Gasolina Regular,23.99
2026-08-24,Lima,Lima,La Victoria,SAM GAS SAC,Gasolina Regular,22.88
2026-08-24,Lima,Lima,La Victoria,SERVICENTRO TITI S.A.C.,Gasolina Regular,19.49
2026-08-24,Lima,Lima,La Victoria,SERVICENTRO Y AFINES LAS AMERICAS E.I.R.L.,Gasolina Regular,19.69
2026-08-24,Lima,Lima,La Victoria,SERVICIOS Y REPRESENTACIONES TACNA S.A.C.,Gasolina Regular,19.09
2026-08-24,Lima,Lima,Lima,BEMCHO S.A.C.,Diesel DB5,24.49
2026-08-24,Lima,Lima,Lima,COESTI S.A,Diesel DB5,23.99
2026-08-24,Lima,Lima,Lima,COESTI S.A,Diesel DB5,23.99
2026-08-24,Lima,Lima,Lima,COESTI S.A,Diesel DB5,23.99
2026-08-24,Lima,Lima,Lima,COESTI S.A,Diesel DB5,24.45
2026-08-24,Lima,Lima,Lima,COESTI S.A.,Diesel DB5,24.19
2026-08-24,Lima,Lima,Lima,COESTI S.A.,Diesel DB5,24.19
2026-08-24,Lima,Lima,Lima,COESTI S.A.,Diesel DB5,24.29
2026-08-24,Lima,Lima,Lima,COESTI SA DUENAS,Diesel DB5,24.39
2026-08-24,Lima,Lima,Lima,COOPERATIVA DE SERVICIOS MULTIPLES ALAS PERUANAS,Diesel DB5,23.44
2026-08-24,Lima,Lima,Lima,ENERGIGAS S.A.C.,Diesel DB5,23.75
2026-08-24,Lima,Lima,Lima,ENERGIGAS SAC,Diesel DB5,23.75
2026-08-24,Lima,Lima,Lima,ENERGIGAS SAC,Diesel DB5,23.90
2026-08-24,Lima,Lima,Lima,ESTACION DE SERVICIO NIAGARA,Diesel DB5,24.98
2026-08-24,Lima,Lima,Lima,FORMAS METALICAS S.A.,Diesel DB5,25.00
2026-08-24,Lima,Lima,Lima,GASOLINERAS  S.A.C.,Diesel DB5,24.69
2026-08-24,Lima,Lima,Lima,GLOBAL FUEL SA,Diesel DB5,25.99
2026-08-24,Lima,Lima,Lima,GRIFO EL SALVADOR S.R.L.,Diesel DB5,24.99
2026-08-24,Lima,Lima,Lima,GRIFO J.H.P. E.I.R.LTDA.,Diesel DB5,22.99
2026-08-24,Lima,Lima,Lima,GRIFO SAN IGNACIO SAC,Diesel DB5,26.29
2026-08-24,Lima,Lima,Lima,GRIFOS ESPINOZA S.A.,Diesel DB5,23.49
2026-08-24,Lima,Lima,Lima,GRIFOS ESPINOZA S.A.,Diesel DB5,25.49
2026-08-24,Lima,Lima,Lima,GRIFOSA SAC LIMA,Diesel DB5,24.29
2026-08-24,Lima,Lima,Lima,OCORIS 1 SAC,Diesel DB5,25.30
2026-08-24,Lima,Lima,Lima,PUNTO GAS S.A.C.,Diesel DB5,23.48
2026-08-24,Lima,Lima,Lima,REPSOL COMERCIAL S.A.C.,Diesel DB5,25.99
2026-08-24,Lima,Lima,Lima,REPSOL COMERCIAL S.A.C.,Diesel DB5,26.49
2026-08-24,Lima,Lima,Lima,REPSOL COMERCIAL S.A.C.,Diesel DB5,26.49
2026-08-24,Lima,Lima,Lima,REPSOL COMERCIAL S.A.C.,Diesel DB5,26.49
2026-08-24,Lima,Lima,Lima,REPSOL COMERCIAL S.A.C.,Diesel DB5,26.49
2026-08-24,Lima,Lima,Lima,REPSOL COMERCIAL S.A.C.,Diesel DB5,26.79
2026-08-24,Lima,Lima,Lima,REPSOL COMERCIAL SAC,Diesel DB5,26.49
2026-08-24,Lima,Lima,Lima,REPSOL COMERCIAL SAC,Diesel DB5,26.49
2026-08-24,Lima,Lima,Lima,SERVICENTRO SHALOM S.A.C.,Diesel DB5,23.99
2026-08-24,Lima,Lima,Lima,VAL TRADING S.A.C.,Diesel DB5,23.79
2026-08-24,Lima,Lima,Lima,BEMCHO S.A.C.,Gasolina Premium,20.39
2026-08-24,Lima,Lima,Lima,COESTI S.A,Gasolina Premium,20.69
2026-08-24,Lima,Lima,Lima,COESTI S.A,Gasolina Premium,20.99
2026-08-24,Lima,Lima,Lima,COESTI S.A,Gasolina Premium,20.99
2026-08-24,Lima,Lima,Lima,COESTI S.A,Gasolina Premium,21.29
2026-08-24,Lima,Lima,Lima,COESTI S.A.,Gasolina Premium,20.25
2026-08-24,Lima,Lima,Lima,COESTI S.A.,Gasolina Premium,20.49
2026-08-24,Lima,Lima,Lima,COESTI S.A.,Gasolina Premium,20.99
2026-08-24,Lima,Lima,Lima,COESTI SA DUENAS,Gasolina Premium,21.25
2026-08-24,Lima,Lima,Lima,COOPERATIVA DE SERVICIOS MULTIPLES ALAS PERUANAS,Gasolina Premium,19.99
2026-08-24,Lima,Lima,Lima,ENERGIGAS SAC,Gasolina Premium,20.45
2026-08-24,Lima,Lima,Lima,ENERGIGAS SAC,Gasolina Premium,20.95
2026-08-24,Lima,Lima,Lima,ESTACION DE SERVICIO NIAGARA,Gasolina Premium,20.98
2026-08-24,Lima,Lima,Lima,FORMAS METALICAS S.A.,Gasolina Premium,21.50
2026-08-24,Lima,Lima,Lima,GASOLINERAS  S.A.C.,Gasolina Premium,19.99
2026-08-24,Lima,Lima,Lima,GLOBAL FUEL SA,Gasolina Premium,20.99
2026-08-24,Lima,Lima,Lima,GRIFO EL SALVADOR S.R.L.,Gasolina Premium,20.89
2026-08-24,Lima,Lima,Lima,GRIFO J.H.P. E.I.R.LTDA.,Gasolina Premium,19.69
2026-08-24,Lima,Lima,Lima,GRIFO SAN IGNACIO SAC,Gasolina Premium,21.05
2026-08-24,Lima,Lima,Lima,GRIFOS ESPINOZA S.A.,Gasolina Premium,20.39
2026-08-24,Lima,Lima,Lima,GRIFOS ESPINOZA S.A.,Gasolina Premium,20.99
2026-08-24,Lima,Lima,Lima,GRIFOSA SAC LIMA,Gasolina Premium,21.59
2026-08-24,Lima,Lima,Lima,OCORIS 1 SAC,Gasolina Premium,23.99
2026-08-24,Lima,Lima,Lima,PUNTO GAS S.A.C.,Gasolina Premium,19.69
2026-08-24,Lima,Lima,Lima,REPSOL COMERCIAL S.A.C.,Gasolina Premium,21.19
2026-08-24,Lima,Lima,Lima,REPSOL COMERCIAL S.A.C.,Gasolina Premium,21.49
2026-08-24,Lima,Lima,Lima,REPSOL COMERCIAL S.A.C.,Gasolina Premium,21.59
2026-08-24,Lima,Lima,Lima,REPSOL COMERCIAL S.A.C.,Gasolina Premium,21.59
2026-08-24,Lima,Lima,Lima,REPSOL COMERCIAL S.A.C.,Gasolina Premium,21.79
2026-08-24,Lima,Lima,Lima,REPSOL COMERCIAL S.A.C.,Gasolina Premium,21.99
2026-08-24,Lima,Lima,Lima,REPSOL COMERCIAL SAC,Gasolina Premium,21.49
2026-08-24,Lima,Lima,Lima,REPSOL COMERCIAL SAC,Gasolina Premium,22.99
2026-08-24,Lima,Lima,Lima,SERVICENTRO SHALOM S.A.C.,Gasolina Premium,20.35
2026-08-24,Lima,Lima,Lima,VAL TRADING S.A.C.,Gasolina Premium,20.79
2026-08-24,Lima,Lima,Lima,BEMCHO S.A.C.,Gasolina Regular,19.39
2026-08-24,Lima,Lima,Lima,COESTI S.A,Gasolina Regular,18.99
2026-08-24,Lima,Lima,Lima,COESTI S.A,Gasolina Regular,19.49
2026-08-24,Lima,Lima,Lima,COESTI S.A,Gasolina Regular,19.59
2026-08-24,Lima,Lima,Lima,COESTI S.A,Gasolina Regular,19.79
2026-08-24,Lima,Lima,Lima,COESTI S.A.,Gasolina Regular,18.99
2026-08-24,Lima,Lima,Lima,COESTI S.A.,Gasolina Regular,19.19
2026-08-24,Lima,Lima,Lima,COESTI S.A.,Gasolina Regular,19.95
2026-08-24,Lima,Lima,Lima,COESTI SA DUENAS,Gasolina Regular,19.19
2026-08-24,Lima,Lima,Lima,COOPERATIVA DE SERVICIOS MULTIPLES ALAS PERUANAS,Gasolina Regular,18.99
2026-08-24,Lima,Lima,Lima,ENERGIGAS S.A.C.,Gasolina Regular,19.95
2026-08-24,Lima,Lima,Lima,ENERGIGAS SAC,Gasolina Regular,19.45
2026-08-24,Lima,Lima,Lima,ENERGIGAS SAC,Gasolina Regular,19.85
2026-08-24,Lima,Lima,Lima,ESTACION DE SERVICIO NIAGARA,Gasolina Regular,19.98
2026-08-24,Lima,Lima,Lima,FORMAS METALICAS S.A.,Gasolina Regular,19.80
2026-08-24,Lima,Lima,Lima,GASOLINERAS  S.A.C.,Gasolina Regular,18.89
2026-08-24,Lima,Lima,Lima,GLOBAL FUEL SA,Gasolina Regular,19.99
2026-08-24,Lima,Lima,Lima,GRIFO EL SALVADOR S.R.L.,Gasolina Regular,19.89
2026-08-24,Lima,Lima,Lima,GRIFO J.H.P. E.I.R.LTDA.,Gasolina Regular,18.69
2026-08-24,Lima,Lima,Lima,GRIFO SAN IGNACIO SAC,Gasolina Regular,20.05
2026-08-24,Lima,Lima,Lima,GRIFOS ESPINOZA S.A.,Gasolina Regular,19.29
2026-08-24,Lima,Lima,Lima,GRIFOS ESPINOZA S.A.,Gasolina Regular,19.39
2026-08-24,Lima,Lima,Lima,GRIFOSA SAC LIMA,Gasolina Regular,20.49
2026-08-24,Lima,Lima,Lima,OCORIS 1 SAC,Gasolina Regular,20.49
2026-08-24,Lima,Lima,Lima,PUNTO GAS S.A.C.,Gasolina Regular,18.69
2026-08-24,Lima,Lima,Lima,REPSOL COMERCIAL S.A.C.,Gasolina Regular,19.99
2026-08-24,Lima,Lima,Lima,REPSOL COMERCIAL S.A.C.,Gasolina Regular,19.99
2026-08-24,Lima,Lima,Lima,REPSOL COMERCIAL S.A.C.,Gasolina Regular,20.09
2026-08-24,Lima,Lima,Lima,REPSOL COMERCIAL S.A.C.,Gasolina Regular,20.15
2026-08-24,Lima,Lima,Lima,REPSOL COMERCIAL S.A.C.,Gasolina Regular,20.25
2026-08-24,Lima,Lima,Lima,REPSOL COMERCIAL S.A.C.,Gasolina Regular,20.25
2026-08-24,Lima,Lima,Lima,REPSOL COMERCIAL SAC,Gasolina Regular,19.99
2026-08-24,Lima,Lima,Lima,REPSOL COMERCIAL SAC,Gasolina Regular,21.49
2026-08-24,Lima,Lima,Lima,SERVICENTRO SHALOM S.A.C.,Gasolina Regular,19.39
2026-08-24,Lima,Lima,Lima,VAL TRADING S.A.C.,Gasolina Regular,19.49
2026-08-24,Lima,Lima,Lince,APOLLO¿S MARKET S.A.C.,Diesel DB5,24.10
2026-08-24,Lima,Lima,Lince,COESTI S.A,Diesel DB5,24.29
2026-08-24,Lima,Lima,Lince,COESTI SA,Diesel DB5,24.39
2026-08-24,Lima,Lima,Lince,GASOLINERAS GRAN PRIX,Diesel DB5,23.99
2026-08-24,Lima,Lima,Lince,GO PARDO S.A.C.,Diesel DB5,24.49
2026-08-24,Lima,Lima,Lince,APOLLO¿S MARKET S.A.C.,Gasolina Premium,20.50
2026-08-24,Lima,Lima,Lince,COESTI S.A,Gasolina Premium,20.99
2026-08-24,Lima,Lima,Lince,COESTI SA,Gasolina Premium,20.99
2026-08-24,Lima,Lima,Lince,GASOLINERAS GRAN PRIX,Gasolina Premium,19.59
2026-08-24,Lima,Lima,Lince,GO PARDO S.A.C.,Gasolina Premium,20.35
2026-08-24,Lima,Lima,Lince,APOLLO¿S MARKET S.A.C.,Gasolina Regular,19.50
2026-08-24,Lima,Lima,Lince,COESTI S.A,Gasolina Regular,19.69
2026-08-24,Lima,Lima,Lince,COESTI SA,Gasolina Regular,19.59
2026-08-24,Lima,Lima,Lince,GASOLINERAS GRAN PRIX,Gasolina Regular,18.89
2026-08-24,Lima,Lima,Lince,GO PARDO S.A.C.,Gasolina Regular,19.39
2026-08-24,Lima,Lima,Los Olivos,ADA PEREGRINA GALVEZ TRONCOS,Diesel DB5,24.99
2026-08-24,Lima,Lima,Los Olivos,ALTA VIDDA GAS S.A.C.,Diesel DB5,24.57
2026-08-24,Lima,Lima,Los Olivos,COESTI TOMAS VALLE,Diesel DB5,24.99
2026-08-24,Lima,Lima,Los Olivos,CORPORACION CAMAJEA S.A.C.,Diesel DB5,23.49
2026-08-24,Lima,Lima,Los Olivos,CORPORACION OTOÑO S.A.C.,Diesel DB5,23.79
2026-08-24,Lima,Lima,Los Olivos,CORPORACION PYX S.A.C.,Diesel DB5,24.67
2026-08-24,Lima,Lima,Los Olivos,CYE GRIFOS SAC,Diesel DB5,24.49
2026-08-24,Lima,Lima,Los Olivos,EMPRESA DE TRANSPORTES E IMPORTACIONES Y SERVICIOS  S.A.,Diesel DB5,23.87
2026-08-24,Lima,Lima,Los Olivos,EMPRESA GRUPO QUINTO SA,Diesel DB5,24.99
2026-08-24,Lima,Lima,Los Olivos,ESTACION DE SERVICIOS GRIFO MASTER S.R.L.,Diesel DB5,23.95
2026-08-24,Lima,Lima,Los Olivos,ESTACION DE SERVICIOS LOS OLIVOS S. A. C.,Diesel DB5,24.50
2026-08-24,Lima,Lima,Los Olivos,ESTACION DE SERVICIOS OTOÑO S.A.C.,Diesel DB5,22.99
2026-08-24,Lima,Lima,Los Olivos,ESTACION LUIS HUGO S.A.C,Diesel DB5,23.25
2026-08-24,Lima,Lima,Los Olivos,G3A GRIFOS S.A.C.,Diesel DB5,23.85
2026-08-24,Lima,Lima,Los Olivos,GASOCENTRO AUFRA SOCIEDAD ANONIMA CERRADA-GAUFRA S.A.C.,Diesel DB5,22.49
2026-08-24,Lima,Lima,Los Olivos,GRIFO F & R S.A.C.,Diesel DB5,24.99
2026-08-24,Lima,Lima,Los Olivos,GRIFOS TESA,Diesel DB5,22.68
2026-08-24,Lima,Lima,Los Olivos,JEROT S.A.C.,Diesel DB5,26.99
2026-08-24,Lima,Lima,Los Olivos,KAMAGI CORPORACION DE SERVICIOS GENERALES S.A.C.,Diesel DB5,23.79
2026-08-24,Lima,Lima,Los Olivos,MULTISERVICIOS SANTA URSULA S.A.C.,Diesel DB5,24.98
2026-08-24,Lima,Lima,Los Olivos,SANFLOR FARMIN SAC,Diesel DB5,24.15
2026-08-24,Lima,Lima,Los Olivos,TRANSPORTE Y SERVICIOS GENERALES H & C S.A.C.,Diesel DB5,22.95
2026-08-24,Lima,Lima,Los Olivos,TRANSPORTES LAS VEGAS SA,Diesel DB5,24.65
2026-08-24,Lima,Lima,Los Olivos,ADA PEREGRINA GALVEZ TRONCOS,Gasolina Premium,21.77
2026-08-24,Lima,Lima,Los Olivos,ALTA VIDDA GAS S.A.C.,Gasolina Premium,21.97
2026-08-24,Lima,Lima,Los Olivos,COESTI TOMAS VALLE,Gasolina Premium,21.75
2026-08-24,Lima,Lima,Los Olivos,CORPORACION CAMAJEA S.A.C.,Gasolina Premium,21.39
2026-08-24,Lima,Lima,Los Olivos,CORPORACION OTOÑO S.A.C.,Gasolina Premium,21.48
2026-08-24,Lima,Lima,Los Olivos,CORPORACION PYX S.A.C.,Gasolina Premium,21.17
2026-08-24,Lima,Lima,Los Olivos,CYE GRIFOS SAC,Gasolina Premium,23.09
2026-08-24,Lima,Lima,Los Olivos,EMPRESA DE TRANSPORTES E IMPORTACIONES Y SERVICIOS  S.A.,Gasolina Premium,21.47
2026-08-24,Lima,Lima,Los Olivos,EMPRESA GRUPO QUINTO SA,Gasolina Premium,23.69
2026-08-24,Lima,Lima,Los Olivos,ESTACION DE SERVICIOS GRIFO MASTER S.R.L.,Gasolina Premium,21.85
2026-08-24,Lima,Lima,Los Olivos,ESTACION DE SERVICIOS LOS OLIVOS S. A. C.,Gasolina Premium,21.85
2026-08-24,Lima,Lima,Los Olivos,ESTACION DE SERVICIOS OTOÑO S.A.C.,Gasolina Premium,20.59
2026-08-24,Lima,Lima,Los Olivos,ESTACION LUIS HUGO S.A.C,Gasolina Premium,21.20
2026-08-24,Lima,Lima,Los Olivos,G3A GRIFOS S.A.C.,Gasolina Premium,21.49
2026-08-24,Lima,Lima,Los Olivos,GASOCENTRO AUFRA SOCIEDAD ANONIMA CERRADA-GAUFRA S.A.C.,Gasolina Premium,19.99
2026-08-24,Lima,Lima,Los Olivos,GRIFO F & R S.A.C.,Gasolina Premium,22.89
2026-08-24,Lima,Lima,Los Olivos,GRIFOS TESA,Gasolina Premium,20.16
2026-08-24,Lima,Lima,Los Olivos,JEROT S.A.C.,Gasolina Premium,24.19
2026-08-24,Lima,Lima,Los Olivos,KAMAGI CORPORACION DE SERVICIOS GENERALES S.A.C.,Gasolina Premium,21.48
2026-08-24,Lima,Lima,Los Olivos,MULTISERVICIOS SANTA URSULA S.A.C.,Gasolina Premium,21.46
2026-08-24,Lima,Lima,Los Olivos,SANFLOR FARMIN SAC,Gasolina Premium,22.73
2026-08-24,Lima,Lima,Los Olivos,TRANSPORTE Y SERVICIOS GENERALES H & C S.A.C.,Gasolina Premium,19.95
2026-08-24,Lima,Lima,Los Olivos,TRANSPORTES LAS VEGAS SA,Gasolina Premium,22.99
2026-08-24,Lima,Lima,Los Olivos,ADA PEREGRINA GALVEZ TRONCOS,Gasolina Regular,19.99
2026-08-24,Lima,Lima,Los Olivos,ALTA VIDDA GAS S.A.C.,Gasolina Regular,20.47
2026-08-24,Lima,Lima,Los Olivos,COESTI TOMAS VALLE,Gasolina Regular,20.19
2026-08-24,Lima,Lima,Los Olivos,CORPORACION CAMAJEA S.A.C.,Gasolina Regular,20.39
2026-08-24,Lima,Lima,Los Olivos,CORPORACION OTOÑO S.A.C.,Gasolina Regular,20.09
2026-08-24,Lima,Lima,Los Olivos,CORPORACION PYX S.A.C.,Gasolina Regular,20.57
2026-08-24,Lima,Lima,Los Olivos,CYE GRIFOS SAC,Gasolina Regular,20.79
2026-08-24,Lima,Lima,Los Olivos,EMPRESA DE TRANSPORTES E IMPORTACIONES Y SERVICIOS  S.A.,Gasolina Regular,20.47
2026-08-24,Lima,Lima,Los Olivos,EMPRESA GRUPO QUINTO SA,Gasolina Regular,21.99
2026-08-24,Lima,Lima,Los Olivos,ESTACION DE SERVICIOS GRIFO MASTER S.R.L.,Gasolina Regular,20.35
2026-08-24,Lima,Lima,Los Olivos,ESTACION DE SERVICIOS LOS OLIVOS S. A. C.,Gasolina Regular,20.35
2026-08-24,Lima,Lima,Los Olivos,ESTACION DE SERVICIOS OTOÑO S.A.C.,Gasolina Regular,19.68
2026-08-24,Lima,Lima,Los Olivos,ESTACION LUIS HUGO S.A.C,Gasolina Regular,19.80
2026-08-24,Lima,Lima,Los Olivos,G3A GRIFOS S.A.C.,Gasolina Regular,19.89
2026-08-24,Lima,Lima,Los Olivos,GASOCENTRO AUFRA SOCIEDAD ANONIMA CERRADA-GAUFRA S.A.C.,Gasolina Regular,18.95
2026-08-24,Lima,Lima,Los Olivos,GRIFO F & R S.A.C.,Gasolina Regular,21.89
2026-08-24,Lima,Lima,Los Olivos,GRIFOS TESA,Gasolina Regular,18.71
2026-08-24,Lima,Lima,Los Olivos,JEROT S.A.C.,Gasolina Regular,22.49
2026-08-24,Lima,Lima,Los Olivos,KAMAGI CORPORACION DE SERVICIOS GENERALES S.A.C.,Gasolina Regular,20.09
2026-08-24,Lima,Lima,Los Olivos,MULTISERVICIOS SANTA URSULA S.A.C.,Gasolina Regular,19.98
2026-08-24,Lima,Lima,Los Olivos,SANFLOR FARMIN SAC,Gasolina Regular,21.63
2026-08-24,Lima,Lima,Los Olivos,TRANSPORTE Y SERVICIOS GENERALES H & C S.A.C.,Gasolina Regular,18.70
2026-08-24,Lima,Lima,Los Olivos,TRANSPORTES LAS VEGAS SA,Gasolina Regular,21.99
2026-08-24,Lima,Lima,Lurigancho,A & L ADMINISTRACION S.A.C.,Diesel DB5,22.49
2026-08-24,Lima,Lima,Lurigancho,ADMINISTRACION DE GRIFOS LEP S.A.C.,Diesel DB5,23.59
2026-08-24,Lima,Lima,Lurigancho,ADMINISTRACION DE GRIFOS LEP S.A.C.,Diesel DB5,23.99
2026-08-24,Lima,Lima,Lurigancho,ATS AMERICA SAC,Diesel DB5,22.62
2026-08-24,Lima,Lima,Lurigancho,CLARIGO S.A.C.,Diesel DB5,22.49
2026-08-24,Lima,Lima,Lurigancho,CONSORCIO ORO NEGRO S.A.C.,Diesel DB5,23.53
2026-08-24,Lima,Lima,Lurigancho,ESTACION DE SERVICIOS BATMAN E.I.R.L,Diesel DB5,23.80
2026-08-24,Lima,Lima,Lurigancho,ESTACION DE SERVICIOS EL GODO S.A.C.,Diesel DB5,23.98
2026-08-24,Lima,Lima,Lurigancho,GRIFO RANESI SAC,Diesel DB5,23.39
2026-08-24,Lima,Lima,Lurigancho,GRIFO SANTO DOMINGO DE GUZMAN S.A.C.,Diesel DB5,23.35
2026-08-24,Lima,Lima,Lurigancho,GRIFOS LOS DELFINES JR,Diesel DB5,22.99
2026-08-24,Lima,Lima,Lurigancho,INVERSIONES AMAYA MORALES SAC,Diesel DB5,23.29
2026-08-24,Lima,Lima,Lurigancho,INVERSIONES M Y E S.A.C.,Diesel DB5,23.99
2026-08-24,Lima,Lima,Lurigancho,INVERSIONES M Y E S.A.C.,Diesel DB5,23.99
2026-08-24,Lima,Lima,Lurigancho,INVERSIONES M Y E S.A.C.,Diesel DB5,23.99
2026-08-24,Lima,Lima,Lurigancho,INVERSIONES MYE SAC,Diesel DB5,23.89
2026-08-24,Lima,Lima,Lurigancho,INVERSIONES MYE SAC,Diesel DB5,23.99
2026-08-24,Lima,Lima,Lurigancho,INVERSIONES Y SERVICIOS SEMBLAS E.I.R.L.,Diesel DB5,23.99
2026-08-24,Lima,Lima,Lurigancho,JC TRADING CORPORATION SAC,Diesel DB5,23.68
2026-08-24,Lima,Lima,Lurigancho,MOVILGAS S.R.L.,Diesel DB5,23.28
2026-08-24,Lima,Lima,Lurigancho,MULTISERVICIOS ECOGAS S.A.C.,Diesel DB5,22.69
2026-08-24,Lima,Lima,Lurigancho,NEGOCIACIONES & COMBUSTIBLES OSBERAL S.A.C.,Diesel DB5,24.66
2026-08-24,Lima,Lima,Lurigancho,NEGOCIACIONES ATENCIO S.A.C.,Diesel DB5,22.40
2026-08-24,Lima,Lima,Lurigancho,REPRESENTACIONES E IMPORTACIONES MIJ S.R.L.,Diesel DB5,23.49
2026-08-24,Lima,Lima,Lurigancho,S Y M COMERCIAL DEL PERU S.A.C.,Diesel DB5,23.89
2026-08-24,Lima,Lima,Lurigancho,SAN PEDRO COMBUSTIBLES S.R.L.,Diesel DB5,22.49
2026-08-24,Lima,Lima,Lurigancho,SERVICENTRO BERNY S.R.L.,Diesel DB5,23.39
2026-08-24,Lima,Lima,Lurigancho,SERVICENTRO EL PIONERO E.I.R.L.,Diesel DB5,23.49
2026-08-24,Lima,Lima,Lurigancho,SERVICIOS MULTIPLES SANTA CECILIA S.A.C.,Diesel DB5,23.49
2026-08-24,Lima,Lima,Lurigancho,SUSOLI S.R.L,Diesel DB5,23.79
2026-08-24,Lima,Lima,Lurigancho,A & L ADMINISTRACION S.A.C.,Gasolina Premium,19.81
2026-08-24,Lima,Lima,Lurigancho,ADMINISTRACION DE GRIFOS LEP S.A.C.,Gasolina Premium,21.59
2026-08-24,Lima,Lima,Lurigancho,ADMINISTRACION DE GRIFOS LEP S.A.C.,Gasolina Premium,21.99
2026-08-24,Lima,Lima,Lurigancho,ATS AMERICA SAC,Gasolina Premium,19.85
2026-08-24,Lima,Lima,Lurigancho,CLARIGO S.A.C.,Gasolina Premium,19.85
2026-08-24,Lima,Lima,Lurigancho,CONSORCIO ORO NEGRO S.A.C.,Gasolina Premium,21.89
2026-08-24,Lima,Lima,Lurigancho,ESTACION DE SERVICIOS BATMAN E.I.R.L,Gasolina Premium,20.93
2026-08-24,Lima,Lima,Lurigancho,ESTACION DE SERVICIOS EL GODO S.A.C.,Gasolina Premium,22.68
2026-08-24,Lima,Lima,Lurigancho,GRIFO RANESI SAC,Gasolina Premium,20.29
2026-08-24,Lima,Lima,Lurigancho,GRIFO SANTO DOMINGO DE GUZMAN S.A.C.,Gasolina Premium,20.39
2026-08-24,Lima,Lima,Lurigancho,GRIFOS LOS DELFINES JR,Gasolina Premium,19.97
2026-08-24,Lima,Lima,Lurigancho,INVERSIONES M Y E S.A.C.,Gasolina Premium,21.69
2026-08-24,Lima,Lima,Lurigancho,INVERSIONES M Y E S.A.C.,Gasolina Premium,21.69
2026-08-24,Lima,Lima,Lurigancho,INVERSIONES M Y E S.A.C.,Gasolina Premium,21.69
2026-08-24,Lima,Lima,Lurigancho,INVERSIONES MYE SAC,Gasolina Premium,21.69
2026-08-24,Lima,Lima,Lurigancho,INVERSIONES MYE SAC,Gasolina Premium,21.69
2026-08-24,Lima,Lima,Lurigancho,INVERSIONES Y SERVICIOS SEMBLAS E.I.R.L.,Gasolina Premium,21.99
2026-08-24,Lima,Lima,Lurigancho,JC TRADING CORPORATION SAC,Gasolina Premium,20.99
2026-08-24,Lima,Lima,Lurigancho,MOVILGAS S.R.L.,Gasolina Premium,20.38
2026-08-24,Lima,Lima,Lurigancho,MULTISERVICIOS ECOGAS S.A.C.,Gasolina Premium,20.29
2026-08-24,Lima,Lima,Lurigancho,NEGOCIACIONES & COMBUSTIBLES OSBERAL S.A.C.,Gasolina Premium,24.96
2026-08-24,Lima,Lima,Lurigancho,NEGOCIACIONES ATENCIO S.A.C.,Gasolina Premium,22.00
2026-08-24,Lima,Lima,Lurigancho,REPRESENTACIONES E IMPORTACIONES MIJ S.R.L.,Gasolina Premium,21.69
2026-08-24,Lima,Lima,Lurigancho,S Y M COMERCIAL DEL PERU S.A.C.,Gasolina Premium,21.19
2026-08-24,Lima,Lima,Lurigancho,SAN PEDRO COMBUSTIBLES S.R.L.,Gasolina Premium,19.83
2026-08-24,Lima,Lima,Lurigancho,SERVICENTRO BERNY S.R.L.,Gasolina Premium,20.89
2026-08-24,Lima,Lima,Lurigancho,SERVICENTRO EL PIONERO E.I.R.L.,Gasolina Premium,20.39
2026-08-24,Lima,Lima,Lurigancho,SERVICIOS MULTIPLES SANTA CECILIA S.A.C.,Gasolina Premium,20.59
2026-08-24,Lima,Lima,Lurigancho,SUSOLI S.R.L,Gasolina Premium,21.49
2026-08-24,Lima,Lima,Lurigancho,A & L ADMINISTRACION S.A.C.,Gasolina Regular,18.78
2026-08-24,Lima,Lima,Lurigancho,ADMINISTRACION DE GRIFOS LEP S.A.C.,Gasolina Regular,19.19
2026-08-24,Lima,Lima,Lurigancho,ADMINISTRACION DE GRIFOS LEP S.A.C.,Gasolina Regular,21.39
2026-08-24,Lima,Lima,Lurigancho,ATS AMERICA SAC,Gasolina Regular,18.99
2026-08-24,Lima,Lima,Lurigancho,CLARIGO S.A.C.,Gasolina Regular,19.49
2026-08-24,Lima,Lima,Lurigancho,CONSORCIO ORO NEGRO S.A.C.,Gasolina Regular,20.89
2026-08-24,Lima,Lima,Lurigancho,ESTACION DE SERVICIOS BATMAN E.I.R.L,Gasolina Regular,20.21
2026-08-24,Lima,Lima,Lurigancho,ESTACION DE SERVICIOS EL GODO S.A.C.,Gasolina Regular,21.98
2026-08-24,Lima,Lima,Lurigancho,GRIFO RANESI SAC,Gasolina Regular,18.99
2026-08-24,Lima,Lima,Lurigancho,GRIFO SANTO DOMINGO DE GUZMAN S.A.C.,Gasolina Regular,19.29
2026-08-24,Lima,Lima,Lurigancho,GRIFOS LOS DELFINES JR,Gasolina Regular,19.29
2026-08-24,Lima,Lima,Lurigancho,INVERSIONES AMAYA MORALES SAC,Gasolina Regular,19.79
2026-08-24,Lima,Lima,Lurigancho,INVERSIONES M Y E S.A.C.,Gasolina Regular,20.69
2026-08-24,Lima,Lima,Lurigancho,INVERSIONES M Y E S.A.C.,Gasolina Regular,20.69
2026-08-24,Lima,Lima,Lurigancho,INVERSIONES M Y E S.A.C.,Gasolina Regular,20.69
2026-08-24,Lima,Lima,Lurigancho,INVERSIONES MYE SAC,Gasolina Regular,20.69
2026-08-24,Lima,Lima,Lurigancho,INVERSIONES MYE SAC,Gasolina Regular,20.69
2026-08-24,Lima,Lima,Lurigancho,INVERSIONES Y SERVICIOS SEMBLAS E.I.R.L.,Gasolina Regular,20.99
2026-08-24,Lima,Lima,Lurigancho,JC TRADING CORPORATION SAC,Gasolina Regular,19.99
2026-08-24,Lima,Lima,Lurigancho,MOVILGAS S.R.L.,Gasolina Regular,19.25
2026-08-24,Lima,Lima,Lurigancho,MULTISERVICIOS ECOGAS S.A.C.,Gasolina Regular,19.49
2026-08-24,Lima,Lima,Lurigancho,NEGOCIACIONES & COMBUSTIBLES OSBERAL S.A.C.,Gasolina Regular,20.99
2026-08-24,Lima,Lima,Lurigancho,NEGOCIACIONES ATENCIO S.A.C.,Gasolina Regular,19.90
2026-08-24,Lima,Lima,Lurigancho,REPRESENTACIONES E IMPORTACIONES MIJ S.R.L.,Gasolina Regular,19.59
2026-08-24,Lima,Lima,Lurigancho,S Y M COMERCIAL DEL PERU S.A.C.,Gasolina Regular,20.29
2026-08-24,Lima,Lima,Lurigancho,SAN PEDRO COMBUSTIBLES S.R.L.,Gasolina Regular,19.20
2026-08-24,Lima,Lima,Lurigancho,SERVICENTRO BERNY S.R.L.,Gasolina Regular,19.49
2026-08-24,Lima,Lima,Lurigancho,SERVICENTRO EL PIONERO E.I.R.L.,Gasolina Regular,19.39
2026-08-24,Lima,Lima,Lurigancho,SERVICIOS MULTIPLES SANTA CECILIA S.A.C.,Gasolina Regular,19.29
2026-08-24,Lima,Lima,Lurigancho,SUSOLI S.R.L,Gasolina Regular,20.49
2026-08-24,Lima,Lima,Lurin,COESTI S.A SAN CARLOS,Diesel DB5,22.99
2026-08-24,Lima,Lima,Lurin,COESTI S.A.,Diesel DB5,22.95
2026-08-24,Lima,Lima,Lurin,COESTI S.A.,Diesel DB5,22.99
2026-08-24,Lima,Lima,Lurin,ENERGIGAS SAC,Diesel DB5,23.79
2026-08-24,Lima,Lima,Lurin,ESTACION DE SERVICIOS HERCO SAC,Diesel DB5,22.99
2026-08-24,Lima,Lima,Lurin,ESTACION DE SERVICIOS LOS NORTEÑOS S.A.C.,Diesel DB5,25.39
2026-08-24,Lima,Lima,Lurin,ESTACION DE SERVICIOS LURIN S.A.C.,Diesel DB5,22.95
2026-08-24,Lima,Lima,Lurin,FERRETERIA HUERTOS DE SANTA ROSA S.A.C.,Diesel DB5,23.05
2026-08-24,Lima,Lima,Lurin,GLOBAL FUEL S.A.,Diesel DB5,22.42
2026-08-24,Lima,Lima,Lurin,GO COMBUSTIBLES 8 S.A.C.,Diesel DB5,22.99
2026-08-24,Lima,Lima,Lurin,GRIFO NUEVO LURIN S.A.C.,Diesel DB5,22.15
2026-08-24,Lima,Lima,Lurin,GRIFO PERLITA SAC,Diesel DB5,23.79
2026-08-24,Lima,Lima,Lurin,GRIFO TIMON II,Diesel DB5,22.42
2026-08-24,Lima,Lima,Lurin,INVERSIONES NOBAL S.A.C.,Diesel DB5,23.99
2026-08-24,Lima,Lima,Lurin,NEGOCIACION KIO S.A.C. LURIN,Diesel DB5,22.42
2026-08-24,Lima,Lima,Lurin,RUBI ERMELINDA UGAZ DE GAMARRA,Diesel DB5,24.30
2026-08-24,Lima,Lima,Lurin,TRIMAXSUR S.A.,Diesel DB5,22.79
2026-08-24,Lima,Lima,Lurin,COESTI S.A SAN CARLOS,Gasolina Premium,20.99
2026-08-24,Lima,Lima,Lurin,COESTI S.A.,Gasolina Premium,20.75
2026-08-24,Lima,Lima,Lurin,COESTI S.A.,Gasolina Premium,20.99
2026-08-24,Lima,Lima,Lurin,ENERGIGAS SAC,Gasolina Premium,20.39
2026-08-24,Lima,Lima,Lurin,ESTACION DE SERVICIOS HERCO SAC,Gasolina Premium,19.75
2026-08-24,Lima,Lima,Lurin,ESTACION DE SERVICIOS LOS NORTEÑOS S.A.C.,Gasolina Premium,22.09
2026-08-24,Lima,Lima,Lurin,ESTACION DE SERVICIOS LURIN S.A.C.,Gasolina Premium,19.94
2026-08-24,Lima,Lima,Lurin,FERRETERIA HUERTOS DE SANTA ROSA S.A.C.,Gasolina Premium,20.50
2026-08-24,Lima,Lima,Lurin,GLOBAL FUEL S.A.,Gasolina Premium,19.32
2026-08-24,Lima,Lima,Lurin,GO COMBUSTIBLES 8 S.A.C.,Gasolina Premium,20.95
2026-08-24,Lima,Lima,Lurin,GRIFO NUEVO LURIN S.A.C.,Gasolina Premium,19.75
2026-08-24,Lima,Lima,Lurin,GRIFO PERLITA SAC,Gasolina Premium,21.19
2026-08-24,Lima,Lima,Lurin,GRIFO TIMON II,Gasolina Premium,19.94
2026-08-24,Lima,Lima,Lurin,INVERSIONES NOBAL S.A.C.,Gasolina Premium,22.99
2026-08-24,Lima,Lima,Lurin,NEGOCIACION KIO S.A.C. LURIN,Gasolina Premium,19.32
2026-08-24,Lima,Lima,Lurin,RUBI ERMELINDA UGAZ DE GAMARRA,Gasolina Premium,21.20
2026-08-24,Lima,Lima,Lurin,TRIMAXSUR S.A.,Gasolina Premium,20.19
2026-08-24,Lima,Lima,Lurin,COESTI S.A SAN CARLOS,Gasolina Regular,18.99
2026-08-24,Lima,Lima,Lurin,COESTI S.A.,Gasolina Regular,18.99
2026-08-24,Lima,Lima,Lurin,COESTI S.A.,Gasolina Regular,18.99
2026-08-24,Lima,Lima,Lurin,ENERGIGAS SAC,Gasolina Regular,19.79
2026-08-24,Lima,Lima,Lurin,ESTACION DE SERVICIOS HERCO SAC,Gasolina Regular,18.99
2026-08-24,Lima,Lima,Lurin,ESTACION DE SERVICIOS LOS NORTEÑOS S.A.C.,Gasolina Regular,20.86
2026-08-24,Lima,Lima,Lurin,ESTACION DE SERVICIOS LURIN S.A.C.,Gasolina Regular,19.25
2026-08-24,Lima,Lima,Lurin,FERRETERIA HUERTOS DE SANTA ROSA S.A.C.,Gasolina Regular,19.50
2026-08-24,Lima,Lima,Lurin,GLOBAL FUEL S.A.,Gasolina Regular,18.99
2026-08-24,Lima,Lima,Lurin,GO COMBUSTIBLES 8 S.A.C.,Gasolina Regular,19.59
2026-08-24,Lima,Lima,Lurin,GRIFO NUEVO LURIN S.A.C.,Gasolina Regular,19.29
2026-08-24,Lima,Lima,Lurin,GRIFO PERLITA SAC,Gasolina Regular,20.19
2026-08-24,Lima,Lima,Lurin,GRIFO TIMON II,Gasolina Regular,19.49
2026-08-24,Lima,Lima,Lurin,INVERSIONES NOBAL S.A.C.,Gasolina Regular,20.99
2026-08-24,Lima,Lima,Lurin,NEGOCIACION KIO S.A.C. LURIN,Gasolina Regular,18.99
2026-08-24,Lima,Lima,Lurin,RUBI ERMELINDA UGAZ DE GAMARRA,Gasolina Regular,20.20
2026-08-24,Lima,Lima,Lurin,TRIMAXSUR S.A.,Gasolina Regular,19.39
2026-08-24,Lima,Lima,Magdalena Del Mar,COESTI S.A,Diesel DB5,24.99
2026-08-24,Lima,Lima,Magdalena Del Mar,COESTI S.A.,Diesel DB5,24.99
2026-08-24,Lima,Lima,Magdalena Del Mar,COESTI SA,Diesel DB5,23.99
2026-08-24,Lima,Lima,Magdalena Del Mar,COESTI SA,Diesel DB5,24.49
2026-08-24,Lima,Lima,Magdalena Del Mar,GRIFOS ESPINOZA S. A.,Diesel DB5,25.99
2026-08-24,Lima,Lima,Magdalena Del Mar,PETROCENTRO YULIA S.A.C.,Diesel DB5,24.99
2026-08-24,Lima,Lima,Magdalena Del Mar,COESTI S.A,Gasolina Premium,21.99
2026-08-24,Lima,Lima,Magdalena Del Mar,COESTI S.A.,Gasolina Premium,22.99
2026-08-24,Lima,Lima,Magdalena Del Mar,COESTI SA,Gasolina Premium,21.99
2026-08-24,Lima,Lima,Magdalena Del Mar,COESTI SA,Gasolina Premium,22.99
2026-08-24,Lima,Lima,Magdalena Del Mar,GRIFOS ESPINOZA S. A.,Gasolina Premium,21.99
2026-08-24,Lima,Lima,Magdalena Del Mar,PETROCENTRO YULIA S.A.C.,Gasolina Premium,21.99
2026-08-24,Lima,Lima,Magdalena Del Mar,COESTI S.A,Gasolina Regular,20.69
2026-08-24,Lima,Lima,Magdalena Del Mar,COESTI S.A.,Gasolina Regular,20.99
2026-08-24,Lima,Lima,Magdalena Del Mar,COESTI SA,Gasolina Regular,20.29
2026-08-24,Lima,Lima,Magdalena Del Mar,COESTI SA,Gasolina Regular,20.99
2026-08-24,Lima,Lima,Magdalena Del Mar,GRIFOS ESPINOZA S. A.,Gasolina Regular,20.99
2026-08-24,Lima,Lima,Magdalena Del Mar,PETROCENTRO YULIA S.A.C.,Gasolina Regular,21.99
2026-08-24,Lima,Lima,Miraflores,COESTI S.A,Diesel DB5,23.99
2026-08-24,Lima,Lima,Miraflores,COESTI S.A,Diesel DB5,23.99
2026-08-24,Lima,Lima,Miraflores,COESTI S.A.,Diesel DB5,23.99
2026-08-24,Lima,Lima,Miraflores,COESTI S.A.,Diesel DB5,23.99
2026-08-24,Lima,Lima,Miraflores,COESTI S.A.,Diesel DB5,24.49
2026-08-24,Lima,Lima,Miraflores,COESTI SA,Diesel DB5,24.99
2026-08-24,Lima,Lima,Miraflores,ESTACION BELEN,Diesel DB5,26.99
2026-08-24,Lima,Lima,Miraflores,GLOBAL FUEL S.A.,Diesel DB5,24.99
2026-08-24,Lima,Lima,Miraflores,GLOBAL FUEL S.A.,Diesel DB5,26.99
2026-08-24,Lima,Lima,Miraflores,J.W. OLIVER S.A.C.,Diesel DB5,23.59
2026-08-24,Lima,Lima,Miraflores,PRIMAX ARMENDARIZ,Diesel DB5,23.99
2026-08-24,Lima,Lima,Miraflores,REPSOL COMERCIAL  S.A.C.,Diesel DB5,26.49
2026-08-24,Lima,Lima,Miraflores,REPSOL COMERCIAL S.A.C,Diesel DB5,26.49
2026-08-24,Lima,Lima,Miraflores,REPSOL COMERCIAL S.A.C.,Diesel DB5,26.49
2026-08-24,Lima,Lima,Miraflores,REPSOL COMERCIAL S.A.C.,Diesel DB5,26.49
2026-08-24,Lima,Lima,Miraflores,REPSOL COMERCIAL S.A.C.,Diesel DB5,26.49
2026-08-24,Lima,Lima,Miraflores,REPSOL COMERCIAL S.A.C.,Diesel DB5,26.49
2026-08-24,Lima,Lima,Miraflores,REPSOL COMERCIAL S.A.C.,Diesel DB5,26.49
2026-08-24,Lima,Lima,Miraflores,REPSOL COMERCIAL S.A.C.,Diesel DB5,26.49
2026-08-24,Lima,Lima,Miraflores,REPSOL COMERCIAL S.A.C.,Diesel DB5,26.49
2026-08-24,Lima,Lima,Miraflores,COESTI S.A,Gasolina Premium,21.29
2026-08-24,Lima,Lima,Miraflores,COESTI S.A,Gasolina Premium,21.39
2026-08-24,Lima,Lima,Miraflores,COESTI S.A.,Gasolina Premium,20.99
2026-08-24,Lima,Lima,Miraflores,COESTI S.A.,Gasolina Premium,21.59
2026-08-24,Lima,Lima,Miraflores,COESTI S.A.,Gasolina Premium,23.99
2026-08-24,Lima,Lima,Miraflores,COESTI SA,Gasolina Premium,22.49
2026-08-24,Lima,Lima,Miraflores,ESTACION BELEN,Gasolina Premium,26.99
2026-08-24,Lima,Lima,Miraflores,GLOBAL FUEL S.A.,Gasolina Premium,21.99
2026-08-24,Lima,Lima,Miraflores,GLOBAL FUEL S.A.,Gasolina Premium,26.99
2026-08-24,Lima,Lima,Miraflores,J.W. OLIVER S.A.C.,Gasolina Premium,20.69
2026-08-24,Lima,Lima,Miraflores,PRIMAX ARMENDARIZ,Gasolina Premium,21.99
2026-08-24,Lima,Lima,Miraflores,REPSOL COMERCIAL  S.A.C.,Gasolina Premium,24.99
2026-08-24,Lima,Lima,Miraflores,REPSOL COMERCIAL S.A.C,Gasolina Premium,21.99
2026-08-24,Lima,Lima,Miraflores,REPSOL COMERCIAL S.A.C.,Gasolina Premium,24.99
2026-08-24,Lima,Lima,Miraflores,REPSOL COMERCIAL S.A.C.,Gasolina Premium,24.99
2026-08-24,Lima,Lima,Miraflores,REPSOL COMERCIAL S.A.C.,Gasolina Premium,25.99
2026-08-24,Lima,Lima,Miraflores,REPSOL COMERCIAL S.A.C.,Gasolina Premium,25.99
2026-08-24,Lima,Lima,Miraflores,REPSOL COMERCIAL S.A.C.,Gasolina Premium,25.99
2026-08-24,Lima,Lima,Miraflores,REPSOL COMERCIAL S.A.C.,Gasolina Premium,25.99
2026-08-24,Lima,Lima,Miraflores,REPSOL COMERCIAL S.A.C.,Gasolina Premium,25.99
2026-08-24,Lima,Lima,Miraflores,COESTI S.A,Gasolina Regular,19.99
2026-08-24,Lima,Lima,Miraflores,COESTI S.A,Gasolina Regular,19.99
2026-08-24,Lima,Lima,Miraflores,COESTI S.A.,Gasolina Regular,19.99
2026-08-24,Lima,Lima,Miraflores,COESTI S.A.,Gasolina Regular,19.99
2026-08-24,Lima,Lima,Miraflores,COESTI S.A.,Gasolina Regular,21.99
2026-08-24,Lima,Lima,Miraflores,COESTI SA,Gasolina Regular,20.49
2026-08-24,Lima,Lima,Miraflores,ESTACION BELEN,Gasolina Regular,24.99
2026-08-24,Lima,Lima,Miraflores,GLOBAL FUEL S.A.,Gasolina Regular,20.59
2026-08-24,Lima,Lima,Miraflores,GLOBAL FUEL S.A.,Gasolina Regular,25.89
2026-08-24,Lima,Lima,Miraflores,J.W. OLIVER S.A.C.,Gasolina Regular,19.29
2026-08-24,Lima,Lima,Miraflores,PRIMAX ARMENDARIZ,Gasolina Regular,19.99
2026-08-24,Lima,Lima,Miraflores,REPSOL COMERCIAL  S.A.C.,Gasolina Regular,22.99
2026-08-24,Lima,Lima,Miraflores,REPSOL COMERCIAL S.A.C,Gasolina Regular,19.99
2026-08-24,Lima,Lima,Miraflores,REPSOL COMERCIAL S.A.C.,Gasolina Regular,22.99
2026-08-24,Lima,Lima,Miraflores,REPSOL COMERCIAL S.A.C.,Gasolina Regular,22.99
2026-08-24,Lima,Lima,Miraflores,REPSOL COMERCIAL S.A.C.,Gasolina Regular,22.99
2026-08-24,Lima,Lima,Miraflores,REPSOL COMERCIAL S.A.C.,Gasolina Regular,22.99
2026-08-24,Lima,Lima,Miraflores,REPSOL COMERCIAL S.A.C.,Gasolina Regular,22.99
2026-08-24,Lima,Lima,Miraflores,REPSOL COMERCIAL S.A.C.,Gasolina Regular,22.99
2026-08-24,Lima,Lima,Miraflores,REPSOL COMERCIAL S.A.C.,Gasolina Regular,23.99
2026-08-24,Lima,Lima,Pachacamac,COESTI S.A.,Diesel DB5,24.75
2026-08-24,Lima,Lima,Pachacamac,EMPRESA DE SERVICIOS MULTIPLES LOS LAURELES DE MANCHAY S.A.C.,Diesel DB5,23.99
2026-08-24,Lima,Lima,Pachacamac,ESTACION DE SERVICIOS GRECS S.R.L,Diesel DB5,23.99
2026-08-24,Lima,Lima,Pachacamac,ESTACION DE SERVICIOS PACHACAMAC S.A.C.,Diesel DB5,22.96
2026-08-24,Lima,Lima,Pachacamac,ESTACION PETROGAS SUR S.A.C.,Diesel DB5,23.49
2026-08-24,Lima,Lima,Pachacamac,GASOCENTRO CHASQUI S.A.C.,Diesel DB5,23.92
2026-08-24,Lima,Lima,Pachacamac,GRIFO MONTOYA,Diesel DB5,23.09
2026-08-24,Lima,Lima,Pachacamac,GRIFOS TERESA DE CALCUTA S.A.C,Diesel DB5,22.89
2026-08-24,Lima,Lima,Pachacamac,KINGAS S.A.C.,Diesel DB5,23.92
2026-08-24,Lima,Lima,Pachacamac,NEGOCIACIÓN KIO S.A.C. PACHACAMAC,Diesel DB5,22.45
2026-08-24,Lima,Lima,Pachacamac,OPERADORES PERUANOS DE GESTIONES INTEGRALES S.A.C.,Diesel DB5,23.49
2026-08-24,Lima,Lima,Pachacamac,REPSOL COMERCIAL SAC,Diesel DB5,26.49
2026-08-24,Lima,Lima,Pachacamac,SERVICENTRO PETRO GAS S.A.C.,Diesel DB5,24.65
2026-08-24,Lima,Lima,Pachacamac,COESTI S.A.,Gasolina Premium,22.65
2026-08-24,Lima,Lima,Pachacamac,EMPRESA DE SERVICIOS MULTIPLES LOS LAURELES DE MANCHAY S.A.C.,Gasolina Premium,20.89
2026-08-24,Lima,Lima,Pachacamac,ESTACION DE SERVICIOS GRECS S.R.L,Gasolina Premium,20.53
2026-08-24,Lima,Lima,Pachacamac,ESTACION DE SERVICIOS PACHACAMAC S.A.C.,Gasolina Premium,20.34
2026-08-24,Lima,Lima,Pachacamac,ESTACION PETROGAS SUR S.A.C.,Gasolina Premium,20.59
2026-08-24,Lima,Lima,Pachacamac,GASOCENTRO CHASQUI S.A.C.,Gasolina Premium,20.99
2026-08-24,Lima,Lima,Pachacamac,GRIFO MONTOYA,Gasolina Premium,20.99
2026-08-24,Lima,Lima,Pachacamac,GRIFOS TERESA DE CALCUTA S.A.C,Gasolina Premium,20.39
2026-08-24,Lima,Lima,Pachacamac,KINGAS S.A.C.,Gasolina Premium,21.91
2026-08-24,Lima,Lima,Pachacamac,NEGOCIACIÓN KIO S.A.C. PACHACAMAC,Gasolina Premium,19.94
2026-08-24,Lima,Lima,Pachacamac,OPERADORES PERUANOS DE GESTIONES INTEGRALES S.A.C.,Gasolina Premium,20.59
2026-08-24,Lima,Lima,Pachacamac,REPSOL COMERCIAL SAC,Gasolina Premium,21.29
2026-08-24,Lima,Lima,Pachacamac,SERVICENTRO PETRO GAS S.A.C.,Gasolina Premium,22.33
2026-08-24,Lima,Lima,Pachacamac,COESTI S.A.,Gasolina Regular,21.05
2026-08-24,Lima,Lima,Pachacamac,EMPRESA DE SERVICIOS MULTIPLES LOS LAURELES DE MANCHAY S.A.C.,Gasolina Regular,19.99
2026-08-24,Lima,Lima,Pachacamac,ESTACION DE SERVICIOS GRECS S.R.L,Gasolina Regular,19.87
2026-08-24,Lima,Lima,Pachacamac,ESTACION DE SERVICIOS PACHACAMAC S.A.C.,Gasolina Regular,19.79
2026-08-24,Lima,Lima,Pachacamac,ESTACION PETROGAS SUR S.A.C.,Gasolina Regular,19.59
2026-08-24,Lima,Lima,Pachacamac,GASOCENTRO CHASQUI S.A.C.,Gasolina Regular,19.89
2026-08-24,Lima,Lima,Pachacamac,GRIFO MONTOYA,Gasolina Regular,19.99
2026-08-24,Lima,Lima,Pachacamac,GRIFOS TERESA DE CALCUTA S.A.C,Gasolina Regular,19.69
2026-08-24,Lima,Lima,Pachacamac,KINGAS S.A.C.,Gasolina Regular,20.79
2026-08-24,Lima,Lima,Pachacamac,NEGOCIACIÓN KIO S.A.C. PACHACAMAC,Gasolina Regular,19.25
2026-08-24,Lima,Lima,Pachacamac,OPERADORES PERUANOS DE GESTIONES INTEGRALES S.A.C.,Gasolina Regular,19.59
2026-08-24,Lima,Lima,Pachacamac,REPSOL COMERCIAL SAC,Gasolina Regular,19.99
2026-08-24,Lima,Lima,Pachacamac,SERVICENTRO PETRO GAS S.A.C.,Gasolina Regular,20.95
2026-08-24,Lima,Lima,Pucusana,ASOCIACION GREMIO DE PESCADORES DE PUCUSANA,Diesel DB5,23.77
2026-08-24,Lima,Lima,Pucusana,INVERSIONES Y ASESORAMIENTO ESCORPIO S.A.C.,Diesel DB5,22.89
2026-08-24,Lima,Lima,Pucusana,INVERSIONES Y ASESORAMIENTO ESCORPIO S.A.C.,Diesel DB5,23.29
2026-08-24,Lima,Lima,Pucusana,MULTISERVICIOS ECOGAS S.A.C.,Diesel DB5,22.49
2026-08-24,Lima,Lima,Pucusana,SERVICENTRO JABSA S.A.,Diesel DB5,24.69
2026-08-24,Lima,Lima,Pucusana,INVERSIONES Y ASESORAMIENTO ESCORPIO S.A.C.,Gasolina Premium,20.99
2026-08-24,Lima,Lima,Pucusana,INVERSIONES Y ASESORAMIENTO ESCORPIO S.A.C.,Gasolina Premium,21.49
2026-08-24,Lima,Lima,Pucusana,MULTISERVICIOS ECOGAS S.A.C.,Gasolina Premium,19.99
2026-08-24,Lima,Lima,Pucusana,SERVICENTRO JABSA S.A.,Gasolina Premium,20.59
2026-08-24,Lima,Lima,Pucusana,ASOCIACION GREMIO DE PESCADORES DE PUCUSANA,Gasolina Regular,18.81
2026-08-24,Lima,Lima,Pucusana,INVERSIONES Y ASESORAMIENTO ESCORPIO S.A.C.,Gasolina Regular,19.29
2026-08-24,Lima,Lima,Pucusana,INVERSIONES Y ASESORAMIENTO ESCORPIO S.A.C.,Gasolina Regular,19.69
2026-08-24,Lima,Lima,Pucusana,MULTISERVICIOS ECOGAS S.A.C.,Gasolina Regular,19.19
2026-08-24,Lima,Lima,Pucusana,SERVICENTRO JABSA S.A.,Gasolina Regular,19.59
2026-08-24,Lima,Lima,Pueblo Libre,COESTI S.A.,Diesel DB5,24.29
2026-08-24,Lima,Lima,Pueblo Libre,COESTI SA,Diesel DB5,24.99
2026-08-24,Lima,Lima,Pueblo Libre,ENERGIGAS SAC,Diesel DB5,24.15
2026-08-24,Lima,Lima,Pueblo Libre,GAS POINT S.A.C,Diesel DB5,24.49
2026-08-24,Lima,Lima,Pueblo Libre,GLOBAL FUEL S.A.,Diesel DB5,24.99
2026-08-24,Lima,Lima,Pueblo Libre,GLOBAL FUEL S.A.,Diesel DB5,25.99
2026-08-24,Lima,Lima,Pueblo Libre,MARINA GAS S.A.C.,Diesel DB5,24.19
2026-08-24,Lima,Lima,Pueblo Libre,REPSOL COMERCIAL S.A.C,Diesel DB5,25.99
2026-08-24,Lima,Lima,Pueblo Libre,REPSOL COMERCIAL S.A.C,Diesel DB5,26.49
2026-08-24,Lima,Lima,Pueblo Libre,SERVICENTRO HERBERT MEZA CACEDA E.I.R.L.,Diesel DB5,24.69
2026-08-24,Lima,Lima,Pueblo Libre,SERVICENTRO SANTA CECILIA S.A.C.,Diesel DB5,24.49
2026-08-24,Lima,Lima,Pueblo Libre,COESTI S.A.,Gasolina Premium,21.39
2026-08-24,Lima,Lima,Pueblo Libre,COESTI SA,Gasolina Premium,21.09
2026-08-24,Lima,Lima,Pueblo Libre,ENERGIGAS SAC,Gasolina Premium,21.15
2026-08-24,Lima,Lima,Pueblo Libre,GAS POINT S.A.C,Gasolina Premium,22.39
2026-08-24,Lima,Lima,Pueblo Libre,GLOBAL FUEL S.A.,Gasolina Premium,21.09
2026-08-24,Lima,Lima,Pueblo Libre,GLOBAL FUEL S.A.,Gasolina Premium,25.99
2026-08-24,Lima,Lima,Pueblo Libre,MARINA GAS S.A.C.,Gasolina Premium,21.18
2026-08-24,Lima,Lima,Pueblo Libre,REPSOL COMERCIAL S.A.C,Gasolina Premium,21.89
2026-08-24,Lima,Lima,Pueblo Libre,REPSOL COMERCIAL S.A.C,Gasolina Premium,21.99
2026-08-24,Lima,Lima,Pueblo Libre,SERVICENTRO HERBERT MEZA CACEDA E.I.R.L.,Gasolina Premium,21.99
2026-08-24,Lima,Lima,Pueblo Libre,SERVICENTRO SANTA CECILIA S.A.C.,Gasolina Premium,21.09
2026-08-24,Lima,Lima,Pueblo Libre,COESTI S.A.,Gasolina Regular,19.65
2026-08-24,Lima,Lima,Pueblo Libre,COESTI SA,Gasolina Regular,20.19
2026-08-24,Lima,Lima,Pueblo Libre,ENERGIGAS SAC,Gasolina Regular,19.85
2026-08-24,Lima,Lima,Pueblo Libre,GAS POINT S.A.C,Gasolina Regular,21.39
2026-08-24,Lima,Lima,Pueblo Libre,GLOBAL FUEL S.A.,Gasolina Regular,20.19
2026-08-24,Lima,Lima,Pueblo Libre,GLOBAL FUEL S.A.,Gasolina Regular,23.99
2026-08-24,Lima,Lima,Pueblo Libre,MARINA GAS S.A.C.,Gasolina Regular,19.87
2026-08-24,Lima,Lima,Pueblo Libre,REPSOL COMERCIAL S.A.C,Gasolina Regular,20.35
2026-08-24,Lima,Lima,Pueblo Libre,REPSOL COMERCIAL S.A.C,Gasolina Regular,20.99
2026-08-24,Lima,Lima,Pueblo Libre,SERVICENTRO HERBERT MEZA CACEDA E.I.R.L.,Gasolina Regular,19.69
2026-08-24,Lima,Lima,Pueblo Libre,SERVICENTRO SANTA CECILIA S.A.C.,Gasolina Regular,20.19
2026-08-24,Lima,Lima,Puente Piedra,ASIA GRIFOS Y SERVICIOS GENERALES SOCIEDAD ANONIMA CERRADA,Diesel DB5,23.19
2026-08-24,Lima,Lima,Puente Piedra,AVRIL COMPAÑIA DE ENERGIA Y CONSTRUCCION S.A.C.,Diesel DB5,23.48
2026-08-24,Lima,Lima,Puente Piedra,COESTI S.A.,Diesel DB5,24.99
2026-08-24,Lima,Lima,Puente Piedra,COESTI SA,Diesel DB5,24.99
2026-08-24,Lima,Lima,Puente Piedra,COESTI SA,Diesel DB5,24.99
2026-08-24,Lima,Lima,Puente Piedra,CONSORCIO EL NORTENO SAC,Diesel DB5,23.69
2026-08-24,Lima,Lima,Puente Piedra,EMPRESA DE TRANSPORTES PERU S.A.,Diesel DB5,24.50
2026-08-24,Lima,Lima,Puente Piedra,EMPRESA DE TRANSPORTES Y SERVICIOS VIRGEN DE LA PUERTA S.A.,Diesel DB5,23.19
2026-08-24,Lima,Lima,Puente Piedra,ENERGIGAS SAC,Diesel DB5,23.25
2026-08-24,Lima,Lima,Puente Piedra,ENERGY OIL COMPANY S.A.C.,Diesel DB5,23.15
2026-08-24,Lima,Lima,Puente Piedra,ESTACION DE SERVICIOS PASO DE LOS ANDES S.A.C.,Diesel DB5,23.29
2026-08-24,Lima,Lima,Puente Piedra,FERCOR,Diesel DB5,24.98
2026-08-24,Lima,Lima,Puente Piedra,GRIFO SAN BARTOLOME E.I.R.L.,Diesel DB5,23.50
2026-08-24,Lima,Lima,Puente Piedra,GRIFO SR DE HUAMANTANGA EIRL,Diesel DB5,23.95
2026-08-24,Lima,Lima,Puente Piedra,GRIFOS ESPINOZA S.A.,Diesel DB5,24.19
2026-08-24,Lima,Lima,Puente Piedra,GROUP SAMUSA S.A.C.,Diesel DB5,22.99
2026-08-24,Lima,Lima,Puente Piedra,HI GAS S.A.C.,Diesel DB5,24.49
2026-08-24,Lima,Lima,Puente Piedra,INVERS SCJ ONOFRE E.I.R.L.,Diesel DB5,22.99
2026-08-24,Lima,Lima,Puente Piedra,INVERSIONES ELCHER S.A.C.,Diesel DB5,23.10
2026-08-24,Lima,Lima,Puente Piedra,INVERSIONES GENERALES DILEO PERU,Diesel DB5,22.99
2026-08-24,Lima,Lima,Puente Piedra,INVERSIONES SANTISIMA TRINIDAD S.A.C.,Diesel DB5,22.99
2026-08-24,Lima,Lima,Puente Piedra,ONCAP S.A.C.,Diesel DB5,23.89
2026-08-24,Lima,Lima,Puente Piedra,PETRO EXPLORIUM S.A.C.,Diesel DB5,22.99
2026-08-24,Lima,Lima,Puente Piedra,POWER PETROLEUM COMPANY SAC,Diesel DB5,22.69
2026-08-24,Lima,Lima,Puente Piedra,REPSOL COMERCIAL S.A.C.,Diesel DB5,25.99
2026-08-24,Lima,Lima,Puente Piedra,REPSOL COMERCIAL S.A.C.,Diesel DB5,26.49
2026-08-24,Lima,Lima,Puente Piedra,SERVICENTRO EL NARANJITO S.A.C.,Diesel DB5,24.49
2026-08-24,Lima,Lima,Puente Piedra,SERVICENTRO PASAMAYO S.A.C.,Diesel DB5,22.99
2026-08-24,Lima,Lima,Puente Piedra,SERVICENTRO PASAMAYO S.A.C.,Diesel DB5,23.29
2026-08-24,Lima,Lima,Puente Piedra,TRANSERVIS PACIFICO S.A.C.,Diesel DB5,23.19
2026-08-24,Lima,Lima,Puente Piedra,ASIA GRIFOS Y SERVICIOS GENERALES SOCIEDAD ANONIMA CERRADA,Gasolina Premium,20.99
2026-08-24,Lima,Lima,Puente Piedra,AVRIL COMPAÑIA DE ENERGIA Y CONSTRUCCION S.A.C.,Gasolina Premium,20.48
2026-08-24,Lima,Lima,Puente Piedra,COESTI S.A.,Gasolina Premium,22.65
2026-08-24,Lima,Lima,Puente Piedra,COESTI SA,Gasolina Premium,20.49
2026-08-24,Lima,Lima,Puente Piedra,COESTI SA,Gasolina Premium,20.65
2026-08-24,Lima,Lima,Puente Piedra,CONSORCIO EL NORTENO SAC,Gasolina Premium,20.19
2026-08-24,Lima,Lima,Puente Piedra,EMPRESA DE TRANSPORTES Y SERVICIOS VIRGEN DE LA PUERTA S.A.,Gasolina Premium,20.29
2026-08-24,Lima,Lima,Puente Piedra,ENERGIGAS SAC,Gasolina Premium,21.05
2026-08-24,Lima,Lima,Puente Piedra,ENERGY OIL COMPANY S.A.C.,Gasolina Premium,20.94
2026-08-24,Lima,Lima,Puente Piedra,ESTACION DE SERVICIOS PASO DE LOS ANDES S.A.C.,Gasolina Premium,20.79
2026-08-24,Lima,Lima,Puente Piedra,FERCOR,Gasolina Premium,22.65
2026-08-24,Lima,Lima,Puente Piedra,GRIFO SAN BARTOLOME E.I.R.L.,Gasolina Premium,21.50
2026-08-24,Lima,Lima,Puente Piedra,GRIFO SR DE HUAMANTANGA EIRL,Gasolina Premium,22.50
2026-08-24,Lima,Lima,Puente Piedra,GRIFOS ESPINOZA S.A.,Gasolina Premium,20.99
2026-08-24,Lima,Lima,Puente Piedra,GROUP SAMUSA S.A.C.,Gasolina Premium,20.15
2026-08-24,Lima,Lima,Puente Piedra,HI GAS S.A.C.,Gasolina Premium,22.65
2026-08-24,Lima,Lima,Puente Piedra,INVERS SCJ ONOFRE E.I.R.L.,Gasolina Premium,20.15
2026-08-24,Lima,Lima,Puente Piedra,INVERSIONES ELCHER S.A.C.,Gasolina Premium,20.94
2026-08-24,Lima,Lima,Puente Piedra,INVERSIONES GENERALES DILEO PERU,Gasolina Premium,20.29
2026-08-24,Lima,Lima,Puente Piedra,INVERSIONES SANTISIMA TRINIDAD S.A.C.,Gasolina Premium,20.59
2026-08-24,Lima,Lima,Puente Piedra,PETRO EXPLORIUM S.A.C.,Gasolina Premium,20.15
2026-08-24,Lima,Lima,Puente Piedra,POWER PETROLEUM COMPANY SAC,Gasolina Premium,20.59
2026-08-24,Lima,Lima,Puente Piedra,REPSOL COMERCIAL S.A.C.,Gasolina Premium,20.99
2026-08-24,Lima,Lima,Puente Piedra,REPSOL COMERCIAL S.A.C.,Gasolina Premium,21.19
2026-08-24,Lima,Lima,Puente Piedra,SERVICENTRO EL NARANJITO S.A.C.,Gasolina Premium,21.49
2026-08-24,Lima,Lima,Puente Piedra,SERVICENTRO PASAMAYO S.A.C.,Gasolina Premium,20.19
2026-08-24,Lima,Lima,Puente Piedra,SERVICENTRO PASAMAYO S.A.C.,Gasolina Premium,20.39
2026-08-24,Lima,Lima,Puente Piedra,TRANSERVIS PACIFICO S.A.C.,Gasolina Premium,20.56
2026-08-24,Lima,Lima,Puente Piedra,ASIA GRIFOS Y SERVICIOS GENERALES SOCIEDAD ANONIMA CERRADA,Gasolina Regular,19.49
2026-08-24,Lima,Lima,Puente Piedra,AVRIL COMPAÑIA DE ENERGIA Y CONSTRUCCION S.A.C.,Gasolina Regular,19.98
2026-08-24,Lima,Lima,Puente Piedra,COESTI S.A.,Gasolina Regular,20.95
2026-08-24,Lima,Lima,Puente Piedra,COESTI SA,Gasolina Regular,19.49
2026-08-24,Lima,Lima,Puente Piedra,COESTI SA,Gasolina Regular,19.49
2026-08-24,Lima,Lima,Puente Piedra,CONSORCIO EL NORTENO SAC,Gasolina Regular,19.29
2026-08-24,Lima,Lima,Puente Piedra,EMPRESA DE TRANSPORTES Y SERVICIOS VIRGEN DE LA PUERTA S.A.,Gasolina Regular,19.29
2026-08-24,Lima,Lima,Puente Piedra,ENERGY OIL COMPANY S.A.C.,Gasolina Regular,19.64
2026-08-24,Lima,Lima,Puente Piedra,ESTACION DE SERVICIOS PASO DE LOS ANDES S.A.C.,Gasolina Regular,19.69
2026-08-24,Lima,Lima,Puente Piedra,FERCOR,Gasolina Regular,20.95
2026-08-24,Lima,Lima,Puente Piedra,GRIFO SAN BARTOLOME E.I.R.L.,Gasolina Regular,19.99
2026-08-24,Lima,Lima,Puente Piedra,GRIFO SR DE HUAMANTANGA EIRL,Gasolina Regular,20.85
2026-08-24,Lima,Lima,Puente Piedra,GRIFOS ESPINOZA S.A.,Gasolina Regular,19.99
2026-08-24,Lima,Lima,Puente Piedra,GROUP SAMUSA S.A.C.,Gasolina Regular,19.14
2026-08-24,Lima,Lima,Puente Piedra,HI GAS S.A.C.,Gasolina Regular,20.95
2026-08-24,Lima,Lima,Puente Piedra,INVERS SCJ ONOFRE E.I.R.L.,Gasolina Regular,19.15
2026-08-24,Lima,Lima,Puente Piedra,INVERSIONES ELCHER S.A.C.,Gasolina Regular,19.40
2026-08-24,Lima,Lima,Puente Piedra,INVERSIONES GENERALES DILEO PERU,Gasolina Regular,19.19
2026-08-24,Lima,Lima,Puente Piedra,INVERSIONES SANTISIMA TRINIDAD S.A.C.,Gasolina Regular,19.49
2026-08-24,Lima,Lima,Puente Piedra,ONCAP S.A.C.,Gasolina Regular,19.49
2026-08-24,Lima,Lima,Puente Piedra,PETRO EXPLORIUM S.A.C.,Gasolina Regular,19.14
2026-08-24,Lima,Lima,Puente Piedra,POWER PETROLEUM COMPANY SAC,Gasolina Regular,19.59
2026-08-24,Lima,Lima,Puente Piedra,REPSOL COMERCIAL S.A.C.,Gasolina Regular,19.99
2026-08-24,Lima,Lima,Puente Piedra,SERVICENTRO EL NARANJITO S.A.C.,Gasolina Regular,19.99
2026-08-24,Lima,Lima,Puente Piedra,SERVICENTRO PASAMAYO S.A.C.,Gasolina Regular,19.19
2026-08-24,Lima,Lima,Puente Piedra,SERVICENTRO PASAMAYO S.A.C.,Gasolina Regular,19.49
2026-08-24,Lima,Lima,Puente Piedra,TRANSERVIS PACIFICO S.A.C.,Gasolina Regular,19.49
2026-08-24,Lima,Lima,Punta Hermosa,COESTI SA,Diesel DB5,22.99
2026-08-24,Lima,Lima,Punta Hermosa,COESTI SA,Gasolina Premium,20.99
2026-08-24,Lima,Lima,Punta Hermosa,COESTI SA,Gasolina Regular,18.99
2026-08-24,Lima,Lima,Punta Negra,EPAL NEGOCIOS S.A.C.,Diesel DB5,22.49
2026-08-24,Lima,Lima,Punta Negra,EPAL NEGOCIOS S.A.C.,Gasolina Premium,20.85
2026-08-24,Lima,Lima,Punta Negra,EPAL NEGOCIOS S.A.C.,Gasolina Regular,19.49
2026-08-24,Lima,Lima,Rimac,COESTI S.A,Diesel DB5,23.65
2026-08-24,Lima,Lima,Rimac,COESTI S.A.,Diesel DB5,23.35
2026-08-24,Lima,Lima,Rimac,CORPORACION KIO GAS S.A.C.,Diesel DB5,23.29
2026-08-24,Lima,Lima,Rimac,GLOBAL FUEL SOCIEDAD ANONIMA,Diesel DB5,23.99
2026-08-24,Lima,Lima,Rimac,GLOBAL FUEL SOCIEDAD ANONIMA,Diesel DB5,27.99
2026-08-24,Lima,Lima,Rimac,RAMPOIL S.A.C.,Diesel DB5,25.99
2026-08-24,Lima,Lima,Rimac,REPSOL COMERCIAL S.A.C.,Diesel DB5,26.39
2026-08-24,Lima,Lima,Rimac,SERVICENTRO PIZARRO S.A.C.,Diesel DB5,23.99
2026-08-24,Lima,Lima,Rimac,COESTI S.A,Gasolina Premium,20.99
2026-08-24,Lima,Lima,Rimac,COESTI S.A.,Gasolina Premium,20.49
2026-08-24,Lima,Lima,Rimac,CORPORACION KIO GAS S.A.C.,Gasolina Premium,20.39
2026-08-24,Lima,Lima,Rimac,GLOBAL FUEL SOCIEDAD ANONIMA,Gasolina Premium,20.69
2026-08-24,Lima,Lima,Rimac,GLOBAL FUEL SOCIEDAD ANONIMA,Gasolina Premium,26.39
2026-08-24,Lima,Lima,Rimac,RAMPOIL S.A.C.,Gasolina Premium,23.99
2026-08-24,Lima,Lima,Rimac,REPSOL COMERCIAL S.A.C.,Gasolina Premium,21.55
2026-08-24,Lima,Lima,Rimac,SERVICENTRO PIZARRO S.A.C.,Gasolina Premium,20.69
2026-08-24,Lima,Lima,Rimac,COESTI S.A,Gasolina Regular,19.39
2026-08-24,Lima,Lima,Rimac,COESTI S.A.,Gasolina Regular,19.09
2026-08-24,Lima,Lima,Rimac,CORPORACION KIO GAS S.A.C.,Gasolina Regular,19.29
2026-08-24,Lima,Lima,Rimac,GLOBAL FUEL SOCIEDAD ANONIMA,Gasolina Regular,19.69
2026-08-24,Lima,Lima,Rimac,GLOBAL FUEL SOCIEDAD ANONIMA,Gasolina Regular,25.39
2026-08-24,Lima,Lima,Rimac,RAMPOIL S.A.C.,Gasolina Regular,20.99
2026-08-24,Lima,Lima,Rimac,REPSOL COMERCIAL S.A.C.,Gasolina Regular,20.29
2026-08-24,Lima,Lima,Rimac,SERVICENTRO PIZARRO S.A.C.,Gasolina Regular,19.69
2026-08-24,Lima,Lima,San Bartolo,EE SS MONTE EVEREST,Diesel DB5,22.89
2026-08-24,Lima,Lima,San Bartolo,EE SS MONTE EVEREST,Gasolina Premium,19.99
2026-08-24,Lima,Lima,San Bartolo,EE SS MONTE EVEREST,Gasolina Regular,19.69
2026-08-24,Lima,Lima,San Borja,COESTI S.A. - E/S NAVAL,Diesel DB5,24.49
2026-08-24,Lima,Lima,San Borja,COESTI S.A. ES SAN BORJA,Diesel DB5,23.99
2026-08-24,Lima,Lima,San Borja,COESTI SA,Diesel DB5,23.99
2026-08-24,Lima,Lima,San Borja,COESTI SAN LUIS II,Diesel DB5,24.49
2026-08-24,Lima,Lima,San Borja,ESTACION DE SERVICIOS AVIACION S.A.C.,Diesel DB5,25.79
2026-08-24,Lima,Lima,San Borja,JLF ASOCIADOS S.A.C,Diesel DB5,26.49
2026-08-24,Lima,Lima,San Borja,LMC COMBUSTIBLES S.A,Diesel DB5,23.47
2026-08-24,Lima,Lima,San Borja,REPSOL COMERCIAL S.A.C.,Diesel DB5,26.49
2026-08-24,Lima,Lima,San Borja,REPSOL COMERCIAL S.A.C.,Diesel DB5,26.49
2026-08-24,Lima,Lima,San Borja,REPSOL COMERCIAL S.A.C.,Diesel DB5,26.49
2026-08-24,Lima,Lima,San Borja,COESTI S.A. - E/S NAVAL,Gasolina Premium,21.99
2026-08-24,Lima,Lima,San Borja,COESTI S.A. ES SAN BORJA,Gasolina Premium,21.29
2026-08-24,Lima,Lima,San Borja,COESTI SA,Gasolina Premium,21.99
2026-08-24,Lima,Lima,San Borja,COESTI SAN LUIS II,Gasolina Premium,21.99
2026-08-24,Lima,Lima,San Borja,ESTACION DE SERVICIOS AVIACION S.A.C.,Gasolina Premium,22.99
2026-08-24,Lima,Lima,San Borja,JLF ASOCIADOS S.A.C,Gasolina Premium,23.79
2026-08-24,Lima,Lima,San Borja,LMC COMBUSTIBLES S.A,Gasolina Premium,21.27
2026-08-24,Lima,Lima,San Borja,REPSOL COMERCIAL S.A.C.,Gasolina Premium,24.99
2026-08-24,Lima,Lima,San Borja,REPSOL COMERCIAL S.A.C.,Gasolina Premium,24.99
2026-08-24,Lima,Lima,San Borja,REPSOL COMERCIAL S.A.C.,Gasolina Premium,24.99
2026-08-24,Lima,Lima,San Borja,COESTI S.A. - E/S NAVAL,Gasolina Regular,20.39
2026-08-24,Lima,Lima,San Borja,COESTI S.A. ES SAN BORJA,Gasolina Regular,19.99
2026-08-24,Lima,Lima,San Borja,COESTI SA,Gasolina Regular,20.99
2026-08-24,Lima,Lima,San Borja,COESTI SAN LUIS II,Gasolina Regular,20.39
2026-08-24,Lima,Lima,San Borja,ESTACION DE SERVICIOS AVIACION S.A.C.,Gasolina Regular,21.55
2026-08-24,Lima,Lima,San Borja,JLF ASOCIADOS S.A.C,Gasolina Regular,22.29
2026-08-24,Lima,Lima,San Borja,LMC COMBUSTIBLES S.A,Gasolina Regular,19.40
2026-08-24,Lima,Lima,San Borja,REPSOL COMERCIAL S.A.C.,Gasolina Regular,22.99
2026-08-24,Lima,Lima,San Borja,REPSOL COMERCIAL S.A.C.,Gasolina Regular,22.99
2026-08-24,Lima,Lima,San Borja,REPSOL COMERCIAL S.A.C.,Gasolina Regular,22.99
2026-08-24,Lima,Lima,San Isidro,A.B.G.S.A.C. EE.SS. ORRANTIA,Diesel DB5,26.49
2026-08-24,Lima,Lima,San Isidro,ANEGADA S.A.C.,Diesel DB5,24.49
2026-08-24,Lima,Lima,San Isidro,COESTI REPUBLICA,Diesel DB5,24.99
2026-08-24,Lima,Lima,San Isidro,COESTI S.A,Diesel DB5,24.99
2026-08-24,Lima,Lima,San Isidro,COESTI S.A.,Diesel DB5,24.99
2026-08-24,Lima,Lima,San Isidro,COESTI SA,Diesel DB5,24.99
2026-08-24,Lima,Lima,San Isidro,COESTI SAC,Diesel DB5,24.99
2026-08-24,Lima,Lima,San Isidro,EE SS GASOLINAS DE AMERICA SAC,Diesel DB5,24.99
2026-08-24,Lima,Lima,San Isidro,ESTACION DE SERVICIOS CORPAC S.A.,Diesel DB5,25.19
2026-08-24,Lima,Lima,San Isidro,GLOBAL FUEL S.A.,Diesel DB5,26.99
2026-08-24,Lima,Lima,San Isidro,GLOBAL FUEL S.A.,Diesel DB5,26.99
2026-08-24,Lima,Lima,San Isidro,JOVEME S.A.C.,Diesel DB5,24.99
2026-08-24,Lima,Lima,San Isidro,KRE S.A.,Diesel DB5,23.99
2026-08-24,Lima,Lima,San Isidro,ONCAP S.A.C.,Diesel DB5,23.99
2026-08-24,Lima,Lima,San Isidro,RAINFOREST DC S.A.C.,Diesel DB5,25.79
2026-08-24,Lima,Lima,San Isidro,REPSOL COMERCIAL S.A.C.,Diesel DB5,25.99
2026-08-24,Lima,Lima,San Isidro,REPSOL COMERCIAL S.A.C.,Diesel DB5,26.49
2026-08-24,Lima,Lima,San Isidro,REPSOL COMERCIAL S.A.C.,Diesel DB5,26.49
2026-08-24,Lima,Lima,San Isidro,REPSOL COMERCIAL S.A.C.,Diesel DB5,26.49
2026-08-24,Lima,Lima,San Isidro,WO S.A.,Diesel DB5,23.99
2026-08-24,Lima,Lima,San Isidro,A.B.G.S.A.C. EE.SS. ORRANTIA,Gasolina Premium,25.99
2026-08-24,Lima,Lima,San Isidro,ANEGADA S.A.C.,Gasolina Premium,20.94
2026-08-24,Lima,Lima,San Isidro,COESTI REPUBLICA,Gasolina Premium,21.49
2026-08-24,Lima,Lima,San Isidro,COESTI S.A,Gasolina Premium,21.49
2026-08-24,Lima,Lima,San Isidro,COESTI S.A.,Gasolina Premium,22.99
2026-08-24,Lima,Lima,San Isidro,COESTI SA,Gasolina Premium,22.99
2026-08-24,Lima,Lima,San Isidro,COESTI SAC,Gasolina Premium,22.69
2026-08-24,Lima,Lima,San Isidro,EE SS GASOLINAS DE AMERICA SAC,Gasolina Premium,22.49
2026-08-24,Lima,Lima,San Isidro,ESTACION DE SERVICIOS CORPAC S.A.,Gasolina Premium,22.29
2026-08-24,Lima,Lima,San Isidro,GLOBAL FUEL S.A.,Gasolina Premium,26.99
2026-08-24,Lima,Lima,San Isidro,GLOBAL FUEL S.A.,Gasolina Premium,26.99
2026-08-24,Lima,Lima,San Isidro,JOVEME S.A.C.,Gasolina Premium,21.99
2026-08-24,Lima,Lima,San Isidro,KRE S.A.,Gasolina Premium,20.99
2026-08-24,Lima,Lima,San Isidro,ONCAP S.A.C.,Gasolina Premium,22.99
2026-08-24,Lima,Lima,San Isidro,RAINFOREST DC S.A.C.,Gasolina Premium,21.99
2026-08-24,Lima,Lima,San Isidro,REPSOL COMERCIAL S.A.C.,Gasolina Premium,23.49
2026-08-24,Lima,Lima,San Isidro,REPSOL COMERCIAL S.A.C.,Gasolina Premium,24.99
2026-08-24,Lima,Lima,San Isidro,REPSOL COMERCIAL S.A.C.,Gasolina Premium,24.99
2026-08-24,Lima,Lima,San Isidro,REPSOL COMERCIAL S.A.C.,Gasolina Premium,24.99
2026-08-24,Lima,Lima,San Isidro,WO S.A.,Gasolina Premium,20.99
2026-08-24,Lima,Lima,San Isidro,A.B.G.S.A.C. EE.SS. ORRANTIA,Gasolina Regular,23.99
2026-08-24,Lima,Lima,San Isidro,ANEGADA S.A.C.,Gasolina Regular,19.94
2026-08-24,Lima,Lima,San Isidro,COESTI REPUBLICA,Gasolina Regular,19.99
2026-08-24,Lima,Lima,San Isidro,COESTI S.A,Gasolina Regular,19.99
2026-08-24,Lima,Lima,San Isidro,COESTI S.A.,Gasolina Regular,20.99
2026-08-24,Lima,Lima,San Isidro,COESTI SA,Gasolina Regular,20.79
2026-08-24,Lima,Lima,San Isidro,COESTI SAC,Gasolina Regular,20.29
2026-08-24,Lima,Lima,San Isidro,EE SS GASOLINAS DE AMERICA SAC,Gasolina Regular,19.99
2026-08-24,Lima,Lima,San Isidro,ESTACION DE SERVICIOS CORPAC S.A.,Gasolina Regular,20.29
2026-08-24,Lima,Lima,San Isidro,GLOBAL FUEL S.A.,Gasolina Regular,25.89
2026-08-24,Lima,Lima,San Isidro,GLOBAL FUEL S.A.,Gasolina Regular,25.89
2026-08-24,Lima,Lima,San Isidro,JOVEME S.A.C.,Gasolina Regular,19.99
2026-08-24,Lima,Lima,San Isidro,KRE S.A.,Gasolina Regular,19.99
2026-08-24,Lima,Lima,San Isidro,ONCAP S.A.C.,Gasolina Regular,20.99
2026-08-24,Lima,Lima,San Isidro,RAINFOREST DC S.A.C.,Gasolina Regular,19.99
2026-08-24,Lima,Lima,San Isidro,REPSOL COMERCIAL S.A.C.,Gasolina Regular,20.99
2026-08-24,Lima,Lima,San Isidro,REPSOL COMERCIAL S.A.C.,Gasolina Regular,22.99
2026-08-24,Lima,Lima,San Isidro,REPSOL COMERCIAL S.A.C.,Gasolina Regular,22.99
2026-08-24,Lima,Lima,San Isidro,REPSOL COMERCIAL S.A.C.,Gasolina Regular,22.99
2026-08-24,Lima,Lima,San Isidro,WO S.A.,Gasolina Regular,19.99
2026-08-24,Lima,Lima,San Juan De Lurigancho,ALTA VIDDA GAS S.A.C,Diesel DB5,23.99
2026-08-24,Lima,Lima,San Juan De Lurigancho,CEPOCAR SRL,Diesel DB5,23.29
2026-08-24,Lima,Lima,San Juan De Lurigancho,CLARIGO S.A.C.,Diesel DB5,23.99
2026-08-24,Lima,Lima,San Juan De Lurigancho,COESTI  S.A.,Diesel DB5,23.99
2026-08-24,Lima,Lima,San Juan De Lurigancho,COESTI S.A,Diesel DB5,23.59
2026-08-24,Lima,Lima,San Juan De Lurigancho,COESTI S.A,Diesel DB5,23.59
2026-08-24,Lima,Lima,San Juan De Lurigancho,COESTI S.A,Diesel DB5,24.19
2026-08-24,Lima,Lima,San Juan De Lurigancho,COESTI S.A,Diesel DB5,24.49
2026-08-24,Lima,Lima,San Juan De Lurigancho,COESTI S.A.,Diesel DB5,23.79
2026-08-24,Lima,Lima,San Juan De Lurigancho,COESTI S.A.,Diesel DB5,23.99
2026-08-24,Lima,Lima,San Juan De Lurigancho,CORPORACION DE PETROLEOS AM S.A.C.,Diesel DB5,22.99
2026-08-24,Lima,Lima,San Juan De Lurigancho,CORPORACION JULCAN S.A.,Diesel DB5,25.99
2026-08-24,Lima,Lima,San Juan De Lurigancho,DISCOM SANTA ROSA S.A.C.,Diesel DB5,23.00
2026-08-24,Lima,Lima,San Juan De Lurigancho,ESSO ENERGIA S.A.C.,Diesel DB5,24.50
2026-08-24,Lima,Lima,San Juan De Lurigancho,ESTACION AYLLU S.A.C.,Diesel DB5,23.29
2026-08-24,Lima,Lima,San Juan De Lurigancho,ESTACION DE SERVICIO CORAZON  DE JESUS S.A.C.,Diesel DB5,23.67
2026-08-24,Lima,Lima,San Juan De Lurigancho,ESTACION DE SERVICIOS CANTO GRANDE,Diesel DB5,24.50
2026-08-24,Lima,Lima,San Juan De Lurigancho,ESTACION LOS JARDINES EIRL,Diesel DB5,23.49
2026-08-24,Lima,Lima,San Juan De Lurigancho,ESTACION PETROGAS CAMPOY S.A.C.,Diesel DB5,23.38
2026-08-24,Lima,Lima,San Juan De Lurigancho,ESTACIONES ARGUELLES S.A.C,Diesel DB5,23.49
2026-08-24,Lima,Lima,San Juan De Lurigancho,ESTACIÓN DE SERVICIO PONCE  S.R.LTDA,Diesel DB5,23.38
2026-08-24,Lima,Lima,San Juan De Lurigancho,ESTACIÓN DE SERVICIOS TUSILAGOS,Diesel DB5,24.15
2026-08-24,Lima,Lima,San Juan De Lurigancho,ESTACIÓN SANTA ROSA,Diesel DB5,22.56
2026-08-24,Lima,Lima,San Juan De Lurigancho,EXPLORIUM S.A.C.,Diesel DB5,22.98
2026-08-24,Lima,Lima,San Juan De Lurigancho,EXPLORIUM S.A.C.,Diesel DB5,22.98
2026-08-24,Lima,Lima,San Juan De Lurigancho,FIDEL SULLCA HUAMAN,Diesel DB5,23.99
2026-08-24,Lima,Lima,San Juan De Lurigancho,GASOCENTRO  Y AUTOSERVICIOS REAL  SAC,Diesel DB5,23.45
2026-08-24,Lima,Lima,San Juan De Lurigancho,GLMAR S.A.C.,Diesel DB5,23.95
2026-08-24,Lima,Lima,San Juan De Lurigancho,GRIFO GASOIL S.A.C.,Diesel DB5,23.10
2026-08-24,Lima,Lima,San Juan De Lurigancho,GRIFO LIBERTAD S.A.,Diesel DB5,23.39
2026-08-24,Lima,Lima,San Juan De Lurigancho,GRIFO VALCARD S.R.L.,Diesel DB5,25.00
2026-08-24,Lima,Lima,San Juan De Lurigancho,GRIFOS COPA S.A.C.,Diesel DB5,22.69
2026-08-24,Lima,Lima,San Juan De Lurigancho,GRIFOS VITO S.A,Diesel DB5,25.99
2026-08-24,Lima,Lima,San Juan De Lurigancho,GRUVENI SRL,Diesel DB5,22.57
2026-08-24,Lima,Lima,San Juan De Lurigancho,INVERSIONES FAGAMA S.A.C.,Diesel DB5,23.00
2026-08-24,Lima,Lima,San Juan De Lurigancho,INVERSIONES FIGUEROA S.R.L.,Diesel DB5,23.39
2026-08-24,Lima,Lima,San Juan De Lurigancho,J.W. OLIVER S.A.C.,Diesel DB5,23.10
2026-08-24,Lima,Lima,San Juan De Lurigancho,LOS CIRUELOS SAC,Diesel DB5,23.99
2026-08-24,Lima,Lima,San Juan De Lurigancho,NEGOCIACION YA S.A.C.,Diesel DB5,22.59
2026-08-24,Lima,Lima,San Juan De Lurigancho,NEGOCIACIONES COMERCIALES NUEVO PERU E.I.R.L.,Diesel DB5,25.75
2026-08-24,Lima,Lima,San Juan De Lurigancho,PETRO  LUMARA SAC,Diesel DB5,23.98
2026-08-24,Lima,Lima,San Juan De Lurigancho,REPSOL COMERCIAL S.A.C.,Diesel DB5,26.49
2026-08-24,Lima,Lima,San Juan De Lurigancho,REPSOL COMERCIAL SAC,Diesel DB5,26.49
2026-08-24,Lima,Lima,San Juan De Lurigancho,SERVICENTRO SAN HILARION S.A,Diesel DB5,25.99
2026-08-24,Lima,Lima,San Juan De Lurigancho,SHIN S.A.C.,Diesel DB5,23.99
2026-08-24,Lima,Lima,San Juan De Lurigancho,SUCESION INDIVISA ARIAS ARZAPALO DEMETRIO,Diesel DB5,23.19
2026-08-24,Lima,Lima,San Juan De Lurigancho,V & Q  ASOCIADOS  S.A.C,Diesel DB5,24.49
2026-08-24,Lima,Lima,San Juan De Lurigancho,VALNI S.A.C.,Diesel DB5,23.39
2026-08-24,Lima,Lima,San Juan De Lurigancho,ALTA VIDDA GAS S.A.C,Gasolina Premium,21.77
2026-08-24,Lima,Lima,San Juan De Lurigancho,CEPOCAR SRL,Gasolina Premium,20.99
2026-08-24,Lima,Lima,San Juan De Lurigancho,CLARIGO S.A.C.,Gasolina Premium,21.80
2026-08-24,Lima,Lima,San Juan De Lurigancho,COESTI  S.A.,Gasolina Premium,21.75
2026-08-24,Lima,Lima,San Juan De Lurigancho,COESTI S.A,Gasolina Premium,20.35
2026-08-24,Lima,Lima,San Juan De Lurigancho,COESTI S.A,Gasolina Premium,20.65
2026-08-24,Lima,Lima,San Juan De Lurigancho,COESTI S.A,Gasolina Premium,21.19
2026-08-24,Lima,Lima,San Juan De Lurigancho,COESTI S.A,Gasolina Premium,21.69
2026-08-24,Lima,Lima,San Juan De Lurigancho,COESTI S.A.,Gasolina Premium,20.59
2026-08-24,Lima,Lima,San Juan De Lurigancho,COESTI S.A.,Gasolina Premium,20.65
2026-08-24,Lima,Lima,San Juan De Lurigancho,CORPORACION DE PETROLEOS AM S.A.C.,Gasolina Premium,19.88
2026-08-24,Lima,Lima,San Juan De Lurigancho,CORPORACION JULCAN S.A.,Gasolina Premium,23.99
2026-08-24,Lima,Lima,San Juan De Lurigancho,DISCOM SANTA ROSA S.A.C.,Gasolina Premium,20.00
2026-08-24,Lima,Lima,San Juan De Lurigancho,ESTACION AYLLU S.A.C.,Gasolina Premium,20.95
2026-08-24,Lima,Lima,San Juan De Lurigancho,ESTACION DE SERVICIO CORAZON  DE JESUS S.A.C.,Gasolina Premium,20.45
2026-08-24,Lima,Lima,San Juan De Lurigancho,ESTACION DE SERVICIOS CANTO GRANDE,Gasolina Premium,23.32
2026-08-24,Lima,Lima,San Juan De Lurigancho,ESTACION LOS JARDINES EIRL,Gasolina Premium,20.09
2026-08-24,Lima,Lima,San Juan De Lurigancho,ESTACION PETROGAS CAMPOY S.A.C.,Gasolina Premium,19.79
2026-08-24,Lima,Lima,San Juan De Lurigancho,ESTACIONES ARGUELLES S.A.C,Gasolina Premium,21.49
2026-08-24,Lima,Lima,San Juan De Lurigancho,ESTACIÓN DE SERVICIO PONCE  S.R.LTDA,Gasolina Premium,21.09
2026-08-24,Lima,Lima,San Juan De Lurigancho,ESTACIÓN DE SERVICIOS TUSILAGOS,Gasolina Premium,20.80
2026-08-24,Lima,Lima,San Juan De Lurigancho,ESTACIÓN SANTA ROSA,Gasolina Premium,19.67
2026-08-24,Lima,Lima,San Juan De Lurigancho,EXPLORIUM S.A.C.,Gasolina Premium,20.00
2026-08-24,Lima,Lima,San Juan De Lurigancho,EXPLORIUM S.A.C.,Gasolina Premium,20.00
2026-08-24,Lima,Lima,San Juan De Lurigancho,FIDEL SULLCA HUAMAN,Gasolina Premium,21.47
2026-08-24,Lima,Lima,San Juan De Lurigancho,GASOCENTRO  Y AUTOSERVICIOS REAL  SAC,Gasolina Premium,20.25
2026-08-24,Lima,Lima,San Juan De Lurigancho,GLMAR S.A.C.,Gasolina Premium,21.35
2026-08-24,Lima,Lima,San Juan De Lurigancho,GRIFO GASOIL S.A.C.,Gasolina Premium,19.09
2026-08-24,Lima,Lima,San Juan De Lurigancho,GRIFO LIBERTAD S.A.,Gasolina Premium,21.82
2026-08-24,Lima,Lima,San Juan De Lurigancho,GRIFO VALCARD S.R.L.,Gasolina Premium,23.30
2026-08-24,Lima,Lima,San Juan De Lurigancho,GRIFOS COPA S.A.C.,Gasolina Premium,19.68
2026-08-24,Lima,Lima,San Juan De Lurigancho,GRIFOS VITO S.A,Gasolina Premium,23.99
2026-08-24,Lima,Lima,San Juan De Lurigancho,GRUVENI SRL,Gasolina Premium,19.67
2026-08-24,Lima,Lima,San Juan De Lurigancho,INVERSIONES FIGUEROA S.R.L.,Gasolina Premium,20.79
2026-08-24,Lima,Lima,San Juan De Lurigancho,J.W. OLIVER S.A.C.,Gasolina Premium,19.69
2026-08-24,Lima,Lima,San Juan De Lurigancho,LOS CIRUELOS SAC,Gasolina Premium,20.99
2026-08-24,Lima,Lima,San Juan De Lurigancho,NEGOCIACION YA S.A.C.,Gasolina Premium,19.81
2026-08-24,Lima,Lima,San Juan De Lurigancho,NEGOCIACIONES COMERCIALES NUEVO PERU E.I.R.L.,Gasolina Premium,22.93
2026-08-24,Lima,Lima,San Juan De Lurigancho,PETRO  LUMARA SAC,Gasolina Premium,21.18
2026-08-24,Lima,Lima,San Juan De Lurigancho,REPSOL COMERCIAL S.A.C.,Gasolina Premium,21.99
2026-08-24,Lima,Lima,San Juan De Lurigancho,REPSOL COMERCIAL SAC,Gasolina Premium,21.19
2026-08-24,Lima,Lima,San Juan De Lurigancho,SERVICENTRO SAN HILARION S.A,Gasolina Premium,23.99
2026-08-24,Lima,Lima,San Juan De Lurigancho,SHIN S.A.C.,Gasolina Premium,22.49
2026-08-24,Lima,Lima,San Juan De Lurigancho,SUCESION INDIVISA ARIAS ARZAPALO DEMETRIO,Gasolina Premium,20.59
2026-08-24,Lima,Lima,San Juan De Lurigancho,V & Q  ASOCIADOS  S.A.C,Gasolina Premium,21.79
2026-08-24,Lima,Lima,San Juan De Lurigancho,VALNI S.A.C.,Gasolina Premium,20.35
2026-08-24,Lima,Lima,San Juan De Lurigancho,ALTA VIDDA GAS S.A.C,Gasolina Regular,20.47
2026-08-24,Lima,Lima,San Juan De Lurigancho,CEPOCAR SRL,Gasolina Regular,19.65
2026-08-24,Lima,Lima,San Juan De Lurigancho,CLARIGO S.A.C.,Gasolina Regular,20.18
2026-08-24,Lima,Lima,San Juan De Lurigancho,COESTI  S.A.,Gasolina Regular,19.85
2026-08-24,Lima,Lima,San Juan De Lurigancho,COESTI S.A,Gasolina Regular,19.25
2026-08-24,Lima,Lima,San Juan De Lurigancho,COESTI S.A,Gasolina Regular,19.35
2026-08-24,Lima,Lima,San Juan De Lurigancho,COESTI S.A,Gasolina Regular,19.65
2026-08-24,Lima,Lima,San Juan De Lurigancho,COESTI S.A,Gasolina Regular,19.99
2026-08-24,Lima,Lima,San Juan De Lurigancho,COESTI S.A.,Gasolina Regular,18.99
2026-08-24,Lima,Lima,San Juan De Lurigancho,COESTI S.A.,Gasolina Regular,19.45
2026-08-24,Lima,Lima,San Juan De Lurigancho,CORPORACION DE PETROLEOS AM S.A.C.,Gasolina Regular,19.18
2026-08-24,Lima,Lima,San Juan De Lurigancho,CORPORACION JULCAN S.A.,Gasolina Regular,22.99
2026-08-24,Lima,Lima,San Juan De Lurigancho,DISCOM SANTA ROSA S.A.C.,Gasolina Regular,19.00
2026-08-24,Lima,Lima,San Juan De Lurigancho,ESTACION AYLLU S.A.C.,Gasolina Regular,19.69
2026-08-24,Lima,Lima,San Juan De Lurigancho,ESTACION DE SERVICIO CORAZON  DE JESUS S.A.C.,Gasolina Regular,19.33
2026-08-24,Lima,Lima,San Juan De Lurigancho,ESTACION DE SERVICIOS CANTO GRANDE,Gasolina Regular,20.89
2026-08-24,Lima,Lima,San Juan De Lurigancho,ESTACION LOS JARDINES EIRL,Gasolina Regular,19.55
2026-08-24,Lima,Lima,San Juan De Lurigancho,ESTACION PETROGAS CAMPOY S.A.C.,Gasolina Regular,18.89
2026-08-24,Lima,Lima,San Juan De Lurigancho,ESTACIONES ARGUELLES S.A.C,Gasolina Regular,20.59
2026-08-24,Lima,Lima,San Juan De Lurigancho,ESTACIÓN DE SERVICIO PONCE  S.R.LTDA,Gasolina Regular,19.96
2026-08-24,Lima,Lima,San Juan De Lurigancho,ESTACIÓN DE SERVICIOS TUSILAGOS,Gasolina Regular,19.81
2026-08-24,Lima,Lima,San Juan De Lurigancho,ESTACIÓN SANTA ROSA,Gasolina Regular,19.15
2026-08-24,Lima,Lima,San Juan De Lurigancho,EXPLORIUM S.A.C.,Gasolina Regular,19.00
2026-08-24,Lima,Lima,San Juan De Lurigancho,EXPLORIUM S.A.C.,Gasolina Regular,19.00
2026-08-24,Lima,Lima,San Juan De Lurigancho,FIDEL SULLCA HUAMAN,Gasolina Regular,20.33
2026-08-24,Lima,Lima,San Juan De Lurigancho,GASOCENTRO  Y AUTOSERVICIOS REAL  SAC,Gasolina Regular,19.15
2026-08-24,Lima,Lima,San Juan De Lurigancho,GLMAR S.A.C.,Gasolina Regular,20.35
2026-08-24,Lima,Lima,San Juan De Lurigancho,GRIFO GASOIL S.A.C.,Gasolina Regular,18.49
2026-08-24,Lima,Lima,San Juan De Lurigancho,GRIFO LIBERTAD S.A.,Gasolina Regular,20.65
2026-08-24,Lima,Lima,San Juan De Lurigancho,GRIFO VALCARD S.R.L.,Gasolina Regular,21.40
2026-08-24,Lima,Lima,San Juan De Lurigancho,GRIFOS COPA S.A.C.,Gasolina Regular,18.98
2026-08-24,Lima,Lima,San Juan De Lurigancho,GRIFOS VITO S.A,Gasolina Regular,22.99
2026-08-24,Lima,Lima,San Juan De Lurigancho,GRUVENI SRL,Gasolina Regular,19.17
2026-08-24,Lima,Lima,San Juan De Lurigancho,INVERSIONES FAGAMA S.A.C.,Gasolina Regular,18.89
2026-08-24,Lima,Lima,San Juan De Lurigancho,INVERSIONES FIGUEROA S.R.L.,Gasolina Regular,19.59
2026-08-24,Lima,Lima,San Juan De Lurigancho,J.W. OLIVER S.A.C.,Gasolina Regular,18.69
2026-08-24,Lima,Lima,San Juan De Lurigancho,LOS CIRUELOS SAC,Gasolina Regular,19.59
2026-08-24,Lima,Lima,San Juan De Lurigancho,NEGOCIACIONES COMERCIALES NUEVO PERU E.I.R.L.,Gasolina Regular,21.55
2026-08-24,Lima,Lima,San Juan De Lurigancho,PETRO  LUMARA SAC,Gasolina Regular,19.48
2026-08-24,Lima,Lima,San Juan De Lurigancho,REPSOL COMERCIAL S.A.C.,Gasolina Regular,20.99
2026-08-24,Lima,Lima,San Juan De Lurigancho,REPSOL COMERCIAL SAC,Gasolina Regular,19.99
2026-08-24,Lima,Lima,San Juan De Lurigancho,SERVICENTRO SAN HILARION S.A,Gasolina Regular,22.99
2026-08-24,Lima,Lima,San Juan De Lurigancho,SHIN S.A.C.,Gasolina Regular,20.99
2026-08-24,Lima,Lima,San Juan De Lurigancho,SUCESION INDIVISA ARIAS ARZAPALO DEMETRIO,Gasolina Regular,19.39
2026-08-24,Lima,Lima,San Juan De Lurigancho,V & Q  ASOCIADOS  S.A.C,Gasolina Regular,20.89
2026-08-24,Lima,Lima,San Juan De Lurigancho,VALNI S.A.C.,Gasolina Regular,19.25
2026-08-24,Lima,Lima,San Juan De Miraflores,ALLE ESTACIONES S.A.C.,Diesel DB5,23.45
2026-08-24,Lima,Lima,San Juan De Miraflores,BEZIM GROUP S.A.,Diesel DB5,23.79
2026-08-24,Lima,Lima,San Juan De Miraflores,COMERCIALIZADORA INDUSTRIAL LA MOLINA SAC,Diesel DB5,23.49
2026-08-24,Lima,Lima,San Juan De Miraflores,CONCESIONARIO PETRO SERVICE D.V. S.R.L.,Diesel DB5,23.49
2026-08-24,Lima,Lima,San Juan De Miraflores,EMPRESA DE TRANSPORTES SERVICIOS Y COMERCIALIZACION REYDA EIRL,Diesel DB5,23.59
2026-08-24,Lima,Lima,San Juan De Miraflores,EMPRESA DE TRANSPORTES UNIDOS DOCE DE NOVIEMBRE S.A.,Diesel DB5,25.99
2026-08-24,Lima,Lima,San Juan De Miraflores,ESTACION DE SERVICIOS MIRWAL S.A.C.,Diesel DB5,24.06
2026-08-24,Lima,Lima,San Juan De Miraflores,ESTACION DE SERVICIOS VAMA S.A.C.,Diesel DB5,24.99
2026-08-24,Lima,Lima,San Juan De Miraflores,GRIFOS ESPINOZA S.A.,Diesel DB5,23.49
2026-08-24,Lima,Lima,San Juan De Miraflores,GRIVAR S.A.,Diesel DB5,24.99
2026-08-24,Lima,Lima,San Juan De Miraflores,INVERSION QUINTO LYR EIRL,Diesel DB5,22.95
2026-08-24,Lima,Lima,San Juan De Miraflores,INVERSIONES LUISAGAS S.A.C.,Diesel DB5,23.59
2026-08-24,Lima,Lima,San Juan De Miraflores,INVERSIONES SATELITE S.A.C,Diesel DB5,24.99
2026-08-24,Lima,Lima,San Juan De Miraflores,INVERSIONES VENTURA A R E.I.R.L.,Diesel DB5,23.80
2026-08-24,Lima,Lima,San Juan De Miraflores,REPRESENTACIONES E INVERSIONES CAMAMA S.A.C.,Diesel DB5,23.99
2026-08-24,Lima,Lima,San Juan De Miraflores,REPSOL COMERCIAL S.A.C.,Diesel DB5,26.49
2026-08-24,Lima,Lima,San Juan De Miraflores,ALLE ESTACIONES S.A.C.,Gasolina Premium,20.79
2026-08-24,Lima,Lima,San Juan De Miraflores,BEZIM GROUP S.A.,Gasolina Premium,20.99
2026-08-24,Lima,Lima,San Juan De Miraflores,COMERCIALIZADORA INDUSTRIAL LA MOLINA SAC,Gasolina Premium,21.99
2026-08-24,Lima,Lima,San Juan De Miraflores,ESTACION DE SERVICIOS MIRWAL S.A.C.,Gasolina Premium,22.17
2026-08-24,Lima,Lima,San Juan De Miraflores,ESTACION DE SERVICIOS VAMA S.A.C.,Gasolina Premium,23.86
2026-08-24,Lima,Lima,San Juan De Miraflores,GRIFOS ESPINOZA S.A.,Gasolina Premium,20.99
2026-08-24,Lima,Lima,San Juan De Miraflores,GRIVAR S.A.,Gasolina Premium,22.99
2026-08-24,Lima,Lima,San Juan De Miraflores,INVERSION QUINTO LYR EIRL,Gasolina Premium,20.50
2026-08-24,Lima,Lima,San Juan De Miraflores,INVERSIONES LUISAGAS S.A.C.,Gasolina Premium,20.99
2026-08-24,Lima,Lima,San Juan De Miraflores,INVERSIONES SATELITE S.A.C,Gasolina Premium,23.99
2026-08-24,Lima,Lima,San Juan De Miraflores,INVERSIONES VENTURA A R E.I.R.L.,Gasolina Premium,21.50
2026-08-24,Lima,Lima,San Juan De Miraflores,REPSOL COMERCIAL S.A.C.,Gasolina Premium,24.49
2026-08-24,Lima,Lima,San Juan De Miraflores,ALLE ESTACIONES S.A.C.,Gasolina Regular,18.99
2026-08-24,Lima,Lima,San Juan De Miraflores,BEZIM GROUP S.A.,Gasolina Regular,19.99
2026-08-24,Lima,Lima,San Juan De Miraflores,COMERCIALIZADORA INDUSTRIAL LA MOLINA SAC,Gasolina Regular,19.99
2026-08-24,Lima,Lima,San Juan De Miraflores,CONCESIONARIO PETRO SERVICE D.V. S.R.L.,Gasolina Regular,19.99
2026-08-24,Lima,Lima,San Juan De Miraflores,EMPRESA DE TRANSPORTES SERVICIOS Y COMERCIALIZACION REYDA EIRL,Gasolina Regular,20.99
2026-08-24,Lima,Lima,San Juan De Miraflores,EMPRESA DE TRANSPORTES UNIDOS DOCE DE NOVIEMBRE S.A.,Gasolina Regular,21.18
2026-08-24,Lima,Lima,San Juan De Miraflores,ESTACION DE SERVICIOS MIRWAL S.A.C.,Gasolina Regular,21.60
2026-08-24,Lima,Lima,San Juan De Miraflores,ESTACION DE SERVICIOS VAMA S.A.C.,Gasolina Regular,22.32
2026-08-24,Lima,Lima,San Juan De Miraflores,GRIFOS ESPINOZA S.A.,Gasolina Regular,18.99
2026-08-24,Lima,Lima,San Juan De Miraflores,GRIVAR S.A.,Gasolina Regular,21.99
2026-08-24,Lima,Lima,San Juan De Miraflores,INVERSION QUINTO LYR EIRL,Gasolina Regular,19.50
2026-08-24,Lima,Lima,San Juan De Miraflores,INVERSIONES LUISAGAS S.A.C.,Gasolina Regular,19.99
2026-08-24,Lima,Lima,San Juan De Miraflores,INVERSIONES SATELITE S.A.C,Gasolina Regular,22.69
2026-08-24,Lima,Lima,San Juan De Miraflores,INVERSIONES VENTURA A R E.I.R.L.,Gasolina Regular,19.90
2026-08-24,Lima,Lima,San Juan De Miraflores,REPRESENTACIONES E INVERSIONES CAMAMA S.A.C.,Gasolina Regular,20.19
2026-08-24,Lima,Lima,San Juan De Miraflores,REPSOL COMERCIAL S.A.C.,Gasolina Regular,22.99
2026-08-24,Lima,Lima,San Luis,COESTI S.A.,Diesel DB5,23.39
2026-08-24,Lima,Lima,San Luis,COESTI S.A.,Diesel DB5,24.49
2026-08-24,Lima,Lima,San Luis,ESTACION DE SERVICIOS EL PINO E.I.R.L.,Diesel DB5,23.18
2026-08-24,Lima,Lima,San Luis,GLOBAL FUEL S.A.,Diesel DB5,24.99
2026-08-24,Lima,Lima,San Luis,INVERSIONES JIARA SAC,Diesel DB5,23.09
2026-08-24,Lima,Lima,San Luis,COESTI S.A.,Gasolina Premium,20.49
2026-08-24,Lima,Lima,San Luis,COESTI S.A.,Gasolina Premium,21.39
2026-08-24,Lima,Lima,San Luis,ESTACION DE SERVICIOS EL PINO E.I.R.L.,Gasolina Premium,20.48
2026-08-24,Lima,Lima,San Luis,GLOBAL FUEL S.A.,Gasolina Premium,20.77
2026-08-24,Lima,Lima,San Luis,INVERSIONES JIARA SAC,Gasolina Premium,20.44
2026-08-24,Lima,Lima,San Luis,REPSOL COMERCIAL S.A.C.,Gasolina Premium,21.65
2026-08-24,Lima,Lima,San Luis,COESTI S.A.,Gasolina Regular,19.49
2026-08-24,Lima,Lima,San Luis,COESTI S.A.,Gasolina Regular,19.49
2026-08-24,Lima,Lima,San Luis,ESTACION DE SERVICIOS EL PINO E.I.R.L.,Gasolina Regular,19.48
2026-08-24,Lima,Lima,San Luis,GLOBAL FUEL S.A.,Gasolina Regular,19.59
2026-08-24,Lima,Lima,San Luis,INVERSIONES JIARA SAC,Gasolina Regular,19.26
2026-08-24,Lima,Lima,San Luis,REPSOL COMERCIAL S.A.C.,Gasolina Regular,20.39
2026-08-24,Lima,Lima,San Martin De Porres,ADMINISTRACION DE GRIFOS LEP S.A.C.,Diesel DB5,22.89
2026-08-24,Lima,Lima,San Martin De Porres,COESTI S A,Diesel DB5,23.99
2026-08-24,Lima,Lima,San Martin De Porres,COESTI S.A,Diesel DB5,24.99
2026-08-24,Lima,Lima,San Martin De Porres,CONSORCIO KINZUKO S.A.C.,Diesel DB5,23.75
2026-08-24,Lima,Lima,San Martin De Porres,COPRINI S.A.C.,Diesel DB5,22.99
2026-08-24,Lima,Lima,San Martin De Porres,CORPORACION GEAMAR SAC,Diesel DB5,23.69
2026-08-24,Lima,Lima,San Martin De Porres,CORPORACION HA  SAC,Diesel DB5,23.94
2026-08-24,Lima,Lima,San Martin De Porres,CORPORACION JUDY S.A.C.,Diesel DB5,23.95
2026-08-24,Lima,Lima,San Martin De Porres,DELTA CHOCAS EIRL,Diesel DB5,23.10
2026-08-24,Lima,Lima,San Martin De Porres,EL GRIFITO S.A.,Diesel DB5,23.59
2026-08-24,Lima,Lima,San Martin De Porres,EMPRESA DE SERVICIOS DAYNE S.A.C.,Diesel DB5,23.38
2026-08-24,Lima,Lima,San Martin De Porres,ENERGIGAS S.A.C.,Diesel DB5,24.95
2026-08-24,Lima,Lima,San Martin De Porres,ESTACION SANTA RITA S.A.C.,Diesel DB5,23.65
2026-08-24,Lima,Lima,San Martin De Porres,EVER JUNIOR CARRASCO ORTEGA,Diesel DB5,23.99
2026-08-24,Lima,Lima,San Martin De Porres,FUEL STATION CONTRERAS S.A.C.,Diesel DB5,24.58
2026-08-24,Lima,Lima,San Martin De Porres,GRIFO CONTROL SAC,Diesel DB5,23.56
2026-08-24,Lima,Lima,San Martin De Porres,GRIFO DENNIS S.A.C.,Diesel DB5,23.49
2026-08-24,Lima,Lima,San Martin De Porres,GRIFO SAN DIEGO,Diesel DB5,23.09
2026-08-24,Lima,Lima,San Martin De Porres,GRIFO SAN IGNACIO SAC,Diesel DB5,26.49
2026-08-24,Lima,Lima,San Martin De Porres,GRIFO SERVITOR SA,Diesel DB5,22.99
2026-08-24,Lima,Lima,San Martin De Porres,GRIFOS ESPINOZA,Diesel DB5,24.99
2026-08-24,Lima,Lima,San Martin De Porres,GRUPO VENEZUELA SAC,Diesel DB5,23.98
2026-08-24,Lima,Lima,San Martin De Porres,H & P INGENIERÍA LÍQUIDA S.A.C.,Diesel DB5,22.99
2026-08-24,Lima,Lima,San Martin De Porres,INVERSIONES EL PIBE S.A.C.,Diesel DB5,24.39
2026-08-24,Lima,Lima,San Martin De Porres,INVERSIONES JULIO III SAC,Diesel DB5,22.99
2026-08-24,Lima,Lima,San Martin De Porres,INVERSIONES Y NEGOCIOS YOLANDA E.I.R.L.,Diesel DB5,23.97
2026-08-24,Lima,Lima,San Martin De Porres,JOSUE RUFO TANTAVILCA CHUQUILLANQUI,Diesel DB5,22.99
2026-08-24,Lima,Lima,San Martin De Porres,JUANA PONCE ZEGARRA,Diesel DB5,22.98
2026-08-24,Lima,Lima,San Martin De Porres,K.Y.T. S.A.C,Diesel DB5,25.15
2026-08-24,Lima,Lima,San Martin De Porres,MIOLENA S.A,Diesel DB5,23.39
2026-08-24,Lima,Lima,San Martin De Porres,PALACIOS GAMARRA PERCY JOEL,Diesel DB5,22.89
2026-08-24,Lima,Lima,San Martin De Porres,PETRO OLIMPO S.A.C.,Diesel DB5,22.87
2026-08-24,Lima,Lima,San Martin De Porres,PETRO SAN MARTIN S.A.C.,Diesel DB5,22.87
2026-08-24,Lima,Lima,San Martin De Porres,PETROMIX S.A.C.,Diesel DB5,22.98
2026-08-24,Lima,Lima,San Martin De Porres,R & M SOLUCIONES Y SERVICIOS GENERALES S.A.C.,Diesel DB5,22.69
2026-08-24,Lima,Lima,San Martin De Porres,REPSOL COMERCIAL S.A.C.,Diesel DB5,26.49
2026-08-24,Lima,Lima,San Martin De Porres,REPSOL COMERCIAL S.A.C.,Diesel DB5,26.49
2026-08-24,Lima,Lima,San Martin De Porres,SERVICENTRO Y TRANSPORTES  CONTRERAS S.A.C.,Diesel DB5,24.58
2026-08-24,Lima,Lima,San Martin De Porres,SUCESION INDIVISA CUBAS CUBAS HECTOR FELIX,Diesel DB5,24.99
2026-08-24,Lima,Lima,San Martin De Porres,ADMINISTRACION DE GRIFOS LEP S.A.C.,Gasolina Premium,20.99
2026-08-24,Lima,Lima,San Martin De Porres,COESTI S A,Gasolina Premium,21.79
2026-08-24,Lima,Lima,San Martin De Porres,COESTI S.A,Gasolina Premium,20.99
2026-08-24,Lima,Lima,San Martin De Porres,CONSORCIO KINZUKO S.A.C.,Gasolina Premium,21.89
2026-08-24,Lima,Lima,San Martin De Porres,COPRINI S.A.C.,Gasolina Premium,20.79
2026-08-24,Lima,Lima,San Martin De Porres,CORPORACION GEAMAR SAC,Gasolina Premium,20.99
2026-08-24,Lima,Lima,San Martin De Porres,CORPORACION HA  SAC,Gasolina Premium,21.83
2026-08-24,Lima,Lima,San Martin De Porres,CORPORACION JUDY S.A.C.,Gasolina Premium,21.85
2026-08-24,Lima,Lima,San Martin De Porres,DELTA CHOCAS EIRL,Gasolina Premium,20.70
2026-08-24,Lima,Lima,San Martin De Porres,EL GRIFITO S.A.,Gasolina Premium,20.68
2026-08-24,Lima,Lima,San Martin De Porres,EMPRESA DE SERVICIOS DAYNE S.A.C.,Gasolina Premium,20.49
2026-08-24,Lima,Lima,San Martin De Porres,ESTACION SANTA RITA S.A.C.,Gasolina Premium,20.99
2026-08-24,Lima,Lima,San Martin De Porres,EVER JUNIOR CARRASCO ORTEGA,Gasolina Premium,23.68
2026-08-24,Lima,Lima,San Martin De Porres,FUEL STATION CONTRERAS S.A.C.,Gasolina Premium,22.95
2026-08-24,Lima,Lima,San Martin De Porres,GRIFO CONTROL SAC,Gasolina Premium,21.36
2026-08-24,Lima,Lima,San Martin De Porres,GRIFO DENNIS S.A.C.,Gasolina Premium,20.75
2026-08-24,Lima,Lima,San Martin De Porres,GRIFO SAN DIEGO,Gasolina Premium,20.19
2026-08-24,Lima,Lima,San Martin De Porres,GRIFO SAN IGNACIO SAC,Gasolina Premium,21.99
2026-08-24,Lima,Lima,San Martin De Porres,GRIFO SERVITOR SA,Gasolina Premium,20.48
2026-08-24,Lima,Lima,San Martin De Porres,GRIFOS ESPINOZA,Gasolina Premium,20.99
2026-08-24,Lima,Lima,San Martin De Porres,GRUPO VENEZUELA SAC,Gasolina Premium,21.58
2026-08-24,Lima,Lima,San Martin De Porres,H & P INGENIERÍA LÍQUIDA S.A.C.,Gasolina Premium,20.29
2026-08-24,Lima,Lima,San Martin De Porres,INVERSIONES EL PIBE S.A.C.,Gasolina Premium,20.69
2026-08-24,Lima,Lima,San Martin De Porres,INVERSIONES JULIO III SAC,Gasolina Premium,20.18
2026-08-24,Lima,Lima,San Martin De Porres,INVERSIONES Y NEGOCIOS YOLANDA E.I.R.L.,Gasolina Premium,21.98
2026-08-24,Lima,Lima,San Martin De Porres,JOSUE RUFO TANTAVILCA CHUQUILLANQUI,Gasolina Premium,19.99
2026-08-24,Lima,Lima,San Martin De Porres,JUANA PONCE ZEGARRA,Gasolina Premium,20.20
2026-08-24,Lima,Lima,San Martin De Porres,K.Y.T. S.A.C,Gasolina Premium,22.05
2026-08-24,Lima,Lima,San Martin De Porres,MIOLENA S.A,Gasolina Premium,21.49
2026-08-24,Lima,Lima,San Martin De Porres,PALACIOS GAMARRA PERCY JOEL,Gasolina Premium,20.29
2026-08-24,Lima,Lima,San Martin De Porres,PETRO OLIMPO S.A.C.,Gasolina Premium,20.17
2026-08-24,Lima,Lima,San Martin De Porres,PETRO SAN MARTIN S.A.C.,Gasolina Premium,20.17
2026-08-24,Lima,Lima,San Martin De Porres,PETROMIX S.A.C.,Gasolina Premium,20.20
2026-08-24,Lima,Lima,San Martin De Porres,R & M SOLUCIONES Y SERVICIOS GENERALES S.A.C.,Gasolina Premium,19.69
2026-08-24,Lima,Lima,San Martin De Porres,REPSOL COMERCIAL S.A.C.,Gasolina Premium,23.99
2026-08-24,Lima,Lima,San Martin De Porres,REPSOL COMERCIAL S.A.C.,Gasolina Premium,24.99
2026-08-24,Lima,Lima,San Martin De Porres,SERVICENTRO Y TRANSPORTES  CONTRERAS S.A.C.,Gasolina Premium,22.95
2026-08-24,Lima,Lima,San Martin De Porres,SUCESION INDIVISA CUBAS CUBAS HECTOR FELIX,Gasolina Premium,21.59
2026-08-24,Lima,Lima,San Martin De Porres,SUNNA OIL SAC,Gasolina Premium,21.49
2026-08-24,Lima,Lima,San Martin De Porres,ADMINISTRACION DE GRIFOS LEP S.A.C.,Gasolina Regular,19.29
2026-08-24,Lima,Lima,San Martin De Porres,COESTI S A,Gasolina Regular,19.99
2026-08-24,Lima,Lima,San Martin De Porres,COESTI S.A,Gasolina Regular,19.69
2026-08-24,Lima,Lima,San Martin De Porres,CONSORCIO KINZUKO S.A.C.,Gasolina Regular,20.85
2026-08-24,Lima,Lima,San Martin De Porres,COPRINI S.A.C.,Gasolina Regular,19.99
2026-08-24,Lima,Lima,San Martin De Porres,CORPORACION GEAMAR SAC,Gasolina Regular,19.79
2026-08-24,Lima,Lima,San Martin De Porres,CORPORACION HA  SAC,Gasolina Regular,20.33
2026-08-24,Lima,Lima,San Martin De Porres,CORPORACION JUDY S.A.C.,Gasolina Regular,20.35
2026-08-24,Lima,Lima,San Martin De Porres,DELTA CHOCAS EIRL,Gasolina Regular,19.70
2026-08-24,Lima,Lima,San Martin De Porres,EL GRIFITO S.A.,Gasolina Regular,19.68
2026-08-24,Lima,Lima,San Martin De Porres,EMPRESA DE SERVICIOS DAYNE S.A.C.,Gasolina Regular,19.49
2026-08-24,Lima,Lima,San Martin De Porres,ESTACION SANTA RITA S.A.C.,Gasolina Regular,19.79
2026-08-24,Lima,Lima,San Martin De Porres,EVER JUNIOR CARRASCO ORTEGA,Gasolina Regular,21.48
2026-08-24,Lima,Lima,San Martin De Porres,FUEL STATION CONTRERAS S.A.C.,Gasolina Regular,21.23
2026-08-24,Lima,Lima,San Martin De Porres,GRIFO CONTROL SAC,Gasolina Regular,20.64
2026-08-24,Lima,Lima,San Martin De Porres,GRIFO DENNIS S.A.C.,Gasolina Regular,19.65
2026-08-24,Lima,Lima,San Martin De Porres,GRIFO SAN DIEGO,Gasolina Regular,19.19
2026-08-24,Lima,Lima,San Martin De Porres,GRIFO SAN IGNACIO SAC,Gasolina Regular,20.49
2026-08-24,Lima,Lima,San Martin De Porres,GRIFO SERVITOR SA,Gasolina Regular,19.47
2026-08-24,Lima,Lima,San Martin De Porres,GRIFOS ESPINOZA,Gasolina Regular,19.99
2026-08-24,Lima,Lima,San Martin De Porres,GRUPO VENEZUELA SAC,Gasolina Regular,21.08
2026-08-24,Lima,Lima,San Martin De Porres,H & P INGENIERÍA LÍQUIDA S.A.C.,Gasolina Regular,19.29
2026-08-24,Lima,Lima,San Martin De Porres,INVERSIONES EL PIBE S.A.C.,Gasolina Regular,19.59
2026-08-24,Lima,Lima,San Martin De Porres,INVERSIONES JULIO III SAC,Gasolina Regular,19.18
2026-08-24,Lima,Lima,San Martin De Porres,INVERSIONES Y NEGOCIOS YOLANDA E.I.R.L.,Gasolina Regular,20.57
2026-08-24,Lima,Lima,San Martin De Porres,JOSUE RUFO TANTAVILCA CHUQUILLANQUI,Gasolina Regular,19.15
2026-08-24,Lima,Lima,San Martin De Porres,JUANA PONCE ZEGARRA,Gasolina Regular,19.40
2026-08-24,Lima,Lima,San Martin De Porres,K.Y.T. S.A.C,Gasolina Regular,21.07
2026-08-24,Lima,Lima,San Martin De Porres,MIOLENA S.A,Gasolina Regular,20.39
2026-08-24,Lima,Lima,San Martin De Porres,PALACIOS GAMARRA PERCY JOEL,Gasolina Regular,19.29
2026-08-24,Lima,Lima,San Martin De Porres,PETRO OLIMPO S.A.C.,Gasolina Regular,19.17
2026-08-24,Lima,Lima,San Martin De Porres,PETRO SAN MARTIN S.A.C.,Gasolina Regular,19.17
2026-08-24,Lima,Lima,San Martin De Porres,PETROMIX S.A.C.,Gasolina Regular,19.40
2026-08-24,Lima,Lima,San Martin De Porres,R & M SOLUCIONES Y SERVICIOS GENERALES S.A.C.,Gasolina Regular,18.99
2026-08-24,Lima,Lima,San Martin De Porres,REPSOL COMERCIAL S.A.C.,Gasolina Regular,20.99
2026-08-24,Lima,Lima,San Martin De Porres,REPSOL COMERCIAL S.A.C.,Gasolina Regular,22.99
2026-08-24,Lima,Lima,San Martin De Porres,SERVICENTRO Y TRANSPORTES  CONTRERAS S.A.C.,Gasolina Regular,21.23
2026-08-24,Lima,Lima,San Martin De Porres,SUCESION INDIVISA CUBAS CUBAS HECTOR FELIX,Gasolina Regular,20.48
2026-08-24,Lima,Lima,San Martin De Porres,SUNNA OIL SAC,Gasolina Regular,20.49
2026-08-24,Lima,Lima,San Miguel,COESTI  LA PAZ,Diesel DB5,24.99
2026-08-24,Lima,Lima,San Miguel,COESTI LA MARINA,Diesel DB5,24.85
2026-08-24,Lima,Lima,San Miguel,COESTI S.A,Diesel DB5,24.99
2026-08-24,Lima,Lima,San Miguel,COESTI S.A,Diesel DB5,24.99
2026-08-24,Lima,Lima,San Miguel,COESTI S.A.,Diesel DB5,24.99
2026-08-24,Lima,Lima,San Miguel,COESTI S.A.,Diesel DB5,24.99
2026-08-24,Lima,Lima,San Miguel,COESTI.S.A,Diesel DB5,24.49
2026-08-24,Lima,Lima,San Miguel,ES EL CARMELO,Diesel DB5,24.99
2026-08-24,Lima,Lima,San Miguel,ESTACION DE SERVICIOS SANTO TOMAS DE LIMA S.A.C.,Diesel DB5,23.49
2026-08-24,Lima,Lima,San Miguel,ESTACION LA MAR PRIMAX,Diesel DB5,24.89
2026-08-24,Lima,Lima,San Miguel,GO COMBUSTIBLES 7 S.A.C.,Diesel DB5,23.99
2026-08-24,Lima,Lima,San Miguel,GRIFO SAN IGNACIO,Diesel DB5,25.99
2026-08-24,Lima,Lima,San Miguel,PETROCENTRO YULIA S.A.C.,Diesel DB5,24.99
2026-08-24,Lima,Lima,San Miguel,REPSOL COMERCIAL S.A.C.,Diesel DB5,26.49
2026-08-24,Lima,Lima,San Miguel,REPSOL COMERCIAL S.A.C.,Diesel DB5,26.49
2026-08-24,Lima,Lima,San Miguel,TERPEL PERU S.A.C,Diesel DB5,24.99
2026-08-24,Lima,Lima,San Miguel,COESTI  LA PAZ,Gasolina Premium,21.79
2026-08-24,Lima,Lima,San Miguel,COESTI LA MARINA,Gasolina Premium,21.79
2026-08-24,Lima,Lima,San Miguel,COESTI S.A,Gasolina Premium,21.79
2026-08-24,Lima,Lima,San Miguel,COESTI S.A.,Gasolina Premium,21.99
2026-08-24,Lima,Lima,San Miguel,COESTI S.A.,Gasolina Premium,22.39
2026-08-24,Lima,Lima,San Miguel,COESTI.S.A,Gasolina Premium,21.99
2026-08-24,Lima,Lima,San Miguel,ES EL CARMELO,Gasolina Premium,22.49
2026-08-24,Lima,Lima,San Miguel,ESTACION DE SERVICIOS SANTO TOMAS DE LIMA S.A.C.,Gasolina Premium,20.29
2026-08-24,Lima,Lima,San Miguel,ESTACION LA MAR PRIMAX,Gasolina Premium,21.49
2026-08-24,Lima,Lima,San Miguel,GO COMBUSTIBLES 7 S.A.C.,Gasolina Premium,21.75
2026-08-24,Lima,Lima,San Miguel,GRIFO SAN IGNACIO,Gasolina Premium,20.99
2026-08-24,Lima,Lima,San Miguel,PETROCENTRO YULIA S.A.C.,Gasolina Premium,21.79
2026-08-24,Lima,Lima,San Miguel,REPSOL COMERCIAL S.A.C.,Gasolina Premium,21.95
2026-08-24,Lima,Lima,San Miguel,REPSOL COMERCIAL S.A.C.,Gasolina Premium,25.99
2026-08-24,Lima,Lima,San Miguel,TERPEL PERU S.A.C,Gasolina Premium,22.49
2026-08-24,Lima,Lima,San Miguel,COESTI  LA PAZ,Gasolina Regular,19.79
2026-08-24,Lima,Lima,San Miguel,COESTI LA MARINA,Gasolina Regular,19.19
2026-08-24,Lima,Lima,San Miguel,COESTI S.A,Gasolina Regular,19.79
2026-08-24,Lima,Lima,San Miguel,COESTI S.A,Gasolina Regular,20.29
2026-08-24,Lima,Lima,San Miguel,COESTI S.A.,Gasolina Regular,19.99
2026-08-24,Lima,Lima,San Miguel,COESTI S.A.,Gasolina Regular,20.19
2026-08-24,Lima,Lima,San Miguel,COESTI.S.A,Gasolina Regular,19.39
2026-08-24,Lima,Lima,San Miguel,ES EL CARMELO,Gasolina Regular,20.19
2026-08-24,Lima,Lima,San Miguel,ESTACION DE SERVICIOS SANTO TOMAS DE LIMA S.A.C.,Gasolina Regular,18.95
2026-08-24,Lima,Lima,San Miguel,ESTACION LA MAR PRIMAX,Gasolina Regular,19.89
2026-08-24,Lima,Lima,San Miguel,GO COMBUSTIBLES 7 S.A.C.,Gasolina Regular,19.75
2026-08-24,Lima,Lima,San Miguel,GRIFO SAN IGNACIO,Gasolina Regular,19.99
2026-08-24,Lima,Lima,San Miguel,PETROCENTRO YULIA S.A.C.,Gasolina Regular,19.79
2026-08-24,Lima,Lima,San Miguel,REPSOL COMERCIAL S.A.C.,Gasolina Regular,20.55
2026-08-24,Lima,Lima,San Miguel,REPSOL COMERCIAL S.A.C.,Gasolina Regular,22.99
2026-08-24,Lima,Lima,San Miguel,TERPEL PERU S.A.C,Gasolina Regular,21.49
2026-08-24,Lima,Lima,Santa Anita,AERO GAS DEL NORTE SOCIEDAD ANONIMA  CERRADA,Diesel DB5,23.25
2026-08-24,Lima,Lima,Santa Anita,COMERCIALIZADORA E IMPORTADORA JOSE OLAYA S.A.,Diesel DB5,23.39
2026-08-24,Lima,Lima,Santa Anita,COMPAÑÍA PETROLERA PLUS SAC,Diesel DB5,23.63
2026-08-24,Lima,Lima,Santa Anita,DIEGO OSWALDO HUMARI QUISPE,Diesel DB5,23.60
2026-08-24,Lima,Lima,Santa Anita,EL GRIFON,Diesel DB5,23.24
2026-08-24,Lima,Lima,Santa Anita,EMPRESA DE TRANSPORTES Y SERVICIOS ALMIRANTE MIGUEL GRAU S.A.,Diesel DB5,23.58
2026-08-24,Lima,Lima,Santa Anita,ESTACION DE SERVICIO SANTA ANITA S.A.C.,Diesel DB5,23.18
2026-08-24,Lima,Lima,Santa Anita,FLORENCIA SOTO LOARDO,Diesel DB5,23.89
2026-08-24,Lima,Lima,Santa Anita,GLOBAL FUEL S.A.,Diesel DB5,24.99
2026-08-24,Lima,Lima,Santa Anita,MME INVERSIONES GENERALES SOCIEDAD COMERCIAL DE RESPONSABILIDAD LIMITADA,Diesel DB5,23.19
2026-08-24,Lima,Lima,Santa Anita,ROOSSEVELT INVERSIONES GENERALES SRL,Diesel DB5,23.49
2026-08-24,Lima,Lima,Santa Anita,SERVICENTRO EL ASESOR S.A.C.,Diesel DB5,23.18
2026-08-24,Lima,Lima,Santa Anita,AERO GAS DEL NORTE SOCIEDAD ANONIMA  CERRADA,Gasolina Premium,20.75
2026-08-24,Lima,Lima,Santa Anita,COMERCIALIZADORA E IMPORTADORA JOSE OLAYA S.A.,Gasolina Premium,20.50
2026-08-24,Lima,Lima,Santa Anita,COMPAÑÍA PETROLERA PLUS SAC,Gasolina Premium,20.50
2026-08-24,Lima,Lima,Santa Anita,DIEGO OSWALDO HUMARI QUISPE,Gasolina Premium,22.55
2026-08-24,Lima,Lima,Santa Anita,EL GRIFON,Gasolina Premium,20.94
2026-08-24,Lima,Lima,Santa Anita,EMPRESA DE TRANSPORTES Y SERVICIOS ALMIRANTE MIGUEL GRAU S.A.,Gasolina Premium,21.90
2026-08-24,Lima,Lima,Santa Anita,ESTACION DE SERVICIO SANTA ANITA S.A.C.,Gasolina Premium,21.99
2026-08-24,Lima,Lima,Santa Anita,FLORENCIA SOTO LOARDO,Gasolina Premium,21.99
2026-08-24,Lima,Lima,Santa Anita,GLOBAL FUEL S.A.,Gasolina Premium,23.99
2026-08-24,Lima,Lima,Santa Anita,MME INVERSIONES GENERALES SOCIEDAD COMERCIAL DE RESPONSABILIDAD LIMITADA,Gasolina Premium,20.99
2026-08-24,Lima,Lima,Santa Anita,ROOSSEVELT INVERSIONES GENERALES SRL,Gasolina Premium,21.49
2026-08-24,Lima,Lima,Santa Anita,SERVICENTRO EL ASESOR S.A.C.,Gasolina Premium,21.99
2026-08-24,Lima,Lima,Santa Anita,AERO GAS DEL NORTE SOCIEDAD ANONIMA  CERRADA,Gasolina Regular,19.75
2026-08-24,Lima,Lima,Santa Anita,COMERCIALIZADORA E IMPORTADORA JOSE OLAYA S.A.,Gasolina Regular,19.50
2026-08-24,Lima,Lima,Santa Anita,COMPAÑÍA PETROLERA PLUS SAC,Gasolina Regular,19.63
2026-08-24,Lima,Lima,Santa Anita,DIEGO OSWALDO HUMARI QUISPE,Gasolina Regular,19.60
2026-08-24,Lima,Lima,Santa Anita,EL GRIFON,Gasolina Regular,19.63
2026-08-24,Lima,Lima,Santa Anita,EMPRESA DE TRANSPORTES Y SERVICIOS ALMIRANTE MIGUEL GRAU S.A.,Gasolina Regular,21.08
2026-08-24,Lima,Lima,Santa Anita,ESTACION DE SERVICIO SANTA ANITA S.A.C.,Gasolina Regular,19.64
2026-08-24,Lima,Lima,Santa Anita,FLORENCIA SOTO LOARDO,Gasolina Regular,19.79
2026-08-24,Lima,Lima,Santa Anita,GLOBAL FUEL S.A.,Gasolina Regular,21.99
2026-08-24,Lima,Lima,Santa Anita,MME INVERSIONES GENERALES SOCIEDAD COMERCIAL DE RESPONSABILIDAD LIMITADA,Gasolina Regular,19.99
2026-08-24,Lima,Lima,Santa Anita,ROOSSEVELT INVERSIONES GENERALES SRL,Gasolina Regular,20.19
2026-08-24,Lima,Lima,Santa Anita,SERVICENTRO EL ASESOR S.A.C.,Gasolina Regular,19.65
2026-08-24,Lima,Lima,Santa Rosa,AERO GAS DEL NORTE SOCIEDAD ANONIMA  CERRADA,Diesel DB5,23.25
2026-08-24,Lima,Lima,Santa Rosa,AERO GAS DEL NORTE SOCIEDAD ANONIMA  CERRADA,Gasolina Premium,20.49
2026-08-24,Lima,Lima,Santa Rosa,AERO GAS DEL NORTE SOCIEDAD ANONIMA  CERRADA,Gasolina Regular,19.49
2026-08-24,Lima,Lima,Santiago De Surco,AERO SERVICIOS S.A.C.,Diesel DB5,24.59
2026-08-24,Lima,Lima,Santiago De Surco,AUTOSERVICIOS SAN ISIDRO S.R.L.,Diesel DB5,24.99
2026-08-24,Lima,Lima,Santiago De Surco,COESTI  GRANADA,Diesel DB5,23.99
2026-08-24,Lima,Lima,Santiago De Surco,COESTI S.A,Diesel DB5,23.79
2026-08-24,Lima,Lima,Santiago De Surco,COESTI S.A,Diesel DB5,23.99
2026-08-24,Lima,Lima,Santiago De Surco,COESTI S.A,Diesel DB5,24.49
2026-08-24,Lima,Lima,Santiago De Surco,COESTI S.A,Diesel DB5,24.49
2026-08-24,Lima,Lima,Santiago De Surco,COESTI S.A.,Diesel DB5,23.69
2026-08-24,Lima,Lima,Santiago De Surco,COESTI S.A.,Diesel DB5,23.99
2026-08-24,Lima,Lima,Santiago De Surco,COESTI S.A.,Diesel DB5,24.99
2026-08-24,Lima,Lima,Santiago De Surco,EGA EMPRESARIAL S.A.C.,Diesel DB5,25.79
2026-08-24,Lima,Lima,Santiago De Surco,ESTACION DE SERVICIOS BOLIVAR S.A.,Diesel DB5,22.49
2026-08-24,Lima,Lima,Santiago De Surco,GANAGAS S.A.C.,Diesel DB5,24.99
2026-08-24,Lima,Lima,Santiago De Surco,GLOBAL FUEL S.A,Diesel DB5,26.49
2026-08-24,Lima,Lima,Santiago De Surco,GLOBAL FUEL S.A.,Diesel DB5,24.99
2026-08-24,Lima,Lima,Santiago De Surco,GLOBAL FUEL SAC,Diesel DB5,25.99
2026-08-24,Lima,Lima,Santiago De Surco,GLOBAL FUEL SOCIEDAD ANONIMA,Diesel DB5,25.99
2026-08-24,Lima,Lima,Santiago De Surco,GRIFOS LA TUNA S.A.C.,Diesel DB5,22.99
2026-08-24,Lima,Lima,Santiago De Surco,INVERSIONES GASSURCO S.A.C.,Diesel DB5,24.99
2026-08-24,Lima,Lima,Santiago De Surco,REPSOL COMERCIAL S.A.C.,Diesel DB5,25.99
2026-08-24,Lima,Lima,Santiago De Surco,REPSOL COMERCIAL S.A.C.,Diesel DB5,26.49
2026-08-24,Lima,Lima,Santiago De Surco,REPSOL COMERCIAL S.A.C.,Diesel DB5,26.49
2026-08-24,Lima,Lima,Santiago De Surco,REPSOL COMERCIAL S.A.C.,Diesel DB5,26.49
2026-08-24,Lima,Lima,Santiago De Surco,SERVICENTRO GERMANICO F.H. S.A.C.,Diesel DB5,24.48
2026-08-24,Lima,Lima,Santiago De Surco,SERVICENTRO LOS ROSALES S.A.,Diesel DB5,25.59
2026-08-24,Lima,Lima,Santiago De Surco,SHENANDOA S.A.C.,Diesel DB5,24.99
2026-08-24,Lima,Lima,Santiago De Surco,SUR EXPORT E.I.R.L.,Diesel DB5,24.58
2026-08-24,Lima,Lima,Santiago De Surco,AERO SERVICIOS S.A.C.,Gasolina Premium,21.79
2026-08-24,Lima,Lima,Santiago De Surco,AUTOSERVICIOS SAN ISIDRO S.R.L.,Gasolina Premium,22.19
2026-08-24,Lima,Lima,Santiago De Surco,COESTI  GRANADA,Gasolina Premium,22.05
2026-08-24,Lima,Lima,Santiago De Surco,COESTI S.A,Gasolina Premium,21.45
2026-08-24,Lima,Lima,Santiago De Surco,COESTI S.A,Gasolina Premium,21.65
2026-08-24,Lima,Lima,Santiago De Surco,COESTI S.A,Gasolina Premium,21.95
2026-08-24,Lima,Lima,Santiago De Surco,COESTI S.A,Gasolina Premium,21.99
2026-08-24,Lima,Lima,Santiago De Surco,COESTI S.A.,Gasolina Premium,21.35
2026-08-24,Lima,Lima,Santiago De Surco,COESTI S.A.,Gasolina Premium,21.69
2026-08-24,Lima,Lima,Santiago De Surco,COESTI S.A.,Gasolina Premium,23.69
2026-08-24,Lima,Lima,Santiago De Surco,EGA EMPRESARIAL S.A.C.,Gasolina Premium,24.99
2026-08-24,Lima,Lima,Santiago De Surco,ESTACION DE SERVICIOS BOLIVAR S.A.,Gasolina Premium,20.89
2026-08-24,Lima,Lima,Santiago De Surco,GANAGAS S.A.C.,Gasolina Premium,21.35
2026-08-24,Lima,Lima,Santiago De Surco,GLOBAL FUEL S.A,Gasolina Premium,25.99
2026-08-24,Lima,Lima,Santiago De Surco,GLOBAL FUEL S.A.,Gasolina Premium,20.99
2026-08-24,Lima,Lima,Santiago De Surco,GLOBAL FUEL SAC,Gasolina Premium,22.69
2026-08-24,Lima,Lima,Santiago De Surco,GLOBAL FUEL SOCIEDAD ANONIMA,Gasolina Premium,24.69
2026-08-24,Lima,Lima,Santiago De Surco,GRIFOS LA TUNA S.A.C.,Gasolina Premium,20.99
2026-08-24,Lima,Lima,Santiago De Surco,INVERSIONES GASSURCO S.A.C.,Gasolina Premium,21.35
2026-08-24,Lima,Lima,Santiago De Surco,REPSOL COMERCIAL S.A.C.,Gasolina Premium,21.99
2026-08-24,Lima,Lima,Santiago De Surco,REPSOL COMERCIAL S.A.C.,Gasolina Premium,24.49
2026-08-24,Lima,Lima,Santiago De Surco,REPSOL COMERCIAL S.A.C.,Gasolina Premium,25.99
2026-08-24,Lima,Lima,Santiago De Surco,REPSOL COMERCIAL S.A.C.,Gasolina Premium,25.99
2026-08-24,Lima,Lima,Santiago De Surco,SERVICENTRO GERMANICO F.H. S.A.C.,Gasolina Premium,21.42
2026-08-24,Lima,Lima,Santiago De Surco,SERVICENTRO LOS ROSALES S.A.,Gasolina Premium,21.99
2026-08-24,Lima,Lima,Santiago De Surco,SHENANDOA S.A.C.,Gasolina Premium,21.94
2026-08-24,Lima,Lima,Santiago De Surco,SUR EXPORT E.I.R.L.,Gasolina Premium,22.98
2026-08-24,Lima,Lima,Santiago De Surco,AERO SERVICIOS S.A.C.,Gasolina Regular,20.69
2026-08-24,Lima,Lima,Santiago De Surco,AUTOSERVICIOS SAN ISIDRO S.R.L.,Gasolina Regular,20.70
2026-08-24,Lima,Lima,Santiago De Surco,COESTI  GRANADA,Gasolina Regular,19.89
2026-08-24,Lima,Lima,Santiago De Surco,COESTI S.A,Gasolina Regular,19.99
2026-08-24,Lima,Lima,Santiago De Surco,COESTI S.A,Gasolina Regular,20.05
2026-08-24,Lima,Lima,Santiago De Surco,COESTI S.A,Gasolina Regular,20.35
2026-08-24,Lima,Lima,Santiago De Surco,COESTI S.A,Gasolina Regular,20.99
2026-08-24,Lima,Lima,Santiago De Surco,COESTI S.A.,Gasolina Regular,19.99
2026-08-24,Lima,Lima,Santiago De Surco,COESTI S.A.,Gasolina Regular,19.99
2026-08-24,Lima,Lima,Santiago De Surco,COESTI S.A.,Gasolina Regular,21.99
2026-08-24,Lima,Lima,Santiago De Surco,EGA EMPRESARIAL S.A.C.,Gasolina Regular,23.69
2026-08-24,Lima,Lima,Santiago De Surco,ESTACION DE SERVICIOS BOLIVAR S.A.,Gasolina Regular,19.69
2026-08-24,Lima,Lima,Santiago De Surco,GANAGAS S.A.C.,Gasolina Regular,19.99
2026-08-24,Lima,Lima,Santiago De Surco,GLOBAL FUEL S.A,Gasolina Regular,23.99
2026-08-24,Lima,Lima,Santiago De Surco,GLOBAL FUEL S.A.,Gasolina Regular,19.79
2026-08-24,Lima,Lima,Santiago De Surco,GLOBAL FUEL SAC,Gasolina Regular,21.69
2026-08-24,Lima,Lima,Santiago De Surco,GLOBAL FUEL SOCIEDAD ANONIMA,Gasolina Regular,22.99
2026-08-24,Lima,Lima,Santiago De Surco,GRIFOS LA TUNA S.A.C.,Gasolina Regular,19.79
2026-08-24,Lima,Lima,Santiago De Surco,INVERSIONES GASSURCO S.A.C.,Gasolina Regular,19.89
2026-08-24,Lima,Lima,Santiago De Surco,REPSOL COMERCIAL S.A.C.,Gasolina Regular,19.99
2026-08-24,Lima,Lima,Santiago De Surco,REPSOL COMERCIAL S.A.C.,Gasolina Regular,22.99
2026-08-24,Lima,Lima,Santiago De Surco,REPSOL COMERCIAL S.A.C.,Gasolina Regular,23.99
2026-08-24,Lima,Lima,Santiago De Surco,REPSOL COMERCIAL S.A.C.,Gasolina Regular,23.99
2026-08-24,Lima,Lima,Santiago De Surco,SERVICENTRO GERMANICO F.H. S.A.C.,Gasolina Regular,19.84
2026-08-24,Lima,Lima,Santiago De Surco,SERVICENTRO LOS ROSALES S.A.,Gasolina Regular,20.69
2026-08-24,Lima,Lima,Santiago De Surco,SHENANDOA S.A.C.,Gasolina Regular,20.34
2026-08-24,Lima,Lima,Santiago De Surco,SUR EXPORT E.I.R.L.,Gasolina Regular,20.98
2026-08-24,Lima,Lima,Surquillo,AVA ARAMBURU,Diesel DB5,24.99
2026-08-24,Lima,Lima,Surquillo,COESTI EL ROSARIO,Diesel DB5,24.49
2026-08-24,Lima,Lima,Surquillo,COESTI REPUBLICA DE PANAMA,Diesel DB5,23.99
2026-08-24,Lima,Lima,Surquillo,COESTI S.A,Diesel DB5,24.99
2026-08-24,Lima,Lima,Surquillo,COESTI S.A.,Diesel DB5,24.49
2026-08-24,Lima,Lima,Surquillo,ESTACIÓN DE SERVICIOS SAC,Diesel DB5,24.99
2026-08-24,Lima,Lima,Surquillo,GLOBAL FUEL S.A,Diesel DB5,24.99
2026-08-24,Lima,Lima,Surquillo,GO ORUE S.A.C,Diesel DB5,24.99
2026-08-24,Lima,Lima,Surquillo,MULTISERVICIOS ECOGAS S.A.C.,Diesel DB5,24.99
2026-08-24,Lima,Lima,Surquillo,REPSOL COMERCIAL S.A.C.,Diesel DB5,26.35
2026-08-24,Lima,Lima,Surquillo,REPSOL COMERCIAL S.A.C.,Diesel DB5,26.49
2026-08-24,Lima,Lima,Surquillo,AVA ARAMBURU,Gasolina Premium,22.49
2026-08-24,Lima,Lima,Surquillo,COESTI EL ROSARIO,Gasolina Premium,21.59
2026-08-24,Lima,Lima,Surquillo,COESTI REPUBLICA DE PANAMA,Gasolina Premium,21.89
2026-08-24,Lima,Lima,Surquillo,COESTI S.A,Gasolina Premium,21.99
2026-08-24,Lima,Lima,Surquillo,COESTI S.A.,Gasolina Premium,21.65
2026-08-24,Lima,Lima,Surquillo,ESTACIÓN DE SERVICIOS SAC,Gasolina Premium,21.39
2026-08-24,Lima,Lima,Surquillo,GLOBAL FUEL S.A,Gasolina Premium,21.39
2026-08-24,Lima,Lima,Surquillo,MULTISERVICIOS ECOGAS S.A.C.,Gasolina Premium,20.99
2026-08-24,Lima,Lima,Surquillo,REPSOL COMERCIAL S.A.C.,Gasolina Premium,21.79
2026-08-24,Lima,Lima,Surquillo,REPSOL COMERCIAL S.A.C.,Gasolina Premium,23.99
2026-08-24,Lima,Lima,Surquillo,SERVICIOS RIGAL SAC,Gasolina Premium,22.49
2026-08-24,Lima,Lima,Surquillo,AVA ARAMBURU,Gasolina Regular,21.29
2026-08-24,Lima,Lima,Surquillo,COESTI EL ROSARIO,Gasolina Regular,19.99
2026-08-24,Lima,Lima,Surquillo,COESTI REPUBLICA DE PANAMA,Gasolina Regular,20.19
2026-08-24,Lima,Lima,Surquillo,COESTI S.A,Gasolina Regular,20.39
2026-08-24,Lima,Lima,Surquillo,COESTI S.A.,Gasolina Regular,20.35
2026-08-24,Lima,Lima,Surquillo,ESTACIÓN DE SERVICIOS SAC,Gasolina Regular,19.99
2026-08-24,Lima,Lima,Surquillo,GLOBAL FUEL S.A,Gasolina Regular,19.99
2026-08-24,Lima,Lima,Surquillo,MULTISERVICIOS ECOGAS S.A.C.,Gasolina Regular,19.59
2026-08-24,Lima,Lima,Surquillo,REPSOL COMERCIAL S.A.C.,Gasolina Regular,19.79
2026-08-24,Lima,Lima,Surquillo,REPSOL COMERCIAL S.A.C.,Gasolina Regular,21.99
2026-08-24,Lima,Lima,Surquillo,SERVICIOS RIGAL SAC,Gasolina Regular,21.29
2026-08-24,Lima,Lima,Villa El Salvador,ADA CECILIA MONTERO ZURICHAQUI,Diesel DB5,22.99
2026-08-24,Lima,Lima,Villa El Salvador,COESTI S.A.,Diesel DB5,23.85
2026-08-24,Lima,Lima,Villa El Salvador,COESTI S.A.,Diesel DB5,23.95
2026-08-24,Lima,Lima,Villa El Salvador,COESTI SA,Diesel DB5,23.79
2026-08-24,Lima,Lima,Villa El Salvador,EE.SS. EL ALAMO,Diesel DB5,22.42
2026-08-24,Lima,Lima,Villa El Salvador,EMPRESA DE TRANSPORTES EDILBERTO RAMOS S.A.C.,Diesel DB5,22.99
2026-08-24,Lima,Lima,Villa El Salvador,ESTACION DE COMBUSTIBLES EL POLAR E.I.R.L.,Diesel DB5,23.50
2026-08-24,Lima,Lima,Villa El Salvador,ESTACION DE SERVICIOS & FENIX SUR S.A.C.,Diesel DB5,22.89
2026-08-24,Lima,Lima,Villa El Salvador,ESTACION DE SERVICIOS PERCY CAR S.R.L.,Diesel DB5,22.83
2026-08-24,Lima,Lima,Villa El Salvador,ESTACION DE SERVICIOS VILLA SAC,Diesel DB5,23.19
2026-08-24,Lima,Lima,Villa El Salvador,ESTACION DE SERVICIOS ZEUS,Diesel DB5,23.59
2026-08-24,Lima,Lima,Villa El Salvador,ESTACIÓN SAN DIEGO,Diesel DB5,23.69
2026-08-24,Lima,Lima,Villa El Salvador,ESTACIÓN SAN PABLO PLUS S.A.C.,Diesel DB5,23.49
2026-08-24,Lima,Lima,Villa El Salvador,EUROMAXX INVERSIONES GENERALES SAC,Diesel DB5,23.97
2026-08-24,Lima,Lima,Villa El Salvador,GRIFO CHAMA,Diesel DB5,22.89
2026-08-24,Lima,Lima,Villa El Salvador,GRIFOS ESPINOZA S.A.,Diesel DB5,22.99
2026-08-24,Lima,Lima,Villa El Salvador,GRIFOS PEBSA S.A.,Diesel DB5,22.40
2026-08-24,Lima,Lima,Villa El Salvador,GRUPO REVILLA S.A.C.,Diesel DB5,22.69
2026-08-24,Lima,Lima,Villa El Salvador,H BELLIDO TRANSPORTES S.A.C.,Diesel DB5,23.69
2026-08-24,Lima,Lima,Villa El Salvador,INVERSIONES KENY S.A.C.,Diesel DB5,23.30
2026-08-24,Lima,Lima,Villa El Salvador,INVERSIONES MICE S.A.C.,Diesel DB5,23.35
2026-08-24,Lima,Lima,Villa El Salvador,INVERSIONES NOBAL S.A.C.,Diesel DB5,23.69
2026-08-24,Lima,Lima,Villa El Salvador,INVERSIONES PERCY CAR S.R.L.,Diesel DB5,23.66
2026-08-24,Lima,Lima,Villa El Salvador,INVERSIONES Y GRIFOS CAMARENA S.A.,Diesel DB5,24.49
2026-08-24,Lima,Lima,Villa El Salvador,J.A. Y F. INVERSIONES S.R.LTDA.,Diesel DB5,23.49
2026-08-24,Lima,Lima,Villa El Salvador,JEVARO S.A.C.,Diesel DB5,24.15
2026-08-24,Lima,Lima,Villa El Salvador,PACHACUTEC INVERSIONES GENERALES SRL,Diesel DB5,23.97
2026-08-24,Lima,Lima,Villa El Salvador,PETRO EXPLORIUM S.A.C.,Diesel DB5,22.98
2026-08-24,Lima,Lima,Villa El Salvador,PETROSUR S.A.C.,Diesel DB5,22.42
2026-08-24,Lima,Lima,Villa El Salvador,PROPAGAS EIRL,Diesel DB5,23.89
2026-08-24,Lima,Lima,Villa El Salvador,REPSOL COMERCIAL S.A.C.,Diesel DB5,26.49
2026-08-24,Lima,Lima,Villa El Salvador,SERVICIOS Y GRIFOS CAMARENA S.A.,Diesel DB5,24.39
2026-08-24,Lima,Lima,Villa El Salvador,SOL DE ORO,Diesel DB5,24.13
2026-08-24,Lima,Lima,Villa El Salvador,ADA CECILIA MONTERO ZURICHAQUI,Gasolina Premium,20.89
2026-08-24,Lima,Lima,Villa El Salvador,COESTI S.A.,Gasolina Premium,21.05
2026-08-24,Lima,Lima,Villa El Salvador,COESTI S.A.,Gasolina Premium,21.05
2026-08-24,Lima,Lima,Villa El Salvador,COESTI SA,Gasolina Premium,21.79
2026-08-24,Lima,Lima,Villa El Salvador,EE.SS. EL ALAMO,Gasolina Premium,19.32
2026-08-24,Lima,Lima,Villa El Salvador,ESTACION DE COMBUSTIBLES EL POLAR E.I.R.L.,Gasolina Premium,21.00
2026-08-24,Lima,Lima,Villa El Salvador,ESTACION DE SERVICIOS & FENIX SUR S.A.C.,Gasolina Premium,20.57
2026-08-24,Lima,Lima,Villa El Salvador,ESTACION DE SERVICIOS PERCY CAR S.R.L.,Gasolina Premium,20.52
2026-08-24,Lima,Lima,Villa El Salvador,ESTACION DE SERVICIOS ZEUS,Gasolina Premium,21.19
2026-08-24,Lima,Lima,Villa El Salvador,ESTACIÓN SAN DIEGO,Gasolina Premium,20.99
2026-08-24,Lima,Lima,Villa El Salvador,ESTACIÓN SAN PABLO PLUS S.A.C.,Gasolina Premium,20.99
2026-08-24,Lima,Lima,Villa El Salvador,EUROMAXX INVERSIONES GENERALES SAC,Gasolina Premium,21.67
2026-08-24,Lima,Lima,Villa El Salvador,GRIFO CHAMA,Gasolina Premium,20.89
2026-08-24,Lima,Lima,Villa El Salvador,GRIFOS ESPINOZA S.A.,Gasolina Premium,21.69
2026-08-24,Lima,Lima,Villa El Salvador,GRIFOS PEBSA S.A.,Gasolina Premium,20.89
2026-08-24,Lima,Lima,Villa El Salvador,GRUPO REVILLA S.A.C.,Gasolina Premium,19.89
2026-08-24,Lima,Lima,Villa El Salvador,H BELLIDO TRANSPORTES S.A.C.,Gasolina Premium,20.99
2026-08-24,Lima,Lima,Villa El Salvador,INVERSIONES KENY S.A.C.,Gasolina Premium,21.50
2026-08-24,Lima,Lima,Villa El Salvador,INVERSIONES MICE S.A.C.,Gasolina Premium,20.39
2026-08-24,Lima,Lima,Villa El Salvador,INVERSIONES NOBAL S.A.C.,Gasolina Premium,22.99
2026-08-24,Lima,Lima,Villa El Salvador,INVERSIONES PERCY CAR S.R.L.,Gasolina Premium,20.92
2026-08-24,Lima,Lima,Villa El Salvador,INVERSIONES Y GRIFOS CAMARENA S.A.,Gasolina Premium,22.29
2026-08-24,Lima,Lima,Villa El Salvador,JEVARO S.A.C.,Gasolina Premium,21.39
2026-08-24,Lima,Lima,Villa El Salvador,PACHACUTEC INVERSIONES GENERALES SRL,Gasolina Premium,21.67
2026-08-24,Lima,Lima,Villa El Salvador,PETRO EXPLORIUM S.A.C.,Gasolina Premium,20.19
2026-08-24,Lima,Lima,Villa El Salvador,PETROSUR S.A.C.,Gasolina Premium,19.29
2026-08-24,Lima,Lima,Villa El Salvador,PROPAGAS EIRL,Gasolina Premium,21.59
2026-08-24,Lima,Lima,Villa El Salvador,REPSOL COMERCIAL S.A.C.,Gasolina Premium,24.99
2026-08-24,Lima,Lima,Villa El Salvador,SERVICIOS Y GRIFOS CAMARENA S.A.,Gasolina Premium,21.79
2026-08-24,Lima,Lima,Villa El Salvador,SOL DE ORO,Gasolina Premium,21.20
2026-08-24,Lima,Lima,Villa El Salvador,ADA CECILIA MONTERO ZURICHAQUI,Gasolina Regular,19.89
2026-08-24,Lima,Lima,Villa El Salvador,COESTI S.A.,Gasolina Regular,19.99
2026-08-24,Lima,Lima,Villa El Salvador,COESTI S.A.,Gasolina Regular,19.99
2026-08-24,Lima,Lima,Villa El Salvador,COESTI SA,Gasolina Regular,20.59
2026-08-24,Lima,Lima,Villa El Salvador,EE.SS. EL ALAMO,Gasolina Regular,18.99
2026-08-24,Lima,Lima,Villa El Salvador,ESTACION DE COMBUSTIBLES EL POLAR E.I.R.L.,Gasolina Regular,19.90
2026-08-24,Lima,Lima,Villa El Salvador,ESTACION DE SERVICIOS & FENIX SUR S.A.C.,Gasolina Regular,19.20
2026-08-24,Lima,Lima,Villa El Salvador,ESTACION DE SERVICIOS PERCY CAR S.R.L.,Gasolina Regular,19.82
2026-08-24,Lima,Lima,Villa El Salvador,ESTACION DE SERVICIOS VILLA SAC,Gasolina Regular,19.48
2026-08-24,Lima,Lima,Villa El Salvador,ESTACION DE SERVICIOS ZEUS,Gasolina Regular,20.19
2026-08-24,Lima,Lima,Villa El Salvador,ESTACIÓN SAN DIEGO,Gasolina Regular,19.99
2026-08-24,Lima,Lima,Villa El Salvador,ESTACIÓN SAN PABLO PLUS S.A.C.,Gasolina Regular,19.99
2026-08-24,Lima,Lima,Villa El Salvador,EUROMAXX INVERSIONES GENERALES SAC,Gasolina Regular,20.27
2026-08-24,Lima,Lima,Villa El Salvador,GRIFO CHAMA,Gasolina Regular,19.89
2026-08-24,Lima,Lima,Villa El Salvador,GRIFOS ESPINOZA S.A.,Gasolina Regular,19.99
2026-08-24,Lima,Lima,Villa El Salvador,GRIFOS PEBSA S.A.,Gasolina Regular,18.89
2026-08-24,Lima,Lima,Villa El Salvador,GRUPO REVILLA S.A.C.,Gasolina Regular,18.89
2026-08-24,Lima,Lima,Villa El Salvador,H BELLIDO TRANSPORTES S.A.C.,Gasolina Regular,19.99
2026-08-24,Lima,Lima,Villa El Salvador,INVERSIONES KENY S.A.C.,Gasolina Regular,20.70
2026-08-24,Lima,Lima,Villa El Salvador,INVERSIONES MICE S.A.C.,Gasolina Regular,19.79
2026-08-24,Lima,Lima,Villa El Salvador,INVERSIONES NOBAL S.A.C.,Gasolina Regular,20.99
2026-08-24,Lima,Lima,Villa El Salvador,INVERSIONES PERCY CAR S.R.L.,Gasolina Regular,19.96
2026-08-24,Lima,Lima,Villa El Salvador,INVERSIONES Y GRIFOS CAMARENA S.A.,Gasolina Regular,20.99
2026-08-24,Lima,Lima,Villa El Salvador,J.A. Y F. INVERSIONES S.R.LTDA.,Gasolina Regular,19.59
2026-08-24,Lima,Lima,Villa El Salvador,JEVARO S.A.C.,Gasolina Regular,20.39
2026-08-24,Lima,Lima,Villa El Salvador,PACHACUTEC INVERSIONES GENERALES SRL,Gasolina Regular,20.27
2026-08-24,Lima,Lima,Villa El Salvador,PETRO EXPLORIUM S.A.C.,Gasolina Regular,19.19
2026-08-24,Lima,Lima,Villa El Salvador,PETROSUR S.A.C.,Gasolina Regular,18.29
2026-08-24,Lima,Lima,Villa El Salvador,PROPAGAS EIRL,Gasolina Regular,20.69
2026-08-24,Lima,Lima,Villa El Salvador,REPSOL COMERCIAL S.A.C.,Gasolina Regular,22.99
2026-08-24,Lima,Lima,Villa El Salvador,SERVICIOS Y GRIFOS CAMARENA S.A.,Gasolina Regular,20.59
2026-08-24,Lima,Lima,Villa El Salvador,SOL DE ORO,Gasolina Regular,19.99
2026-08-24,Lima,Lima,Villa Maria Del Triunfo,COESTI SA,Diesel DB5,23.99
2026-08-24,Lima,Lima,Villa Maria Del Triunfo,CORPORACION BILCON GAS SAC,Diesel DB5,24.49
2026-08-24,Lima,Lima,Villa Maria Del Triunfo,E & A INVERSIONES S.A.,Diesel DB5,25.99
2026-08-24,Lima,Lima,Villa Maria Del Triunfo,EKYS INVERSIONES SAC,Diesel DB5,24.00
2026-08-24,Lima,Lima,Villa Maria Del Triunfo,EL INCOMPRENDIDO S.A.C.,Diesel DB5,23.39
2026-08-24,Lima,Lima,Villa Maria Del Triunfo,EL REGALON S.A.C,Diesel DB5,25.59
2026-08-24,Lima,Lima,Villa Maria Del Triunfo,ESTACION ATOCONGO SAC,Diesel DB5,23.49
2026-08-24,Lima,Lima,Villa Maria Del Triunfo,ESTACION DE SERVICIOS LAS CONCHITAS E.I.R.L.,Diesel DB5,25.94
2026-08-24,Lima,Lima,Villa Maria Del Triunfo,ESTACION DE SERVICIOS LUCOCIZA S.A.C.,Diesel DB5,24.99
2026-08-24,Lima,Lima,Villa Maria Del Triunfo,ESTACION DE SERVICIOS NUEVO PROGRESO S.A.C.,Diesel DB5,23.89
2026-08-24,Lima,Lima,Villa Maria Del Triunfo,ESTACION DE SERVICIOS PETRO WORLD SAC,Diesel DB5,23.49
2026-08-24,Lima,Lima,Villa Maria Del Triunfo,GLOBAL FUEL S.A.,Diesel DB5,25.99
2026-08-24,Lima,Lima,Villa Maria Del Triunfo,GRIFO EL ECONOMICO MELCHORITA S.A.C.,Diesel DB5,22.99
2026-08-24,Lima,Lima,Villa Maria Del Triunfo,GRIFO EL SOL LAS PALOMAS SAC,Diesel DB5,24.09
2026-08-24,Lima,Lima,Villa Maria Del Triunfo,GRIFO SAN IGNACIO,Diesel DB5,25.99
2026-08-24,Lima,Lima,Villa Maria Del Triunfo,GRIFO VALLE ALTO S.A.C.,Diesel DB5,23.19
2026-08-24,Lima,Lima,Villa Maria Del Triunfo,GRIFOS ESPINOZA S.A.,Diesel DB5,25.59
2026-08-24,Lima,Lima,Villa Maria Del Triunfo,HYTEK AUTOGAS,Diesel DB5,23.00
2026-08-24,Lima,Lima,Villa Maria Del Triunfo,INDUSTRIA METALMECANICA BILCON SAC,Diesel DB5,23.90
2026-08-24,Lima,Lima,Villa Maria Del Triunfo,PETROLEMP GROUP S.A.C.,Diesel DB5,22.99
2026-08-24,Lima,Lima,Villa Maria Del Triunfo,PETROLEMP GROUP S.A.C.,Diesel DB5,23.49
2026-08-24,Lima,Lima,Villa Maria Del Triunfo,RAUL HUMBERTO SOLIER REYNOSO,Diesel DB5,23.49
2026-08-24,Lima,Lima,Villa Maria Del Triunfo,REPRESENTACIONES Y ASOCIADOS MICSA S.A.C.,Diesel DB5,23.50
2026-08-24,Lima,Lima,Villa Maria Del Triunfo,SERVICENTRO BERNY S.R.L.,Diesel DB5,22.99
2026-08-24,Lima,Lima,Villa Maria Del Triunfo,SERVICENTRO JOSE GALVEZ S.A.,Diesel DB5,22.99
2026-08-24,Lima,Lima,Villa Maria Del Triunfo,SERVICENTRO MARCO ANTONIO S.R.LTDA.,Diesel DB5,24.49
2026-08-24,Lima,Lima,Villa Maria Del Triunfo,SERVICIOS MULTIPLES POGAS S.A.C.,Diesel DB5,23.39
2026-08-24,Lima,Lima,Villa Maria Del Triunfo,COESTI SA,Gasolina Premium,20.99
2026-08-24,Lima,Lima,Villa Maria Del Triunfo,CORPORACION BILCON GAS SAC,Gasolina Premium,22.99
2026-08-24,Lima,Lima,Villa Maria Del Triunfo,E & A INVERSIONES S.A.,Gasolina Premium,24.09
2026-08-24,Lima,Lima,Villa Maria Del Triunfo,EKYS INVERSIONES SAC,Gasolina Premium,22.40
2026-08-24,Lima,Lima,Villa Maria Del Triunfo,ESTACION ATOCONGO SAC,Gasolina Premium,21.10
2026-08-24,Lima,Lima,Villa Maria Del Triunfo,ESTACION DE SERVICIOS LAS CONCHITAS E.I.R.L.,Gasolina Premium,24.03
2026-08-24,Lima,Lima,Villa Maria Del Triunfo,ESTACION DE SERVICIOS LUCOCIZA S.A.C.,Gasolina Premium,23.99
2026-08-24,Lima,Lima,Villa Maria Del Triunfo,ESTACION DE SERVICIOS NUEVO PROGRESO S.A.C.,Gasolina Premium,20.89
2026-08-24,Lima,Lima,Villa Maria Del Triunfo,ESTACION DE SERVICIOS PETRO WORLD SAC,Gasolina Premium,21.49
2026-08-24,Lima,Lima,Villa Maria Del Triunfo,GLOBAL FUEL S.A.,Gasolina Premium,23.99
2026-08-24,Lima,Lima,Villa Maria Del Triunfo,GRIFO EL SOL LAS PALOMAS SAC,Gasolina Premium,22.29
2026-08-24,Lima,Lima,Villa Maria Del Triunfo,GRIFO SAN IGNACIO,Gasolina Premium,23.99
2026-08-24,Lima,Lima,Villa Maria Del Triunfo,GRIFOS ESPINOZA S.A.,Gasolina Premium,21.99
2026-08-24,Lima,Lima,Villa Maria Del Triunfo,HYTEK AUTOGAS,Gasolina Premium,20.60
2026-08-24,Lima,Lima,Villa Maria Del Triunfo,INDUSTRIA METALMECANICA BILCON SAC,Gasolina Premium,22.40
2026-08-24,Lima,Lima,Villa Maria Del Triunfo,PETROLEMP GROUP S.A.C.,Gasolina Premium,21.49
2026-08-24,Lima,Lima,Villa Maria Del Triunfo,PETROLEMP GROUP S.A.C.,Gasolina Premium,21.59
2026-08-24,Lima,Lima,Villa Maria Del Triunfo,RAUL HUMBERTO SOLIER REYNOSO,Gasolina Premium,21.99
2026-08-24,Lima,Lima,Villa Maria Del Triunfo,REPRESENTACIONES Y ASOCIADOS MICSA S.A.C.,Gasolina Premium,21.16
2026-08-24,Lima,Lima,Villa Maria Del Triunfo,SERVICENTRO BERNY S.R.L.,Gasolina Premium,20.59
2026-08-24,Lima,Lima,Villa Maria Del Triunfo,SERVICENTRO JOSE GALVEZ S.A.,Gasolina Premium,20.99
2026-08-24,Lima,Lima,Villa Maria Del Triunfo,SERVICENTRO MARCO ANTONIO S.R.LTDA.,Gasolina Premium,22.59
2026-08-24,Lima,Lima,Villa Maria Del Triunfo,SERVICIOS MULTIPLES POGAS S.A.C.,Gasolina Premium,20.99
2026-08-24,Lima,Lima,Villa Maria Del Triunfo,COESTI SA,Gasolina Regular,19.99
2026-08-24,Lima,Lima,Villa Maria Del Triunfo,CORPORACION BILCON GAS SAC,Gasolina Regular,21.09
2026-08-24,Lima,Lima,Villa Maria Del Triunfo,E & A INVERSIONES S.A.,Gasolina Regular,22.99
2026-08-24,Lima,Lima,Villa Maria Del Triunfo,EKYS INVERSIONES SAC,Gasolina Regular,21.50
2026-08-24,Lima,Lima,Villa Maria Del Triunfo,EL REGALON S.A.C,Gasolina Regular,20.69
2026-08-24,Lima,Lima,Villa Maria Del Triunfo,ESTACION ATOCONGO SAC,Gasolina Regular,20.10
2026-08-24,Lima,Lima,Villa Maria Del Triunfo,ESTACION DE SERVICIOS LAS CONCHITAS E.I.R.L.,Gasolina Regular,22.93
2026-08-24,Lima,Lima,Villa Maria Del Triunfo,ESTACION DE SERVICIOS LUCOCIZA S.A.C.,Gasolina Regular,21.99
2026-08-24,Lima,Lima,Villa Maria Del Triunfo,ESTACION DE SERVICIOS NUEVO PROGRESO S.A.C.,Gasolina Regular,19.89
2026-08-24,Lima,Lima,Villa Maria Del Triunfo,ESTACION DE SERVICIOS PETRO WORLD SAC,Gasolina Regular,20.49
2026-08-24,Lima,Lima,Villa Maria Del Triunfo,GLOBAL FUEL S.A.,Gasolina Regular,22.99
2026-08-24,Lima,Lima,Villa Maria Del Triunfo,GRIFO EL ECONOMICO MELCHORITA S.A.C.,Gasolina Regular,19.59
2026-08-24,Lima,Lima,Villa Maria Del Triunfo,GRIFO EL SOL LAS PALOMAS SAC,Gasolina Regular,21.29
2026-08-24,Lima,Lima,Villa Maria Del Triunfo,GRIFO SAN IGNACIO,Gasolina Regular,22.99
2026-08-24,Lima,Lima,Villa Maria Del Triunfo,GRIFO VALLE ALTO S.A.C.,Gasolina Regular,20.26
2026-08-24,Lima,Lima,Villa Maria Del Triunfo,GRIFOS ESPINOZA S.A.,Gasolina Regular,20.99
2026-08-24,Lima,Lima,Villa Maria Del Triunfo,HYTEK AUTOGAS,Gasolina Regular,19.40
2026-08-24,Lima,Lima,Villa Maria Del Triunfo,INDUSTRIA METALMECANICA BILCON SAC,Gasolina Regular,21.50
2026-08-24,Lima,Lima,Villa Maria Del Triunfo,PETROLEMP GROUP S.A.C.,Gasolina Regular,20.09
2026-08-24,Lima,Lima,Villa Maria Del Triunfo,PETROLEMP GROUP S.A.C.,Gasolina Regular,20.59
2026-08-24,Lima,Lima,Villa Maria Del Triunfo,RAUL HUMBERTO SOLIER REYNOSO,Gasolina Regular,20.99
2026-08-24,Lima,Lima,Villa Maria Del Triunfo,REPRESENTACIONES Y ASOCIADOS MICSA S.A.C.,Gasolina Regular,20.62
2026-08-24,Lima,Lima,Villa Maria Del Triunfo,SERVICENTRO BERNY S.R.L.,Gasolina Regular,19.99
2026-08-24,Lima,Lima,Villa Maria Del Triunfo,SERVICENTRO JOSE GALVEZ S.A.,Gasolina Regular,19.99
2026-08-24,Lima,Lima,Villa Maria Del Triunfo,SERVICENTRO MARCO ANTONIO S.R.LTDA.,Gasolina Regular,21.99
2026-08-24,Lima,Lima,Villa Maria Del Triunfo,SERVICIOS MULTIPLES POGAS S.A.C.,Gasolina Regular,19.99
2026-08-24,Lima,Oyon,Oyon,CORPORACION SAN IGNACIO DE RICALDI SOCIEDAD ANONIMA CERRADA COSAIR S.A.C.,Diesel DB5,24.30
2026-08-24,Lima,Oyon,Oyon,EMPRESA COMUNAL DE SERVICIOS MULTIPLES OYON - ECOSERMO,Diesel DB5,22.89
2026-08-24,Lima,Oyon,Oyon,ES EL POTRILLO,Diesel DB5,23.99
2026-08-24,Lima,Oyon,Oyon,ESTACION DE SERVICIOS VIRGEN DE LA ASUNCION S.A.C.,Diesel DB5,24.59
2026-08-24,Lima,Oyon,Oyon,EMPRESA COMUNAL DE SERVICIOS MULTIPLES OYON - ECOSERMO,Gasolina Premium,19.99
2026-08-24,Lima,Oyon,Oyon,ES EL POTRILLO,Gasolina Premium,21.25
2026-08-24,Lima,Oyon,Oyon,ESTACION DE SERVICIOS VIRGEN DE LA ASUNCION S.A.C.,Gasolina Premium,22.59
2026-08-24,Lima,Oyon,Oyon,CORPORACION SAN IGNACIO DE RICALDI SOCIEDAD ANONIMA CERRADA COSAIR S.A.C.,Gasolina Regular,20.50
2026-08-24,Lima,Oyon,Oyon,EMPRESA COMUNAL DE SERVICIOS MULTIPLES OYON - ECOSERMO,Gasolina Regular,18.69
2026-08-24,Lima,Oyon,Oyon,ES EL POTRILLO,Gasolina Regular,19.99
2026-08-24,Lima,Oyon,Oyon,ESTACION DE SERVICIOS VIRGEN DE LA ASUNCION S.A.C.,Gasolina Regular,20.79
2026-08-24,Lima,Oyon,Pachangara,CONSTANTINO RIVERA MONZON,Diesel DB5,22.80
2026-08-24,Lima,Oyon,Pachangara,CONSTANTINO RIVERA MONZON,Gasolina Premium,20.40
2026-08-24,Lima,Oyon,Pachangara,CONSTANTINO RIVERA MONZON,Gasolina Regular,19.30
2026-08-24,Lima,Yauyos,Catahuasi,VICENTE SANABRIA JOSE STALIN,Diesel DB5,24.00
2026-08-24,Lima,Yauyos,Catahuasi,VICENTE SANABRIA JOSE STALIN,Gasolina Premium,22.00
2026-08-24,Lima,Yauyos,Catahuasi,VICENTE SANABRIA JOSE STALIN,Gasolina Regular,21.50
2026-08-24,Lambayeque,Chiclayo,Cayalti,AERO GAS DEL NORTE SAC,Diesel DB5,24.75
2026-08-24,Lambayeque,Chiclayo,Cayalti,GRIFO EL EUCALIPTO E.I.R.L.,Diesel DB5,23.85
2026-08-24,Lambayeque,Chiclayo,Cayalti,PETROMAR S.R.L.,Diesel DB5,25.00
2026-08-24,Lambayeque,Chiclayo,Cayalti,AERO GAS DEL NORTE SAC,Gasolina Premium,22.69
2026-08-24,Lambayeque,Chiclayo,Cayalti,GRIFO EL EUCALIPTO E.I.R.L.,Gasolina Premium,22.40
2026-08-24,Lambayeque,Chiclayo,Cayalti,AERO GAS DEL NORTE SAC,Gasolina Regular,21.49
2026-08-24,Lambayeque,Chiclayo,Cayalti,GRIFO EL EUCALIPTO E.I.R.L.,Gasolina Regular,21.00
2026-08-24,Lambayeque,Chiclayo,Cayalti,PETROMAR S.R.L.,Gasolina Regular,23.50
2026-08-24,Lambayeque,Chiclayo,Chiclayo,AERO GAS DEL NORTE SOCIEDAD ANONIMA  CERRADA,Diesel DB5,24.45
2026-08-24,Lambayeque,Chiclayo,Chiclayo,AERO GAS DEL NORTE SOCIEDAD ANONIMA  CERRADA,Diesel DB5,24.75
2026-08-24,Lambayeque,Chiclayo,Chiclayo,AERO GAS DEL NORTE SOCIEDAD ANONIMA CERRADA,Diesel DB5,24.45
2026-08-24,Lambayeque,Chiclayo,Chiclayo,BUSTAMANTE CABRERA DIANA CANDY,Diesel DB5,23.89
2026-08-24,Lambayeque,Chiclayo,Chiclayo,CAX PETROL E.I.R.L.,Diesel DB5,23.99
2026-08-24,Lambayeque,Chiclayo,Chiclayo,COESTI GASCOP CHICLAYO,Diesel DB5,24.29
2026-08-24,Lambayeque,Chiclayo,Chiclayo,COESTI S.A  ES LA PURISIMA,Diesel DB5,23.79
2026-08-24,Lambayeque,Chiclayo,Chiclayo,COESTI S.A.  EESS PALMERAS,Diesel DB5,25.49
2026-08-24,Lambayeque,Chiclayo,Chiclayo,COESTI S.A.- ESSANTAVICTORIA,Diesel DB5,25.99
2026-08-24,Lambayeque,Chiclayo,Chiclayo,COESTI S.S EESS SANTA ELENA,Diesel DB5,25.49
2026-08-24,Lambayeque,Chiclayo,Chiclayo,COMBUSTIBLES EL CARMEN SAC,Diesel DB5,23.79
2026-08-24,Lambayeque,Chiclayo,Chiclayo,COMBUSTIBLES FERNANDEZ S.A.C.,Diesel DB5,23.99
2026-08-24,Lambayeque,Chiclayo,Chiclayo,CORPORACION FERRETERA DEL NORTE S.A.C.,Diesel DB5,24.79
2026-08-24,Lambayeque,Chiclayo,Chiclayo,E.S. POMALCA. INV. CARUAJULCA SRL,Diesel DB5,23.19
2026-08-24,Lambayeque,Chiclayo,Chiclayo,ENERGY GASS SRL,Diesel DB5,23.49
2026-08-24,Lambayeque,Chiclayo,Chiclayo,ESTACION DE SERVICIO MODELO S.A.C.,Diesel DB5,23.99
2026-08-24,Lambayeque,Chiclayo,Chiclayo,ESTACION DE SERVICIOS CHALPON S.A.C.,Diesel DB5,23.29
2026-08-24,Lambayeque,Chiclayo,Chiclayo,ESTACION DE SERVICIOS FORMULA UNO SAC,Diesel DB5,26.00
2026-08-24,Lambayeque,Chiclayo,Chiclayo,ESTACION DE SERVICIOS PERU NORT S.R.L.,Diesel DB5,25.00
2026-08-24,Lambayeque,Chiclayo,Chiclayo,ESTACION DE SERVICIOS PLAZA E.I.R.L.,Diesel DB5,23.99
2026-08-24,Lambayeque,Chiclayo,Chiclayo,ESTACION DE SERVICIOS ROYAL PRIX,Diesel DB5,24.45
2026-08-24,Lambayeque,Chiclayo,Chiclayo,ESTACION DE SERVICIOS SANTUARIO E.I.R.L.,Diesel DB5,24.69
2026-08-24,Lambayeque,Chiclayo,Chiclayo,ESTACIONES GRAN PRIX EIRL,Diesel DB5,24.79
2026-08-24,Lambayeque,Chiclayo,Chiclayo,ESTACIONES Y SERVICIOS MHT EIRL,Diesel DB5,23.40
2026-08-24,Lambayeque,Chiclayo,Chiclayo,ESTACIONES Y SERVICIOS MHT EIRL,Diesel DB5,23.99
2026-08-24,Lambayeque,Chiclayo,Chiclayo,GLOBAL FUEL S.A. EE SS SANTO TORIBIO,Diesel DB5,24.99
2026-08-24,Lambayeque,Chiclayo,Chiclayo,GRIFO RODRIGO VG E.I.R.L.,Diesel DB5,23.60
2026-08-24,Lambayeque,Chiclayo,Chiclayo,GRIFO SAN ANTONIO E.I.R.L.,Diesel DB5,23.99
2026-08-24,Lambayeque,Chiclayo,Chiclayo,GRIFO SAN ANTONIO E.I.R.LTDA.,Diesel DB5,23.99
2026-08-24,Lambayeque,Chiclayo,Chiclayo,GRIFO SEOR DE SIPAN  E.I.R.L,Diesel DB5,23.40
2026-08-24,Lambayeque,Chiclayo,Chiclayo,GRIFOS GRAN PRIX S.A.C,Diesel DB5,24.59
2026-08-24,Lambayeque,Chiclayo,Chiclayo,GRIFOS SANTA YSABEL,Diesel DB5,23.79
2026-08-24,Lambayeque,Chiclayo,Chiclayo,GRIFOS SANTA YSABEL,Diesel DB5,23.79
2026-08-24,Lambayeque,Chiclayo,Chiclayo,INVERSIONES JEM  S.A.C,Diesel DB5,24.79
2026-08-24,Lambayeque,Chiclayo,Chiclayo,INVERSIONES MIGUEL ANGELO E.I.R.L.,Diesel DB5,23.39
2026-08-24,Lambayeque,Chiclayo,Chiclayo,LIMABANDA S.A.C.,Diesel DB5,23.85
2026-08-24,Lambayeque,Chiclayo,Chiclayo,LOZANO JIMENEZ MARIA ANTONIETA,Diesel DB5,23.99
2026-08-24,Lambayeque,Chiclayo,Chiclayo,MAX GAS SOCIEDAD ANONIMA CERRADA,Diesel DB5,23.39
2026-08-24,Lambayeque,Chiclayo,Chiclayo,MEGA GAS SAC,Diesel DB5,24.49
2026-08-24,Lambayeque,Chiclayo,Chiclayo,MULTISERVICIOS CHICLAYO S.R.L.,Diesel DB5,24.49
2026-08-24,Lambayeque,Chiclayo,Chiclayo,PAMU PLUSH S.A.C.,Diesel DB5,24.79
2026-08-24,Lambayeque,Chiclayo,Chiclayo,PAS S.R.L.,Diesel DB5,24.60
2026-08-24,Lambayeque,Chiclayo,Chiclayo,PETRO BRISAS E.I.R.L.,Diesel DB5,23.59
2026-08-24,Lambayeque,Chiclayo,Chiclayo,PETROLCIX E.I.R.L.,Diesel DB5,23.59
2026-08-24,Lambayeque,Chiclayo,Chiclayo,REPSOL COMERCIAL SAC,Diesel DB5,26.49
2026-08-24,Lambayeque,Chiclayo,Chiclayo,SAN SEBASTIAN GAS STATION E.I.R.L.,Diesel DB5,25.49
2026-08-24,Lambayeque,Chiclayo,Chiclayo,SHILCAYO NORTE S.A.C.,Diesel DB5,23.00
2026-08-24,Lambayeque,Chiclayo,Chiclayo,SHILCAYO NORTE SOCIEDAD ANONIMA CERRADA,Diesel DB5,23.79
2026-08-24,Lambayeque,Chiclayo,Chiclayo,AERO GAS DEL NORTE SOCIEDAD ANONIMA  CERRADA,Gasolina Premium,20.99
2026-08-24,Lambayeque,Chiclayo,Chiclayo,AERO GAS DEL NORTE SOCIEDAD ANONIMA  CERRADA,Gasolina Premium,21.29
2026-08-24,Lambayeque,Chiclayo,Chiclayo,AERO GAS DEL NORTE SOCIEDAD ANONIMA CERRADA,Gasolina Premium,20.65
2026-08-24,Lambayeque,Chiclayo,Chiclayo,CAX PETROL E.I.R.L.,Gasolina Premium,21.54
2026-08-24,Lambayeque,Chiclayo,Chiclayo,COESTI GASCOP CHICLAYO,Gasolina Premium,22.15
2026-08-24,Lambayeque,Chiclayo,Chiclayo,COESTI S.A  ES LA PURISIMA,Gasolina Premium,22.05
2026-08-24,Lambayeque,Chiclayo,Chiclayo,COESTI S.A.  EESS PALMERAS,Gasolina Premium,21.99
2026-08-24,Lambayeque,Chiclayo,Chiclayo,COESTI S.A.- ESSANTAVICTORIA,Gasolina Premium,21.99
2026-08-24,Lambayeque,Chiclayo,Chiclayo,COESTI S.S EESS SANTA ELENA,Gasolina Premium,22.05
2026-08-24,Lambayeque,Chiclayo,Chiclayo,COMBUSTIBLES EL CARMEN SAC,Gasolina Premium,24.49
2026-08-24,Lambayeque,Chiclayo,Chiclayo,COMBUSTIBLES FERNANDEZ S.A.C.,Gasolina Premium,21.48
2026-08-24,Lambayeque,Chiclayo,Chiclayo,CORPORACION FERRETERA DEL NORTE S.A.C.,Gasolina Premium,21.49
2026-08-24,Lambayeque,Chiclayo,Chiclayo,ENERGY GASS SRL,Gasolina Premium,21.49
2026-08-24,Lambayeque,Chiclayo,Chiclayo,ESTACION DE SERVICIO MODELO S.A.C.,Gasolina Premium,21.49
2026-08-24,Lambayeque,Chiclayo,Chiclayo,ESTACION DE SERVICIOS CHALPON S.A.C.,Gasolina Premium,21.49
2026-08-24,Lambayeque,Chiclayo,Chiclayo,ESTACION DE SERVICIOS PLAZA E.I.R.L.,Gasolina Premium,21.49
2026-08-24,Lambayeque,Chiclayo,Chiclayo,ESTACION DE SERVICIOS ROYAL PRIX,Gasolina Premium,21.39
2026-08-24,Lambayeque,Chiclayo,Chiclayo,ESTACION DE SERVICIOS SANTUARIO E.I.R.L.,Gasolina Premium,19.99
2026-08-24,Lambayeque,Chiclayo,Chiclayo,ESTACIONES GRAN PRIX EIRL,Gasolina Premium,20.99
2026-08-24,Lambayeque,Chiclayo,Chiclayo,ESTACIONES Y SERVICIOS MHT EIRL,Gasolina Premium,21.40
2026-08-24,Lambayeque,Chiclayo,Chiclayo,ESTACIONES Y SERVICIOS MHT EIRL,Gasolina Premium,21.54
2026-08-24,Lambayeque,Chiclayo,Chiclayo,GLOBAL FUEL S.A. EE SS SANTO TORIBIO,Gasolina Premium,22.49
2026-08-24,Lambayeque,Chiclayo,Chiclayo,GRIFO RODRIGO VG E.I.R.L.,Gasolina Premium,21.30
2026-08-24,Lambayeque,Chiclayo,Chiclayo,GRIFO SAN ANTONIO E.I.R.L.,Gasolina Premium,21.49
2026-08-24,Lambayeque,Chiclayo,Chiclayo,GRIFO SAN ANTONIO E.I.R.LTDA.,Gasolina Premium,21.49
2026-08-24,Lambayeque,Chiclayo,Chiclayo,GRIFO SEOR DE SIPAN  E.I.R.L,Gasolina Premium,21.20
2026-08-24,Lambayeque,Chiclayo,Chiclayo,GRIFOS GRAN PRIX S.A.C,Gasolina Premium,20.99
2026-08-24,Lambayeque,Chiclayo,Chiclayo,GRIFOS SANTA YSABEL,Gasolina Premium,21.49
2026-08-24,Lambayeque,Chiclayo,Chiclayo,GRIFOS SANTA YSABEL,Gasolina Premium,21.54
2026-08-24,Lambayeque,Chiclayo,Chiclayo,INVERSIONES JEM  S.A.C,Gasolina Premium,20.89
2026-08-24,Lambayeque,Chiclayo,Chiclayo,INVERSIONES MIGUEL ANGELO E.I.R.L.,Gasolina Premium,21.49
2026-08-24,Lambayeque,Chiclayo,Chiclayo,LOZANO JIMENEZ MARIA ANTONIETA,Gasolina Premium,20.79
2026-08-24,Lambayeque,Chiclayo,Chiclayo,MAX GAS SOCIEDAD ANONIMA CERRADA,Gasolina Premium,21.39
2026-08-24,Lambayeque,Chiclayo,Chiclayo,MEGA GAS SAC,Gasolina Premium,21.49
2026-08-24,Lambayeque,Chiclayo,Chiclayo,MULTISERVICIOS CHICLAYO S.R.L.,Gasolina Premium,21.50
2026-08-24,Lambayeque,Chiclayo,Chiclayo,PAMU PLUSH S.A.C.,Gasolina Premium,21.54
2026-08-24,Lambayeque,Chiclayo,Chiclayo,PETRO BRISAS E.I.R.L.,Gasolina Premium,20.59
2026-08-24,Lambayeque,Chiclayo,Chiclayo,PETROLCIX E.I.R.L.,Gasolina Premium,20.79
2026-08-24,Lambayeque,Chiclayo,Chiclayo,REPSOL COMERCIAL SAC,Gasolina Premium,21.99
2026-08-24,Lambayeque,Chiclayo,Chiclayo,SHILCAYO NORTE S.A.C.,Gasolina Premium,23.00
2026-08-24,Lambayeque,Chiclayo,Chiclayo,SHILCAYO NORTE SOCIEDAD ANONIMA CERRADA,Gasolina Premium,20.99
2026-08-24,Lambayeque,Chiclayo,Chiclayo,AERO GAS DEL NORTE SOCIEDAD ANONIMA  CERRADA,Gasolina Regular,19.65
2026-08-24,Lambayeque,Chiclayo,Chiclayo,AERO GAS DEL NORTE SOCIEDAD ANONIMA  CERRADA,Gasolina Regular,19.99
2026-08-24,Lambayeque,Chiclayo,Chiclayo,AERO GAS DEL NORTE SOCIEDAD ANONIMA CERRADA,Gasolina Regular,19.65
2026-08-24,Lambayeque,Chiclayo,Chiclayo,BUSTAMANTE CABRERA DIANA CANDY,Gasolina Regular,19.79
2026-08-24,Lambayeque,Chiclayo,Chiclayo,CAX PETROL E.I.R.L.,Gasolina Regular,19.99
2026-08-24,Lambayeque,Chiclayo,Chiclayo,COESTI GASCOP CHICLAYO,Gasolina Regular,20.29
2026-08-24,Lambayeque,Chiclayo,Chiclayo,COESTI S.A  ES LA PURISIMA,Gasolina Regular,20.19
2026-08-24,Lambayeque,Chiclayo,Chiclayo,COESTI S.A.  EESS PALMERAS,Gasolina Regular,20.59
2026-08-24,Lambayeque,Chiclayo,Chiclayo,COESTI S.A.- ESSANTAVICTORIA,Gasolina Regular,20.59
2026-08-24,Lambayeque,Chiclayo,Chiclayo,COESTI S.S EESS SANTA ELENA,Gasolina Regular,20.19
2026-08-24,Lambayeque,Chiclayo,Chiclayo,COMBUSTIBLES EL CARMEN SAC,Gasolina Regular,22.49
2026-08-24,Lambayeque,Chiclayo,Chiclayo,COMBUSTIBLES FERNANDEZ S.A.C.,Gasolina Regular,19.99
2026-08-24,Lambayeque,Chiclayo,Chiclayo,CORPORACION FERRETERA DEL NORTE S.A.C.,Gasolina Regular,19.99
2026-08-24,Lambayeque,Chiclayo,Chiclayo,E.S. POMALCA. INV. CARUAJULCA SRL,Gasolina Regular,19.79
2026-08-24,Lambayeque,Chiclayo,Chiclayo,ENERGY GASS SRL,Gasolina Regular,19.99
2026-08-24,Lambayeque,Chiclayo,Chiclayo,ESTACION DE SERVICIO MODELO S.A.C.,Gasolina Regular,19.99
2026-08-24,Lambayeque,Chiclayo,Chiclayo,ESTACION DE SERVICIOS CHALPON S.A.C.,Gasolina Regular,19.99
2026-08-24,Lambayeque,Chiclayo,Chiclayo,ESTACION DE SERVICIOS FORMULA UNO SAC,Gasolina Regular,23.25
2026-08-24,Lambayeque,Chiclayo,Chiclayo,ESTACION DE SERVICIOS PERU NORT S.R.L.,Gasolina Regular,22.00
2026-08-24,Lambayeque,Chiclayo,Chiclayo,ESTACION DE SERVICIOS PLAZA E.I.R.L.,Gasolina Regular,19.99
2026-08-24,Lambayeque,Chiclayo,Chiclayo,ESTACION DE SERVICIOS ROYAL PRIX,Gasolina Regular,19.99
2026-08-24,Lambayeque,Chiclayo,Chiclayo,ESTACION DE SERVICIOS SANTUARIO E.I.R.L.,Gasolina Regular,18.95
2026-08-24,Lambayeque,Chiclayo,Chiclayo,ESTACIONES GRAN PRIX EIRL,Gasolina Regular,19.69
2026-08-24,Lambayeque,Chiclayo,Chiclayo,ESTACIONES Y SERVICIOS MHT EIRL,Gasolina Regular,19.95
2026-08-24,Lambayeque,Chiclayo,Chiclayo,ESTACIONES Y SERVICIOS MHT EIRL,Gasolina Regular,20.09
2026-08-24,Lambayeque,Chiclayo,Chiclayo,GLOBAL FUEL S.A. EE SS SANTO TORIBIO,Gasolina Regular,20.99
2026-08-24,Lambayeque,Chiclayo,Chiclayo,GRIFO RODRIGO VG E.I.R.L.,Gasolina Regular,19.90
2026-08-24,Lambayeque,Chiclayo,Chiclayo,GRIFO SAN ANTONIO E.I.R.L.,Gasolina Regular,19.99
2026-08-24,Lambayeque,Chiclayo,Chiclayo,GRIFO SAN ANTONIO E.I.R.LTDA.,Gasolina Regular,19.99
2026-08-24,Lambayeque,Chiclayo,Chiclayo,GRIFO SEOR DE SIPAN  E.I.R.L,Gasolina Regular,19.85
2026-08-24,Lambayeque,Chiclayo,Chiclayo,GRIFOS GRAN PRIX S.A.C,Gasolina Regular,19.65
2026-08-24,Lambayeque,Chiclayo,Chiclayo,GRIFOS SANTA YSABEL,Gasolina Regular,19.99
2026-08-24,Lambayeque,Chiclayo,Chiclayo,GRIFOS SANTA YSABEL,Gasolina Regular,19.99
2026-08-24,Lambayeque,Chiclayo,Chiclayo,INVERSIONES JEM  S.A.C,Gasolina Regular,19.80
2026-08-24,Lambayeque,Chiclayo,Chiclayo,INVERSIONES MIGUEL ANGELO E.I.R.L.,Gasolina Regular,19.89
2026-08-24,Lambayeque,Chiclayo,Chiclayo,LIMABANDA S.A.C.,Gasolina Regular,20.19
2026-08-24,Lambayeque,Chiclayo,Chiclayo,LOZANO JIMENEZ MARIA ANTONIETA,Gasolina Regular,19.99
2026-08-24,Lambayeque,Chiclayo,Chiclayo,MAX GAS SOCIEDAD ANONIMA CERRADA,Gasolina Regular,19.59
2026-08-24,Lambayeque,Chiclayo,Chiclayo,MEGA GAS SAC,Gasolina Regular,19.69
2026-08-24,Lambayeque,Chiclayo,Chiclayo,MULTISERVICIOS CHICLAYO S.R.L.,Gasolina Regular,20.39
2026-08-24,Lambayeque,Chiclayo,Chiclayo,PAMU PLUSH S.A.C.,Gasolina Regular,19.99
2026-08-24,Lambayeque,Chiclayo,Chiclayo,PAS S.R.L.,Gasolina Regular,19.98
2026-08-24,Lambayeque,Chiclayo,Chiclayo,PETRO BRISAS E.I.R.L.,Gasolina Regular,19.59
2026-08-24,Lambayeque,Chiclayo,Chiclayo,PETROLCIX E.I.R.L.,Gasolina Regular,19.19
2026-08-24,Lambayeque,Chiclayo,Chiclayo,REPSOL COMERCIAL SAC,Gasolina Regular,19.99
2026-08-24,Lambayeque,Chiclayo,Chiclayo,SAN SEBASTIAN GAS STATION E.I.R.L.,Gasolina Regular,20.59
2026-08-24,Lambayeque,Chiclayo,Chiclayo,SHILCAYO NORTE S.A.C.,Gasolina Regular,20.00
2026-08-24,Lambayeque,Chiclayo,Chiclayo,SHILCAYO NORTE SOCIEDAD ANONIMA CERRADA,Gasolina Regular,19.39
2026-08-24,Lambayeque,Chiclayo,Chongoyape,EE.SS. DON ROQUE,Diesel DB5,24.25
2026-08-24,Lambayeque,Chiclayo,Chongoyape,ESTACION DE SERVICIOS TLAM E.I.R.L.,Diesel DB5,23.50
2026-08-24,Lambayeque,Chiclayo,Chongoyape,GRIFO CHONGOYAPE,Diesel DB5,23.90
2026-08-24,Lambayeque,Chiclayo,Chongoyape,GRIFO ROMAL E.I.R.L.,Diesel DB5,18.80
2026-08-24,Lambayeque,Chiclayo,Chongoyape,INVERSIONES NANDO S.A.C.,Diesel DB5,23.69
2026-08-24,Lambayeque,Chiclayo,Chongoyape,INVERSIONES Y TRANSPORTES OSITO S.A.C,Diesel DB5,23.50
2026-08-24,Lambayeque,Chiclayo,Chongoyape,EE.SS. DON ROQUE,Gasolina Premium,22.19
2026-08-24,Lambayeque,Chiclayo,Chongoyape,ESTACION DE SERVICIOS TLAM E.I.R.L.,Gasolina Premium,21.50
2026-08-24,Lambayeque,Chiclayo,Chongoyape,GRIFO ROMAL E.I.R.L.,Gasolina Premium,20.00
2026-08-24,Lambayeque,Chiclayo,Chongoyape,INVERSIONES NANDO S.A.C.,Gasolina Premium,22.19
2026-08-24,Lambayeque,Chiclayo,Chongoyape,EE.SS. DON ROQUE,Gasolina Regular,20.99
2026-08-24,Lambayeque,Chiclayo,Chongoyape,ESTACION DE SERVICIOS TLAM E.I.R.L.,Gasolina Regular,20.40
2026-08-24,Lambayeque,Chiclayo,Chongoyape,GRIFO CHONGOYAPE,Gasolina Regular,21.50
2026-08-24,Lambayeque,Chiclayo,Chongoyape,GRIFO ROMAL E.I.R.L.,Gasolina Regular,18.00
2026-08-24,Lambayeque,Chiclayo,Chongoyape,INVERSIONES NANDO S.A.C.,Gasolina Regular,20.99
2026-08-24,Lambayeque,Chiclayo,Chongoyape,INVERSIONES Y TRANSPORTES OSITO S.A.C,Gasolina Regular,19.49
2026-08-24,Lambayeque,Chiclayo,Eten,ANGELES HNOS SAC.,Diesel DB5,24.00
2026-08-24,Lambayeque,Chiclayo,Eten,ESTACION DE SERVICIOS PIAMONTE S.A.C.,Diesel DB5,23.57
2026-08-24,Lambayeque,Chiclayo,Eten,ESTACION DE SERVICIOS PIAMONTE S.A.C.,Gasolina Premium,22.20
2026-08-24,Lambayeque,Chiclayo,Eten,ANGELES HNOS SAC.,Gasolina Regular,22.50
2026-08-24,Lambayeque,Chiclayo,Eten,ESTACION DE SERVICIOS PIAMONTE S.A.C.,Gasolina Regular,20.20
2026-08-24,Lambayeque,Chiclayo,Eten Puerto,CESAR ANGELES MILLONES,Diesel DB5,24.00
2026-08-24,Lambayeque,Chiclayo,Eten Puerto,CESAR ANGELES MILLONES,Gasolina Regular,22.50
2026-08-24,Lambayeque,Chiclayo,Jose Leonardo Ortiz,AERO GAS DEL NORTE S.A.C.,Diesel DB5,24.45
2026-08-24,Lambayeque,Chiclayo,Jose Leonardo Ortiz,COMBUSTIBLES FERNANDEZ S.A.C.,Diesel DB5,23.69
2026-08-24,Lambayeque,Chiclayo,Jose Leonardo Ortiz,COMERCIAL MEXICO E IMPORTACIONES EIRL,Diesel DB5,23.19
2026-08-24,Lambayeque,Chiclayo,Jose Leonardo Ortiz,COMFERNORT E.I.R.L,Diesel DB5,23.99
2026-08-24,Lambayeque,Chiclayo,Jose Leonardo Ortiz,ESTACION DE SERVICIO SALAMANCA II S.A.C.,Diesel DB5,23.99
2026-08-24,Lambayeque,Chiclayo,Jose Leonardo Ortiz,ESTACION DE SERVICIO SAN FRANCISCO S.R.L.,Diesel DB5,25.49
2026-08-24,Lambayeque,Chiclayo,Jose Leonardo Ortiz,ESTACION DE SERVICIOS GAMEZ E.I.R.L,Diesel DB5,23.79
2026-08-24,Lambayeque,Chiclayo,Jose Leonardo Ortiz,ESTACION DE SERVICIOS LIDER SRL,Diesel DB5,23.99
2026-08-24,Lambayeque,Chiclayo,Jose Leonardo Ortiz,ESTACION DE SERVICIOS PECOLINE S.R.L.,Diesel DB5,24.49
2026-08-24,Lambayeque,Chiclayo,Jose Leonardo Ortiz,ESTACION DE SERVICIOS SAN ROMAN S.A.C.,Diesel DB5,23.79
2026-08-24,Lambayeque,Chiclayo,Jose Leonardo Ortiz,ESTACION DE SERVICIOS SANTA ANGELA SAC,Diesel DB5,24.39
2026-08-24,Lambayeque,Chiclayo,Jose Leonardo Ortiz,GASOCENTRO VISTA ALEGRE S.A.C.,Diesel DB5,23.99
2026-08-24,Lambayeque,Chiclayo,Jose Leonardo Ortiz,GASOLINERA LINECO E.I.R.L.,Diesel DB5,24.69
2026-08-24,Lambayeque,Chiclayo,Jose Leonardo Ortiz,GLPENERGIA S.A.C,Diesel DB5,23.19
2026-08-24,Lambayeque,Chiclayo,Jose Leonardo Ortiz,GRIFO CL HNOS SRL,Diesel DB5,24.79
2026-08-24,Lambayeque,Chiclayo,Jose Leonardo Ortiz,GRIFO MI AMANDITA EIRL,Diesel DB5,24.45
2026-08-24,Lambayeque,Chiclayo,Jose Leonardo Ortiz,GRIFOS GRAN PRIX SAC,Diesel DB5,23.69
2026-08-24,Lambayeque,Chiclayo,Jose Leonardo Ortiz,GRUPO RENOR S.R.L.,Diesel DB5,24.89
2026-08-24,Lambayeque,Chiclayo,Jose Leonardo Ortiz,INVERSIONES SERVICENTRO GAEL E.I.R.L.,Diesel DB5,23.99
2026-08-24,Lambayeque,Chiclayo,Jose Leonardo Ortiz,INVERSIONES Y SERVICIOS ALEX & LALITO EIRL,Diesel DB5,24.49
2026-08-24,Lambayeque,Chiclayo,Jose Leonardo Ortiz,MULTISERVICIOS EL CHOLAZO S.A.C.,Diesel DB5,23.19
2026-08-24,Lambayeque,Chiclayo,Jose Leonardo Ortiz,NEW EMPIRE S.A.C.,Diesel DB5,23.19
2026-08-24,Lambayeque,Chiclayo,Jose Leonardo Ortiz,OPERADOR LOGISTICO HALCON ROJO S.AC,Diesel DB5,23.89
2026-08-24,Lambayeque,Chiclayo,Jose Leonardo Ortiz,PETROLERA NOR ORIENTAL EIRL,Diesel DB5,23.99
2026-08-24,Lambayeque,Chiclayo,Jose Leonardo Ortiz,AERO GAS DEL NORTE S.A.C.,Gasolina Premium,22.99
2026-08-24,Lambayeque,Chiclayo,Jose Leonardo Ortiz,COMBUSTIBLES FERNANDEZ S.A.C.,Gasolina Premium,20.89
2026-08-24,Lambayeque,Chiclayo,Jose Leonardo Ortiz,COMERCIAL MEXICO E IMPORTACIONES EIRL,Gasolina Premium,22.99
2026-08-24,Lambayeque,Chiclayo,Jose Leonardo Ortiz,COMFERNORT E.I.R.L,Gasolina Premium,20.99
2026-08-24,Lambayeque,Chiclayo,Jose Leonardo Ortiz,ESTACION DE SERVICIO SALAMANCA II S.A.C.,Gasolina Premium,21.49
2026-08-24,Lambayeque,Chiclayo,Jose Leonardo Ortiz,ESTACION DE SERVICIOS LIDER SRL,Gasolina Premium,21.39
2026-08-24,Lambayeque,Chiclayo,Jose Leonardo Ortiz,ESTACION DE SERVICIOS PECOLINE S.R.L.,Gasolina Premium,21.50
2026-08-24,Lambayeque,Chiclayo,Jose Leonardo Ortiz,ESTACION DE SERVICIOS SAN ROMAN S.A.C.,Gasolina Premium,21.30
2026-08-24,Lambayeque,Chiclayo,Jose Leonardo Ortiz,GASOCENTRO VISTA ALEGRE S.A.C.,Gasolina Premium,20.89
2026-08-24,Lambayeque,Chiclayo,Jose Leonardo Ortiz,GLPENERGIA S.A.C,Gasolina Premium,21.89
2026-08-24,Lambayeque,Chiclayo,Jose Leonardo Ortiz,GRIFO CL HNOS SRL,Gasolina Premium,21.79
2026-08-24,Lambayeque,Chiclayo,Jose Leonardo Ortiz,GRIFO MI AMANDITA EIRL,Gasolina Premium,21.62
2026-08-24,Lambayeque,Chiclayo,Jose Leonardo Ortiz,GRIFOS GRAN PRIX SAC,Gasolina Premium,20.89
2026-08-24,Lambayeque,Chiclayo,Jose Leonardo Ortiz,INVERSIONES SERVICENTRO GAEL E.I.R.L.,Gasolina Premium,21.39
2026-08-24,Lambayeque,Chiclayo,Jose Leonardo Ortiz,MULTISERVICIOS EL CHOLAZO S.A.C.,Gasolina Premium,21.90
2026-08-24,Lambayeque,Chiclayo,Jose Leonardo Ortiz,OPERADOR LOGISTICO HALCON ROJO S.AC,Gasolina Premium,23.00
2026-08-24,Lambayeque,Chiclayo,Jose Leonardo Ortiz,PETROLERA NOR ORIENTAL EIRL,Gasolina Premium,21.49
2026-08-24,Lambayeque,Chiclayo,Jose Leonardo Ortiz,AERO GAS DEL NORTE S.A.C.,Gasolina Regular,20.49
2026-08-24,Lambayeque,Chiclayo,Jose Leonardo Ortiz,COMBUSTIBLES FERNANDEZ S.A.C.,Gasolina Regular,19.56
2026-08-24,Lambayeque,Chiclayo,Jose Leonardo Ortiz,COMERCIAL MEXICO E IMPORTACIONES EIRL,Gasolina Regular,21.79
2026-08-24,Lambayeque,Chiclayo,Jose Leonardo Ortiz,COMFERNORT E.I.R.L,Gasolina Regular,19.69
2026-08-24,Lambayeque,Chiclayo,Jose Leonardo Ortiz,ESTACION DE SERVICIO SALAMANCA II S.A.C.,Gasolina Regular,19.99
2026-08-24,Lambayeque,Chiclayo,Jose Leonardo Ortiz,ESTACION DE SERVICIO SAN FRANCISCO S.R.L.,Gasolina Regular,20.99
2026-08-24,Lambayeque,Chiclayo,Jose Leonardo Ortiz,ESTACION DE SERVICIOS GAMEZ E.I.R.L,Gasolina Regular,19.99
2026-08-24,Lambayeque,Chiclayo,Jose Leonardo Ortiz,ESTACION DE SERVICIOS LIDER SRL,Gasolina Regular,19.99
2026-08-24,Lambayeque,Chiclayo,Jose Leonardo Ortiz,ESTACION DE SERVICIOS PECOLINE S.R.L.,Gasolina Regular,20.39
2026-08-24,Lambayeque,Chiclayo,Jose Leonardo Ortiz,ESTACION DE SERVICIOS SAN ROMAN S.A.C.,Gasolina Regular,19.59
2026-08-24,Lambayeque,Chiclayo,Jose Leonardo Ortiz,ESTACION DE SERVICIOS SANTA ANGELA SAC,Gasolina Regular,19.49
2026-08-24,Lambayeque,Chiclayo,Jose Leonardo Ortiz,GASOCENTRO VISTA ALEGRE S.A.C.,Gasolina Regular,19.59
2026-08-24,Lambayeque,Chiclayo,Jose Leonardo Ortiz,GASOLINERA LINECO E.I.R.L.,Gasolina Regular,19.99
2026-08-24,Lambayeque,Chiclayo,Jose Leonardo Ortiz,GLPENERGIA S.A.C,Gasolina Regular,19.96
2026-08-24,Lambayeque,Chiclayo,Jose Leonardo Ortiz,GRIFO CL HNOS SRL,Gasolina Regular,19.99
2026-08-24,Lambayeque,Chiclayo,Jose Leonardo Ortiz,GRIFO MI AMANDITA EIRL,Gasolina Regular,21.19
2026-08-24,Lambayeque,Chiclayo,Jose Leonardo Ortiz,GRIFOS GRAN PRIX SAC,Gasolina Regular,19.56
2026-08-24,Lambayeque,Chiclayo,Jose Leonardo Ortiz,GRUPO RENOR S.R.L.,Gasolina Regular,20.69
2026-08-24,Lambayeque,Chiclayo,Jose Leonardo Ortiz,INVERSIONES SERVICENTRO GAEL E.I.R.L.,Gasolina Regular,19.99
2026-08-24,Lambayeque,Chiclayo,Jose Leonardo Ortiz,INVERSIONES Y SERVICIOS ALEX & LALITO EIRL,Gasolina Regular,20.99
2026-08-24,Lambayeque,Chiclayo,Jose Leonardo Ortiz,MULTISERVICIOS EL CHOLAZO S.A.C.,Gasolina Regular,19.97
2026-08-24,Lambayeque,Chiclayo,Jose Leonardo Ortiz,NEW EMPIRE S.A.C.,Gasolina Regular,19.99
2026-08-24,Lambayeque,Chiclayo,Jose Leonardo Ortiz,OPERADOR LOGISTICO HALCON ROJO S.AC,Gasolina Regular,19.79
2026-08-24,Lambayeque,Chiclayo,Jose Leonardo Ortiz,PETROLERA NOR ORIENTAL EIRL,Gasolina Regular,19.99
2026-08-24,Lambayeque,Chiclayo,La Victoria,AERO GAS DEL NORTE SOCIEDAD ANONIMA  CERRADA,Diesel DB5,24.29
2026-08-24,Lambayeque,Chiclayo,La Victoria,AEROGAS DEL NORTE S.A.C.,Diesel DB5,23.89
2026-08-24,Lambayeque,Chiclayo,La Victoria,CABRERA PEREZ JUAN HELI,Diesel DB5,23.89
2026-08-24,Lambayeque,Chiclayo,La Victoria,CESAR BELIZARIO LEON DELGADO,Diesel DB5,23.99
2026-08-24,Lambayeque,Chiclayo,La Victoria,COMBUSTIBLES LA VICTORIA EIRL,Diesel DB5,24.20
2026-08-24,Lambayeque,Chiclayo,La Victoria,COMPANIA PERUANA DE PETROLEO GAS Y GASOLINA SAC,Diesel DB5,24.99
2026-08-24,Lambayeque,Chiclayo,La Victoria,CORPORACION FERRETERA DEL NORTE S.A.C.,Diesel DB5,24.59
2026-08-24,Lambayeque,Chiclayo,La Victoria,ESTACION DE SERVICIO ROMAR SAC,Diesel DB5,25.59
2026-08-24,Lambayeque,Chiclayo,La Victoria,ESTACION DE SERVICIOS MI ROSITA E.I.R.L,Diesel DB5,24.99
2026-08-24,Lambayeque,Chiclayo,La Victoria,ESTACION DE SERVICIOS PECOLINE S.R.L.,Diesel DB5,24.49
2026-08-24,Lambayeque,Chiclayo,La Victoria,GRIFO SAN ANTONIO E.I.R.LTDA.,Diesel DB5,23.99
2026-08-24,Lambayeque,Chiclayo,La Victoria,GRIFO SAN ANTONIO E.I.R.LTDA.,Diesel DB5,23.99
2026-08-24,Lambayeque,Chiclayo,La Victoria,GRUPO DE GESTION C S.A.,Diesel DB5,24.99
2026-08-24,Lambayeque,Chiclayo,La Victoria,GRUPO LEO GAS S.R.L.,Diesel DB5,23.99
2026-08-24,Lambayeque,Chiclayo,La Victoria,MAINA MAX ESTACIONES DE SERVICIO S.A.C.,Diesel DB5,24.59
2026-08-24,Lambayeque,Chiclayo,La Victoria,PETRONEX PERU SOCIEDAD ANONIMA CERRADA,Diesel DB5,24.29
2026-08-24,Lambayeque,Chiclayo,La Victoria,REPSOL COMERCIAL S.A.C.,Diesel DB5,26.49
2026-08-24,Lambayeque,Chiclayo,La Victoria,REPSOL COMERCIAL S.A.C.,Diesel DB5,26.99
2026-08-24,Lambayeque,Chiclayo,La Victoria,SHILCAYO NORTE SAC,Diesel DB5,23.49
2026-08-24,Lambayeque,Chiclayo,La Victoria,AERO GAS DEL NORTE SOCIEDAD ANONIMA  CERRADA,Gasolina Premium,20.99
2026-08-24,Lambayeque,Chiclayo,La Victoria,AEROGAS DEL NORTE S.A.C.,Gasolina Premium,21.15
2026-08-24,Lambayeque,Chiclayo,La Victoria,CESAR BELIZARIO LEON DELGADO,Gasolina Premium,20.79
2026-08-24,Lambayeque,Chiclayo,La Victoria,COMPANIA PERUANA DE PETROLEO GAS Y GASOLINA SAC,Gasolina Premium,21.33
2026-08-24,Lambayeque,Chiclayo,La Victoria,CORPORACION FERRETERA DEL NORTE S.A.C.,Gasolina Premium,20.99
2026-08-24,Lambayeque,Chiclayo,La Victoria,ESTACION DE SERVICIO ROMAR SAC,Gasolina Premium,24.89
2026-08-24,Lambayeque,Chiclayo,La Victoria,ESTACION DE SERVICIOS PECOLINE S.R.L.,Gasolina Premium,22.00
2026-08-24,Lambayeque,Chiclayo,La Victoria,GRIFO SAN ANTONIO E.I.R.LTDA.,Gasolina Premium,21.49
2026-08-24,Lambayeque,Chiclayo,La Victoria,GRIFO SAN ANTONIO E.I.R.LTDA.,Gasolina Premium,21.49
2026-08-24,Lambayeque,Chiclayo,La Victoria,GRUPO DE GESTION C S.A.,Gasolina Premium,21.89
2026-08-24,Lambayeque,Chiclayo,La Victoria,GRUPO LEO GAS S.R.L.,Gasolina Premium,20.99
2026-08-24,Lambayeque,Chiclayo,La Victoria,MAINA MAX ESTACIONES DE SERVICIO S.A.C.,Gasolina Premium,21.59
2026-08-24,Lambayeque,Chiclayo,La Victoria,PETRONEX PERU SOCIEDAD ANONIMA CERRADA,Gasolina Premium,20.89
2026-08-24,Lambayeque,Chiclayo,La Victoria,REPSOL COMERCIAL S.A.C.,Gasolina Premium,24.49
2026-08-24,Lambayeque,Chiclayo,La Victoria,REPSOL COMERCIAL S.A.C.,Gasolina Premium,24.99
2026-08-24,Lambayeque,Chiclayo,La Victoria,SHILCAYO NORTE SAC,Gasolina Premium,20.69
2026-08-24,Lambayeque,Chiclayo,La Victoria,AERO GAS DEL NORTE SOCIEDAD ANONIMA  CERRADA,Gasolina Regular,19.99
2026-08-24,Lambayeque,Chiclayo,La Victoria,AEROGAS DEL NORTE S.A.C.,Gasolina Regular,19.65
2026-08-24,Lambayeque,Chiclayo,La Victoria,CABRERA PEREZ JUAN HELI,Gasolina Regular,19.79
2026-08-24,Lambayeque,Chiclayo,La Victoria,CESAR BELIZARIO LEON DELGADO,Gasolina Regular,19.99
2026-08-24,Lambayeque,Chiclayo,La Victoria,COMBUSTIBLES LA VICTORIA EIRL,Gasolina Regular,21.79
2026-08-24,Lambayeque,Chiclayo,La Victoria,COMPANIA PERUANA DE PETROLEO GAS Y GASOLINA SAC,Gasolina Regular,20.22
2026-08-24,Lambayeque,Chiclayo,La Victoria,CORPORACION FERRETERA DEL NORTE S.A.C.,Gasolina Regular,19.69
2026-08-24,Lambayeque,Chiclayo,La Victoria,ESTACION DE SERVICIO ROMAR SAC,Gasolina Regular,22.89
2026-08-24,Lambayeque,Chiclayo,La Victoria,ESTACION DE SERVICIOS MI ROSITA E.I.R.L,Gasolina Regular,21.99
2026-08-24,Lambayeque,Chiclayo,La Victoria,ESTACION DE SERVICIOS PECOLINE S.R.L.,Gasolina Regular,20.47
2026-08-24,Lambayeque,Chiclayo,La Victoria,GRIFO SAN ANTONIO E.I.R.LTDA.,Gasolina Regular,19.99
2026-08-24,Lambayeque,Chiclayo,La Victoria,GRIFO SAN ANTONIO E.I.R.LTDA.,Gasolina Regular,19.99
2026-08-24,Lambayeque,Chiclayo,La Victoria,GRUPO DE GESTION C S.A.,Gasolina Regular,20.79
2026-08-24,Lambayeque,Chiclayo,La Victoria,GRUPO LEO GAS S.R.L.,Gasolina Regular,19.99
2026-08-24,Lambayeque,Chiclayo,La Victoria,MAINA MAX ESTACIONES DE SERVICIO S.A.C.,Gasolina Regular,20.39
2026-08-24,Lambayeque,Chiclayo,La Victoria,PETRONEX PERU SOCIEDAD ANONIMA CERRADA,Gasolina Regular,19.59
2026-08-24,Lambayeque,Chiclayo,La Victoria,REPSOL COMERCIAL S.A.C.,Gasolina Regular,21.49
2026-08-24,Lambayeque,Chiclayo,La Victoria,REPSOL COMERCIAL S.A.C.,Gasolina Regular,22.99
2026-08-24,Lambayeque,Chiclayo,La Victoria,SHILCAYO NORTE SAC,Gasolina Regular,19.39
2026-08-24,Lambayeque,Chiclayo,Lagunas,EE.SS. MOCUPE S.A.C.,Diesel DB5,23.09
2026-08-24,Lambayeque,Chiclayo,Lagunas,GAS SHOP MOCUPE E.I.R.L.,Diesel DB5,23.99
2026-08-24,Lambayeque,Chiclayo,Lagunas,LA ESPERANZA SAC,Diesel DB5,24.35
2026-08-24,Lambayeque,Chiclayo,Lagunas,PETROLERA DEL NORTE E.I.R.L.,Diesel DB5,23.99
2026-08-24,Lambayeque,Chiclayo,Lagunas,PETROREYES SAC,Diesel DB5,23.49
2026-08-24,Lambayeque,Chiclayo,Lagunas,REYES,Diesel DB5,23.19
2026-08-24,Lambayeque,Chiclayo,Lagunas,TRANSPETROL J.R. S.A.C.,Diesel DB5,23.99
2026-08-24,Lambayeque,Chiclayo,Lagunas,EE.SS. MOCUPE S.A.C.,Gasolina Premium,21.49
2026-08-24,Lambayeque,Chiclayo,Lagunas,GAS SHOP MOCUPE E.I.R.L.,Gasolina Premium,21.59
2026-08-24,Lambayeque,Chiclayo,Lagunas,LA ESPERANZA SAC,Gasolina Premium,21.75
2026-08-24,Lambayeque,Chiclayo,Lagunas,PETROLERA DEL NORTE E.I.R.L.,Gasolina Premium,21.99
2026-08-24,Lambayeque,Chiclayo,Lagunas,TRANSPETROL J.R. S.A.C.,Gasolina Premium,22.99
2026-08-24,Lambayeque,Chiclayo,Lagunas,EE.SS. MOCUPE S.A.C.,Gasolina Regular,20.39
2026-08-24,Lambayeque,Chiclayo,Lagunas,GAS SHOP MOCUPE E.I.R.L.,Gasolina Regular,20.59
2026-08-24,Lambayeque,Chiclayo,Lagunas,LA ESPERANZA SAC,Gasolina Regular,20.86
2026-08-24,Lambayeque,Chiclayo,Lagunas,PETROLERA DEL NORTE E.I.R.L.,Gasolina Regular,21.19
2026-08-24,Lambayeque,Chiclayo,Lagunas,PETROREYES SAC,Gasolina Regular,20.15
2026-08-24,Lambayeque,Chiclayo,Lagunas,TRANSPETROL J.R. S.A.C.,Gasolina Regular,21.49
2026-08-24,Lambayeque,Chiclayo,Monsefu,AERO GAS DEL NORTE SOCIEDAD ANONIMA  CERRADA,Diesel DB5,24.20
2026-08-24,Lambayeque,Chiclayo,Monsefu,AERO GAS DEL NORTE SOCIEDAD ANONIMA  CERRADA,Diesel DB5,24.25
2026-08-24,Lambayeque,Chiclayo,Monsefu,COESTI S.A EESS DIVINO NINO,Diesel DB5,25.19
2026-08-24,Lambayeque,Chiclayo,Monsefu,EL 10 DE GSS E.I.R.L.,Diesel DB5,23.45
2026-08-24,Lambayeque,Chiclayo,Monsefu,ESTACION DE SERVICIOS GRIFO MASTER S.R.L.,Diesel DB5,24.19
2026-08-24,Lambayeque,Chiclayo,Monsefu,GRIFO MONSEFU EIRL,Diesel DB5,23.99
2026-08-24,Lambayeque,Chiclayo,Monsefu,GRUPO MEJIA & ASOCIADOS S.A.C.,Diesel DB5,24.15
2026-08-24,Lambayeque,Chiclayo,Monsefu,PETROBAZ S.A.C,Diesel DB5,24.99
2026-08-24,Lambayeque,Chiclayo,Monsefu,VIMALCA S.A.C.,Diesel DB5,23.99
2026-08-24,Lambayeque,Chiclayo,Monsefu,AERO GAS DEL NORTE SOCIEDAD ANONIMA  CERRADA,Gasolina Premium,21.65
2026-08-24,Lambayeque,Chiclayo,Monsefu,AERO GAS DEL NORTE SOCIEDAD ANONIMA  CERRADA,Gasolina Premium,21.69
2026-08-24,Lambayeque,Chiclayo,Monsefu,EL 10 DE GSS E.I.R.L.,Gasolina Premium,20.90
2026-08-24,Lambayeque,Chiclayo,Monsefu,ESTACION DE SERVICIOS GRIFO MASTER S.R.L.,Gasolina Premium,21.29
2026-08-24,Lambayeque,Chiclayo,Monsefu,PETROBAZ S.A.C,Gasolina Premium,21.59
2026-08-24,Lambayeque,Chiclayo,Monsefu,VIMALCA S.A.C.,Gasolina Premium,21.69
2026-08-24,Lambayeque,Chiclayo,Monsefu,AERO GAS DEL NORTE SOCIEDAD ANONIMA  CERRADA,Gasolina Regular,20.90
2026-08-24,Lambayeque,Chiclayo,Monsefu,AERO GAS DEL NORTE SOCIEDAD ANONIMA  CERRADA,Gasolina Regular,20.95
2026-08-24,Lambayeque,Chiclayo,Monsefu,COESTI S.A EESS DIVINO NINO,Gasolina Regular,20.29
2026-08-24,Lambayeque,Chiclayo,Monsefu,EL 10 DE GSS E.I.R.L.,Gasolina Regular,19.85
2026-08-24,Lambayeque,Chiclayo,Monsefu,ESTACION DE SERVICIOS GRIFO MASTER S.R.L.,Gasolina Regular,20.29
2026-08-24,Lambayeque,Chiclayo,Monsefu,GRIFO MONSEFU EIRL,Gasolina Regular,19.99
2026-08-24,Lambayeque,Chiclayo,Monsefu,GRUPO MEJIA & ASOCIADOS S.A.C.,Gasolina Regular,20.80
2026-08-24,Lambayeque,Chiclayo,Monsefu,PETROBAZ S.A.C,Gasolina Regular,20.99
2026-08-24,Lambayeque,Chiclayo,Monsefu,VIMALCA S.A.C.,Gasolina Regular,19.59
2026-08-24,Lambayeque,Chiclayo,Nueva Arica,HIDROPERU SP S.A.C.,Diesel DB5,24.39
2026-08-24,Lambayeque,Chiclayo,Nueva Arica,HIDROPERU SP S.A.C.,Gasolina Regular,20.10
2026-08-24,Lambayeque,Chiclayo,Oyotun,COMBUSTIBLES OYOTUN E.I.R.L.,Diesel DB5,24.59
2026-08-24,Lambayeque,Chiclayo,Oyotun,ESTACION DE SERVICIOS EL CRUCEÑITO E.I.R.L.,Diesel DB5,24.60
2026-08-24,Lambayeque,Chiclayo,Oyotun,COMBUSTIBLES OYOTUN E.I.R.L.,Gasolina Premium,22.69
2026-08-24,Lambayeque,Chiclayo,Oyotun,ESTACION DE SERVICIOS EL CRUCEÑITO E.I.R.L.,Gasolina Premium,22.70
2026-08-24,Lambayeque,Chiclayo,Oyotun,COMBUSTIBLES OYOTUN E.I.R.L.,Gasolina Regular,21.00
2026-08-24,Lambayeque,Chiclayo,Oyotun,ESTACION DE SERVICIOS EL CRUCEÑITO E.I.R.L.,Gasolina Regular,21.00
2026-08-24,Lambayeque,Chiclayo,Patapo,ESTACION DE SERVICIOS MVA EIRL,Diesel DB5,23.50
2026-08-24,Lambayeque,Chiclayo,Patapo,ESTACIÓN DE SERVICIO SUXE,Diesel DB5,23.40
2026-08-24,Lambayeque,Chiclayo,Patapo,GRIFO ALEX S.A.C.,Diesel DB5,23.30
2026-08-24,Lambayeque,Chiclayo,Patapo,GRIFO EL CHUGURANO E.I.R.L.,Diesel DB5,23.50
2026-08-24,Lambayeque,Chiclayo,Patapo,GRIFO EL PROGRESO,Diesel DB5,23.39
2026-08-24,Lambayeque,Chiclayo,Patapo,GRIFO PAMPA LA VICTORIA S.A.C.,Diesel DB5,23.40
2026-08-24,Lambayeque,Chiclayo,Patapo,GRIFO SOLO DIOS CON SU PODER SRL,Diesel DB5,23.50
2026-08-24,Lambayeque,Chiclayo,Patapo,PETRO EDELMIRA E.I.R.L.,Diesel DB5,23.29
2026-08-24,Lambayeque,Chiclayo,Patapo,ESTACION DE SERVICIOS MVA EIRL,Gasolina Premium,21.40
2026-08-24,Lambayeque,Chiclayo,Patapo,ESTACIÓN DE SERVICIO SUXE,Gasolina Premium,22.19
2026-08-24,Lambayeque,Chiclayo,Patapo,GRIFO ALEX S.A.C.,Gasolina Premium,22.00
2026-08-24,Lambayeque,Chiclayo,Patapo,GRIFO EL PROGRESO,Gasolina Premium,21.29
2026-08-24,Lambayeque,Chiclayo,Patapo,PETRO EDELMIRA E.I.R.L.,Gasolina Premium,22.20
2026-08-24,Lambayeque,Chiclayo,Patapo,ESTACION DE SERVICIOS MVA EIRL,Gasolina Regular,20.10
2026-08-24,Lambayeque,Chiclayo,Patapo,ESTACIÓN DE SERVICIO SUXE,Gasolina Regular,21.50
2026-08-24,Lambayeque,Chiclayo,Patapo,GRIFO ALEX S.A.C.,Gasolina Regular,21.30
2026-08-24,Lambayeque,Chiclayo,Patapo,GRIFO EL CHUGURANO E.I.R.L.,Gasolina Regular,21.50
2026-08-24,Lambayeque,Chiclayo,Patapo,GRIFO EL PROGRESO,Gasolina Regular,20.99
2026-08-24,Lambayeque,Chiclayo,Patapo,GRIFO PAMPA LA VICTORIA S.A.C.,Gasolina Regular,21.50
2026-08-24,Lambayeque,Chiclayo,Patapo,GRIFO SOLO DIOS CON SU PODER SRL,Gasolina Regular,21.50
2026-08-24,Lambayeque,Chiclayo,Patapo,PETRO EDELMIRA E.I.R.L.,Gasolina Regular,21.60
2026-08-24,Lambayeque,Chiclayo,Picsi,GRIFO MILAGRO DE DIOS SAC,Diesel DB5,23.57
2026-08-24,Lambayeque,Chiclayo,Picsi,INVERSIONES NANDO SOCIEDAD ANONIMA CERRADA,Diesel DB5,23.39
2026-08-24,Lambayeque,Chiclayo,Picsi,GRIFO MILAGRO DE DIOS SAC,Gasolina Premium,21.49
2026-08-24,Lambayeque,Chiclayo,Picsi,INVERSIONES NANDO SOCIEDAD ANONIMA CERRADA,Gasolina Premium,21.49
2026-08-24,Lambayeque,Chiclayo,Picsi,GRIFO MILAGRO DE DIOS SAC,Gasolina Regular,20.09
2026-08-24,Lambayeque,Chiclayo,Picsi,INVERSIONES NANDO SOCIEDAD ANONIMA CERRADA,Gasolina Regular,19.89
2026-08-24,Lambayeque,Chiclayo,Pimentel,ESTACION DE SERVICIOS SAN ROQUE SAC,Diesel DB5,24.99
2026-08-24,Lambayeque,Chiclayo,Pimentel,ESTACION DE SERVICIOS SANROQUE SAC,Diesel DB5,24.99
2026-08-24,Lambayeque,Chiclayo,Pimentel,GRIFO AVR NORTE E.I.R.L,Diesel DB5,23.45
2026-08-24,Lambayeque,Chiclayo,Pimentel,GRIFO WALO GAS,Diesel DB5,25.99
2026-08-24,Lambayeque,Chiclayo,Pimentel,MULTISERVICIOS LA PRADERA S.A.,Diesel DB5,23.99
2026-08-24,Lambayeque,Chiclayo,Pimentel,ESTACION DE SERVICIOS SAN ROQUE SAC,Gasolina Premium,21.99
2026-08-24,Lambayeque,Chiclayo,Pimentel,ESTACION DE SERVICIOS SANROQUE SAC,Gasolina Premium,21.99
2026-08-24,Lambayeque,Chiclayo,Pimentel,GRIFO AVR NORTE E.I.R.L,Gasolina Premium,20.75
2026-08-24,Lambayeque,Chiclayo,Pimentel,GRIFO WALO GAS,Gasolina Premium,21.99
2026-08-24,Lambayeque,Chiclayo,Pimentel,ESTACION DE SERVICIOS SAN ROQUE SAC,Gasolina Regular,20.99
2026-08-24,Lambayeque,Chiclayo,Pimentel,ESTACION DE SERVICIOS SANROQUE SAC,Gasolina Regular,20.99
2026-08-24,Lambayeque,Chiclayo,Pimentel,GRIFO AVR NORTE E.I.R.L,Gasolina Regular,19.85
2026-08-24,Lambayeque,Chiclayo,Pimentel,GRIFO WALO GAS,Gasolina Regular,20.99
2026-08-24,Lambayeque,Chiclayo,Pimentel,MULTISERVICIOS LA PRADERA S.A.,Gasolina Regular,20.69
2026-08-24,Lambayeque,Chiclayo,Pomalca,COMBUSTIBLES EL PUEBLO E.I.R.L.,Diesel DB5,23.79
2026-08-24,Lambayeque,Chiclayo,Pomalca,COMBUSTIBLES FERNANDEZ S.A.C.,Diesel DB5,23.25
2026-08-24,Lambayeque,Chiclayo,Pomalca,GRIFO LA PATRONA E.I.R.L.,Diesel DB5,23.40
2026-08-24,Lambayeque,Chiclayo,Pomalca,HAMMER ENERGY SAC,Diesel DB5,23.49
2026-08-24,Lambayeque,Chiclayo,Pomalca,COMBUSTIBLES FERNANDEZ S.A.C.,Gasolina Premium,20.45
2026-08-24,Lambayeque,Chiclayo,Pomalca,GRIFO LA PATRONA E.I.R.L.,Gasolina Premium,21.20
2026-08-24,Lambayeque,Chiclayo,Pomalca,HAMMER ENERGY SAC,Gasolina Premium,22.80
2026-08-24,Lambayeque,Chiclayo,Pomalca,COMBUSTIBLES EL PUEBLO E.I.R.L.,Gasolina Regular,20.59
2026-08-24,Lambayeque,Chiclayo,Pomalca,COMBUSTIBLES FERNANDEZ S.A.C.,Gasolina Regular,19.49
2026-08-24,Lambayeque,Chiclayo,Pomalca,GRIFO LA PATRONA E.I.R.L.,Gasolina Regular,19.85
2026-08-24,Lambayeque,Chiclayo,Pomalca,HAMMER ENERGY SAC,Gasolina Regular,20.30
2026-08-24,Lambayeque,Chiclayo,Pucala,GRUPO VIRGEN DE LA MEDALLA MILAGROSA E.I.R.L.,Diesel DB5,23.49
2026-08-24,Lambayeque,Chiclayo,Pucala,GRUPO VIRGEN DE LA MEDALLA MILAGROSA E.I.R.L.,Gasolina Premium,23.99
2026-08-24,Lambayeque,Chiclayo,Pucala,GRUPO VIRGEN DE LA MEDALLA MILAGROSA E.I.R.L.,Gasolina Regular,22.99
2026-08-24,Lambayeque,Chiclayo,Reque,ESTACION DE SERVICIO ZAMY S.R.L.,Diesel DB5,23.80
2026-08-24,Lambayeque,Chiclayo,Reque,GRIFO CONTINENTAL S.A.C.,Diesel DB5,23.40
2026-08-24,Lambayeque,Chiclayo,Reque,GRIFO CRYSMAR S.A.C.,Diesel DB5,23.40
2026-08-24,Lambayeque,Chiclayo,Reque,GRIFO MARIA DEL PILAR EIRL,Diesel DB5,24.35
2026-08-24,Lambayeque,Chiclayo,Reque,HIRIDARAN E.I.R.L.,Diesel DB5,23.50
2026-08-24,Lambayeque,Chiclayo,Reque,PETRORED,Diesel DB5,22.99
2026-08-24,Lambayeque,Chiclayo,Reque,GRIFO CONTINENTAL S.A.C.,Gasolina Premium,20.39
2026-08-24,Lambayeque,Chiclayo,Reque,GRIFO CRYSMAR S.A.C.,Gasolina Premium,20.39
2026-08-24,Lambayeque,Chiclayo,Reque,GRIFO MARIA DEL PILAR EIRL,Gasolina Premium,22.15
2026-08-24,Lambayeque,Chiclayo,Reque,PETRORED,Gasolina Premium,20.39
2026-08-24,Lambayeque,Chiclayo,Reque,ESTACION DE SERVICIO ZAMY S.R.L.,Gasolina Regular,20.50
2026-08-24,Lambayeque,Chiclayo,Reque,GRIFO CONTINENTAL S.A.C.,Gasolina Regular,19.39
2026-08-24,Lambayeque,Chiclayo,Reque,GRIFO CRYSMAR S.A.C.,Gasolina Regular,19.39
2026-08-24,Lambayeque,Chiclayo,Reque,GRIFO MARIA DEL PILAR EIRL,Gasolina Regular,20.85
2026-08-24,Lambayeque,Chiclayo,Reque,PETRORED,Gasolina Regular,19.39
2026-08-24,Lambayeque,Chiclayo,Santa Rosa,CORPORACION PETROMAR SAC,Diesel DB5,24.59
2026-08-24,Lambayeque,Chiclayo,Santa Rosa,GRIFO MARANATHA S.A.C.,Diesel DB5,24.39
2026-08-24,Lambayeque,Chiclayo,Santa Rosa,VIMALCA S.A.C.,Diesel DB5,23.99
2026-08-24,Lambayeque,Chiclayo,Santa Rosa,CORPORACION PETROMAR SAC,Gasolina Premium,21.99
2026-08-24,Lambayeque,Chiclayo,Santa Rosa,GRIFO MARANATHA S.A.C.,Gasolina Premium,21.59
2026-08-24,Lambayeque,Chiclayo,Santa Rosa,VIMALCA S.A.C.,Gasolina Premium,21.69
2026-08-24,Lambayeque,Chiclayo,Santa Rosa,CORPORACION PETROMAR SAC,Gasolina Regular,19.99
2026-08-24,Lambayeque,Chiclayo,Santa Rosa,GRIFO MARANATHA S.A.C.,Gasolina Regular,19.99
2026-08-24,Lambayeque,Chiclayo,Santa Rosa,VIMALCA S.A.C.,Gasolina Regular,19.59
2026-08-24,Lambayeque,Chiclayo,Saña,ESTACION DE SERVICIOS SANTO TORIBIO DE MOGROVEJO S.A.C.,Diesel DB5,24.50
2026-08-24,Lambayeque,Chiclayo,Saña,GRIFO SEÑOR DE LA BUENA ESPERANZA EIRL.,Diesel DB5,24.50
2026-08-24,Lambayeque,Chiclayo,Saña,PETROEXPRESS SB S.A.C.,Diesel DB5,23.99
2026-08-24,Lambayeque,Chiclayo,Saña,GRIFO SEÑOR DE LA BUENA ESPERANZA EIRL.,Gasolina Premium,22.70
2026-08-24,Lambayeque,Chiclayo,Saña,ESTACION DE SERVICIOS SANTO TORIBIO DE MOGROVEJO S.A.C.,Gasolina Regular,21.50
2026-08-24,Lambayeque,Chiclayo,Saña,GRIFO SEÑOR DE LA BUENA ESPERANZA EIRL.,Gasolina Regular,21.50
2026-08-24,Lambayeque,Chiclayo,Saña,PETROEXPRESS SB S.A.C.,Gasolina Regular,21.99
2026-08-24,Lambayeque,Chiclayo,Tuman,EMPRESA DE TRANSPORTES Y COMBUSTIBLES LUZMY S.A.C.,Diesel DB5,23.30
2026-08-24,Lambayeque,Chiclayo,Tuman,ESTACION DE SERVICIOS LLAMO S.A.C.,Diesel DB5,23.30
2026-08-24,Lambayeque,Chiclayo,Tuman,GRIFO LOS GIRASOLES S.R.L.,Diesel DB5,23.69
2026-08-24,Lambayeque,Chiclayo,Tuman,GRIFO SANTA ELENA APG E.I.R.L.,Diesel DB5,24.00
2026-08-24,Lambayeque,Chiclayo,Tuman,GRIFO TUMAN S.A.C,Diesel DB5,24.80
2026-08-24,Lambayeque,Chiclayo,Tuman,GRIFO TUMAN SAC,Diesel DB5,26.00
2026-08-24,Lambayeque,Chiclayo,Tuman,ESTACION DE SERVICIOS LLAMO S.A.C.,Gasolina Premium,21.00
2026-08-24,Lambayeque,Chiclayo,Tuman,GRIFO LOS GIRASOLES S.R.L.,Gasolina Premium,21.50
2026-08-24,Lambayeque,Chiclayo,Tuman,EMPRESA DE TRANSPORTES Y COMBUSTIBLES LUZMY S.A.C.,Gasolina Regular,19.60
2026-08-24,Lambayeque,Chiclayo,Tuman,ESTACION DE SERVICIOS LLAMO S.A.C.,Gasolina Regular,19.10
2026-08-24,Lambayeque,Chiclayo,Tuman,GRIFO LOS GIRASOLES S.R.L.,Gasolina Regular,20.50
2026-08-24,Lambayeque,Chiclayo,Tuman,GRIFO SANTA ELENA APG E.I.R.L.,Gasolina Regular,21.00
2026-08-24,Lambayeque,Chiclayo,Tuman,GRIFO TUMAN S.A.C,Gasolina Regular,21.00
2026-08-24,Lambayeque,Chiclayo,Tuman,GRIFO TUMAN SAC,Gasolina Regular,21.50
2026-08-24,Lambayeque,Ferreñafe,Ferreñafe,ALJUFA S.A.C.,Diesel DB5,24.69
2026-08-24,Lambayeque,Ferreñafe,Ferreñafe,ESTACION DE SERVICIOS CHALPON S.A.C.,Diesel DB5,23.59
2026-08-24,Lambayeque,Ferreñafe,Ferreñafe,GASOCENTRO SICAN S.A.C.,Diesel DB5,24.19
2026-08-24,Lambayeque,Ferreñafe,Ferreñafe,GRIFO ISABELLA VG E.I.R.L.,Diesel DB5,23.45
2026-08-24,Lambayeque,Ferreñafe,Ferreñafe,GRIFOS JUAN DIEGO Y ASOCIADOS S.A.C.,Diesel DB5,24.49
2026-08-24,Lambayeque,Ferreñafe,Ferreñafe,HERMANOS JARA S.C.R.L.,Diesel DB5,24.95
2026-08-24,Lambayeque,Ferreñafe,Ferreñafe,SERGIO CABREJOS JARA,Diesel DB5,24.18
2026-08-24,Lambayeque,Ferreñafe,Ferreñafe,ESTACION DE SERVICIOS CHALPON S.A.C.,Gasolina Premium,21.49
2026-08-24,Lambayeque,Ferreñafe,Ferreñafe,GASOCENTRO SICAN S.A.C.,Gasolina Premium,21.05
2026-08-24,Lambayeque,Ferreñafe,Ferreñafe,SERGIO CABREJOS JARA,Gasolina Premium,21.04
2026-08-24,Lambayeque,Ferreñafe,Ferreñafe,ALJUFA S.A.C.,Gasolina Regular,22.53
2026-08-24,Lambayeque,Ferreñafe,Ferreñafe,ESTACION DE SERVICIOS CHALPON S.A.C.,Gasolina Regular,20.49
2026-08-24,Lambayeque,Ferreñafe,Ferreñafe,GASOCENTRO SICAN S.A.C.,Gasolina Regular,19.99
2026-08-24,Lambayeque,Ferreñafe,Ferreñafe,GRIFO ISABELLA VG E.I.R.L.,Gasolina Regular,20.50
2026-08-24,Lambayeque,Ferreñafe,Ferreñafe,GRIFOS JUAN DIEGO Y ASOCIADOS S.A.C.,Gasolina Regular,20.99
2026-08-24,Lambayeque,Ferreñafe,Ferreñafe,HERMANOS JARA S.C.R.L.,Gasolina Regular,22.60
2026-08-24,Lambayeque,Ferreñafe,Ferreñafe,SERGIO CABREJOS JARA,Gasolina Regular,19.98
2026-08-24,Lambayeque,Ferreñafe,Pitipo,BERTIZ MARGARITA BERECHE BALDERA,Diesel DB5,24.99
2026-08-24,Lambayeque,Ferreñafe,Pitipo,GRIFO BRIAN ALEXANDER,Diesel DB5,24.89
2026-08-24,Lambayeque,Ferreñafe,Pitipo,GRIFO GABIYANE S.A.C.,Diesel DB5,24.99
2026-08-24,Lambayeque,Ferreñafe,Pitipo,GRIFO ISABELLA VG E.I.R.L.,Diesel DB5,23.80
2026-08-24,Lambayeque,Ferreñafe,Pitipo,INVERSIONES MANUEL VALLEJOS S.A.C.,Diesel DB5,24.80
2026-08-24,Lambayeque,Ferreñafe,Pitipo,MARIA DEL PILAR ALCANTARA RIVERA,Diesel DB5,24.64
2026-08-24,Lambayeque,Ferreñafe,Pitipo,MULTICENTRO ESPERANZA E.I.R.L.,Diesel DB5,24.85
2026-08-24,Lambayeque,Ferreñafe,Pitipo,NEGOCIOS Y TRANSPORTE BRIAN ALEXANDER E.I.R.L.,Diesel DB5,24.89
2026-08-24,Lambayeque,Ferreñafe,Pitipo,BERTIZ MARGARITA BERECHE BALDERA,Gasolina Premium,20.79
2026-08-24,Lambayeque,Ferreñafe,Pitipo,GRIFO ISABELLA VG E.I.R.L.,Gasolina Premium,21.50
2026-08-24,Lambayeque,Ferreñafe,Pitipo,MULTICENTRO ESPERANZA E.I.R.L.,Gasolina Premium,21.69
2026-08-24,Lambayeque,Ferreñafe,Pitipo,NEGOCIOS Y TRANSPORTE BRIAN ALEXANDER E.I.R.L.,Gasolina Premium,21.99
2026-08-24,Lambayeque,Ferreñafe,Pitipo,BERTIZ MARGARITA BERECHE BALDERA,Gasolina Regular,19.99
2026-08-24,Lambayeque,Ferreñafe,Pitipo,GRIFO BRIAN ALEXANDER,Gasolina Regular,21.30
2026-08-24,Lambayeque,Ferreñafe,Pitipo,GRIFO GABIYANE S.A.C.,Gasolina Regular,22.99
2026-08-24,Lambayeque,Ferreñafe,Pitipo,GRIFO ISABELLA VG E.I.R.L.,Gasolina Regular,20.80
2026-08-24,Lambayeque,Ferreñafe,Pitipo,INVERSIONES MANUEL VALLEJOS S.A.C.,Gasolina Regular,20.80
2026-08-24,Lambayeque,Ferreñafe,Pitipo,MARIA DEL PILAR ALCANTARA RIVERA,Gasolina Regular,21.49
2026-08-24,Lambayeque,Ferreñafe,Pitipo,MULTICENTRO ESPERANZA E.I.R.L.,Gasolina Regular,20.69
2026-08-24,Lambayeque,Ferreñafe,Pitipo,NEGOCIOS Y TRANSPORTE BRIAN ALEXANDER E.I.R.L.,Gasolina Regular,21.30
2026-08-24,Lambayeque,Ferreñafe,Pueblo Nuevo,CORPORACION MYRA SAC,Diesel DB5,24.00
2026-08-24,Lambayeque,Ferreñafe,Pueblo Nuevo,CORPORACION MYRA SAC,Gasolina Premium,21.00
2026-08-24,Lambayeque,Ferreñafe,Pueblo Nuevo,CORPORACION MYRA SAC,Gasolina Regular,20.00
2026-08-24,Lambayeque,Lambayeque,Illimo,FILLING PETROL S.A.C.,Diesel DB5,24.69
2026-08-24,Lambayeque,Lambayeque,Illimo,SERVILINEMAQ E.I.R.L,Diesel DB5,24.29
2026-08-24,Lambayeque,Lambayeque,Illimo,SERVILINEMAQ E.I.R.L,Gasolina Premium,22.19
2026-08-24,Lambayeque,Lambayeque,Illimo,FILLING PETROL S.A.C.,Gasolina Regular,21.99
2026-08-24,Lambayeque,Lambayeque,Illimo,SERVILINEMAQ E.I.R.L,Gasolina Regular,20.99
2026-08-24,Lambayeque,Lambayeque,Jayanca,COMBUSTIBLES EL PUEBLO E.I.R.L.,Diesel DB5,24.29
2026-08-24,Lambayeque,Lambayeque,Jayanca,ESTACION DE SERVICIOS JAYANCA S.R.L.,Diesel DB5,24.39
2026-08-24,Lambayeque,Lambayeque,Jayanca,ESTACION DE SERVICIOS V & P S.R.L.,Diesel DB5,24.49
2026-08-24,Lambayeque,Lambayeque,Jayanca,ESTACION DE SERVICIOS VALLEJOS E.I.R.L.,Diesel DB5,24.49
2026-08-24,Lambayeque,Lambayeque,Jayanca,ESTACIÓN DE SERVICIOS VALLESANTA E.I.R.L.,Diesel DB5,24.39
2026-08-24,Lambayeque,Lambayeque,Jayanca,GRIFO SAN FRANCISCO DE ASIS SAC,Diesel DB5,24.99
2026-08-24,Lambayeque,Lambayeque,Jayanca,COMBUSTIBLES EL PUEBLO E.I.R.L.,Gasolina Premium,21.49
2026-08-24,Lambayeque,Lambayeque,Jayanca,ESTACION DE SERVICIOS JAYANCA S.R.L.,Gasolina Premium,21.79
2026-08-24,Lambayeque,Lambayeque,Jayanca,ESTACION DE SERVICIOS V & P S.R.L.,Gasolina Premium,21.89
2026-08-24,Lambayeque,Lambayeque,Jayanca,ESTACION DE SERVICIOS VALLEJOS E.I.R.L.,Gasolina Premium,21.89
2026-08-24,Lambayeque,Lambayeque,Jayanca,ESTACIÓN DE SERVICIOS VALLESANTA E.I.R.L.,Gasolina Premium,21.79
2026-08-24,Lambayeque,Lambayeque,Jayanca,COMBUSTIBLES EL PUEBLO E.I.R.L.,Gasolina Regular,20.39
2026-08-24,Lambayeque,Lambayeque,Jayanca,ESTACION DE SERVICIOS JAYANCA S.R.L.,Gasolina Regular,20.79
2026-08-24,Lambayeque,Lambayeque,Jayanca,ESTACION DE SERVICIOS V & P S.R.L.,Gasolina Regular,20.89
2026-08-24,Lambayeque,Lambayeque,Jayanca,ESTACION DE SERVICIOS VALLEJOS E.I.R.L.,Gasolina Regular,20.89
2026-08-24,Lambayeque,Lambayeque,Jayanca,ESTACIÓN DE SERVICIOS VALLESANTA E.I.R.L.,Gasolina Regular,20.79
2026-08-24,Lambayeque,Lambayeque,Jayanca,GRIFO SAN FRANCISCO DE ASIS SAC,Gasolina Regular,20.89
2026-08-24,Lambayeque,Lambayeque,Lambayeque,COESTI S.A EE SS INTERNACIONAL,Diesel DB5,25.49
2026-08-24,Lambayeque,Lambayeque,Lambayeque,COESTI S.A. EESS QUIOLA,Diesel DB5,25.49
2026-08-24,Lambayeque,Lambayeque,Lambayeque,CONSORCIOS MORI S.R.L.,Diesel DB5,23.39
2026-08-24,Lambayeque,Lambayeque,Lambayeque,CORPORACION FERRETERA DEL NORTE S.A.C.,Diesel DB5,24.49
2026-08-24,Lambayeque,Lambayeque,Lambayeque,DON LEO,Diesel DB5,23.20
2026-08-24,Lambayeque,Lambayeque,Lambayeque,ESTACION DE SERVICIOS EL CARIBE SAC,Diesel DB5,23.49
2026-08-24,Lambayeque,Lambayeque,Lambayeque,ESTACION DE SERVICIOS NECOLI E.I.R.L.,Diesel DB5,24.49
2026-08-24,Lambayeque,Lambayeque,Lambayeque,ESTACION DE SERVICIOS PETRONORTE E.I.R.L.,Diesel DB5,23.30
2026-08-24,Lambayeque,Lambayeque,Lambayeque,ESTACION DE SERVICIOS SAN JOSE S.A.C.,Diesel DB5,23.49
2026-08-24,Lambayeque,Lambayeque,Lambayeque,ESTACION DE SERVICIOS SAN ROQUE SAC,Diesel DB5,24.99
2026-08-24,Lambayeque,Lambayeque,Lambayeque,GRIFO 4D E.I.R.L.,Diesel DB5,23.20
2026-08-24,Lambayeque,Lambayeque,Lambayeque,GRIFO DON TOBI,Diesel DB5,24.47
2026-08-24,Lambayeque,Lambayeque,Lambayeque,GRIFOS KAMT S.A.C.,Diesel DB5,23.99
2026-08-24,Lambayeque,Lambayeque,Lambayeque,GRIFOS MORI S.A.C.,Diesel DB5,23.79
2026-08-24,Lambayeque,Lambayeque,Lambayeque,PETRONEX PERU SOCIEDAD ANONIMA CERRADA,Diesel DB5,23.99
2026-08-24,Lambayeque,Lambayeque,Lambayeque,COESTI S.A EE SS INTERNACIONAL,Gasolina Premium,21.99
2026-08-24,Lambayeque,Lambayeque,Lambayeque,COESTI S.A. EESS QUIOLA,Gasolina Premium,21.99
2026-08-24,Lambayeque,Lambayeque,Lambayeque,CONSORCIOS MORI S.R.L.,Gasolina Premium,20.59
2026-08-24,Lambayeque,Lambayeque,Lambayeque,CORPORACION FERRETERA DEL NORTE S.A.C.,Gasolina Premium,20.79
2026-08-24,Lambayeque,Lambayeque,Lambayeque,DON LEO,Gasolina Premium,20.50
2026-08-24,Lambayeque,Lambayeque,Lambayeque,ESTACION DE SERVICIOS EL CARIBE SAC,Gasolina Premium,20.68
2026-08-24,Lambayeque,Lambayeque,Lambayeque,ESTACION DE SERVICIOS NECOLI E.I.R.L.,Gasolina Premium,22.20
2026-08-24,Lambayeque,Lambayeque,Lambayeque,ESTACION DE SERVICIOS PETRONORTE E.I.R.L.,Gasolina Premium,20.59
2026-08-24,Lambayeque,Lambayeque,Lambayeque,ESTACION DE SERVICIOS SAN JOSE S.A.C.,Gasolina Premium,20.89
2026-08-24,Lambayeque,Lambayeque,Lambayeque,ESTACION DE SERVICIOS SAN ROQUE SAC,Gasolina Premium,21.99
2026-08-24,Lambayeque,Lambayeque,Lambayeque,GRIFO 4D E.I.R.L.,Gasolina Premium,20.50
2026-08-24,Lambayeque,Lambayeque,Lambayeque,GRIFO DON TOBI,Gasolina Premium,22.20
2026-08-24,Lambayeque,Lambayeque,Lambayeque,GRIFOS KAMT S.A.C.,Gasolina Premium,21.29
2026-08-24,Lambayeque,Lambayeque,Lambayeque,GRIFOS MORI S.A.C.,Gasolina Premium,21.70
2026-08-24,Lambayeque,Lambayeque,Lambayeque,PETRONEX PERU SOCIEDAD ANONIMA CERRADA,Gasolina Premium,20.89
2026-08-24,Lambayeque,Lambayeque,Lambayeque,COESTI S.A EE SS INTERNACIONAL,Gasolina Regular,20.35
2026-08-24,Lambayeque,Lambayeque,Lambayeque,COESTI S.A. EESS QUIOLA,Gasolina Regular,20.35
2026-08-24,Lambayeque,Lambayeque,Lambayeque,CONSORCIOS MORI S.R.L.,Gasolina Regular,18.99
2026-08-24,Lambayeque,Lambayeque,Lambayeque,CORPORACION FERRETERA DEL NORTE S.A.C.,Gasolina Regular,19.79
2026-08-24,Lambayeque,Lambayeque,Lambayeque,DON LEO,Gasolina Regular,19.50
2026-08-24,Lambayeque,Lambayeque,Lambayeque,ESTACION DE SERVICIOS EL CARIBE SAC,Gasolina Regular,19.48
2026-08-24,Lambayeque,Lambayeque,Lambayeque,ESTACION DE SERVICIOS NECOLI E.I.R.L.,Gasolina Regular,20.77
2026-08-24,Lambayeque,Lambayeque,Lambayeque,ESTACION DE SERVICIOS PETRONORTE E.I.R.L.,Gasolina Regular,18.85
2026-08-24,Lambayeque,Lambayeque,Lambayeque,ESTACION DE SERVICIOS SAN JOSE S.A.C.,Gasolina Regular,19.19
2026-08-24,Lambayeque,Lambayeque,Lambayeque,ESTACION DE SERVICIOS SAN ROQUE SAC,Gasolina Regular,20.99
2026-08-24,Lambayeque,Lambayeque,Lambayeque,GRIFO 4D E.I.R.L.,Gasolina Regular,19.50
2026-08-24,Lambayeque,Lambayeque,Lambayeque,GRIFO DON TOBI,Gasolina Regular,20.99
2026-08-24,Lambayeque,Lambayeque,Lambayeque,GRIFOS KAMT S.A.C.,Gasolina Regular,20.19
2026-08-24,Lambayeque,Lambayeque,Lambayeque,GRIFOS MORI S.A.C.,Gasolina Regular,20.60
2026-08-24,Lambayeque,Lambayeque,Lambayeque,PETRONEX PERU SOCIEDAD ANONIMA CERRADA,Gasolina Regular,19.99
2026-08-24,Lambayeque,Lambayeque,Mochumi,DIANA CANDY BUSTAMANTE CABRERA,Diesel DB5,23.49
2026-08-24,Lambayeque,Lambayeque,Mochumi,"ESTACION DE SERVICIO INVERSIONES MCV S,A.C",Diesel DB5,23.45
2026-08-24,Lambayeque,Lambayeque,Mochumi,FUEL OASIS E.I.R.L.,Diesel DB5,24.25
2026-08-24,Lambayeque,Lambayeque,Mochumi,GRIFO MICHELL EIRL,Diesel DB5,23.40
2026-08-24,Lambayeque,Lambayeque,Mochumi,GRUPO MP S.A.C.,Diesel DB5,23.49
2026-08-24,Lambayeque,Lambayeque,Mochumi,INVERSIONES PETER EDEN S.A.C.,Diesel DB5,24.28
2026-08-24,Lambayeque,Lambayeque,Mochumi,PETRORED S.A.C,Diesel DB5,22.99
2026-08-24,Lambayeque,Lambayeque,Mochumi,FUEL OASIS E.I.R.L.,Gasolina Premium,20.95
2026-08-24,Lambayeque,Lambayeque,Mochumi,GRIFO MICHELL EIRL,Gasolina Premium,22.19
2026-08-24,Lambayeque,Lambayeque,Mochumi,GRUPO MP S.A.C.,Gasolina Premium,21.30
2026-08-24,Lambayeque,Lambayeque,Mochumi,INVERSIONES PETER EDEN S.A.C.,Gasolina Premium,21.58
2026-08-24,Lambayeque,Lambayeque,Mochumi,PETRORED S.A.C,Gasolina Premium,19.89
2026-08-24,Lambayeque,Lambayeque,Mochumi,DIANA CANDY BUSTAMANTE CABRERA,Gasolina Regular,19.59
2026-08-24,Lambayeque,Lambayeque,Mochumi,"ESTACION DE SERVICIO INVERSIONES MCV S,A.C",Gasolina Regular,19.46
2026-08-24,Lambayeque,Lambayeque,Mochumi,FUEL OASIS E.I.R.L.,Gasolina Regular,19.95
2026-08-24,Lambayeque,Lambayeque,Mochumi,GRIFO MICHELL EIRL,Gasolina Regular,20.99
2026-08-24,Lambayeque,Lambayeque,Mochumi,GRUPO MP S.A.C.,Gasolina Regular,20.45
2026-08-24,Lambayeque,Lambayeque,Mochumi,INVERSIONES PETER EDEN S.A.C.,Gasolina Regular,20.58
2026-08-24,Lambayeque,Lambayeque,Mochumi,PETRORED S.A.C,Gasolina Regular,19.39
2026-08-24,Lambayeque,Lambayeque,Morrope,CORPORACION HILBERTH E.I.R.L.,Diesel DB5,24.29
2026-08-24,Lambayeque,Lambayeque,Morrope,EE.SS MI MANUELITO S.A.C,Diesel DB5,24.89
2026-08-24,Lambayeque,Lambayeque,Morrope,ESTACION DE SERVICIO INOÑAN E.I.R.L.,Diesel DB5,24.39
2026-08-24,Lambayeque,Lambayeque,Morrope,ESTACION DE SERVICIOS MI MECHITA S.R.L.,Diesel DB5,24.45
2026-08-24,Lambayeque,Lambayeque,Morrope,ESTACION DE SERVICIOS VENTURA S.A.C,Diesel DB5,24.89
2026-08-24,Lambayeque,Lambayeque,Morrope,GRANADOS MIMBELA JOSE ARMANDO,Diesel DB5,23.99
2026-08-24,Lambayeque,Lambayeque,Morrope,GRANADOS MIMBELA JOSE MANUEL,Diesel DB5,23.87
2026-08-24,Lambayeque,Lambayeque,Morrope,GRIFO JUNIOR S.A.C.,Diesel DB5,24.29
2026-08-24,Lambayeque,Lambayeque,Morrope,GRIFO MORROPE E.I.R.L.,Diesel DB5,24.29
2026-08-24,Lambayeque,Lambayeque,Morrope,GRIFO ROCA SAC,Diesel DB5,24.49
2026-08-24,Lambayeque,Lambayeque,Morrope,GRIFO SANDOVAL E.I.R.L.,Diesel DB5,24.30
2026-08-24,Lambayeque,Lambayeque,Morrope,GRIFO TOBI EIRL,Diesel DB5,24.47
2026-08-24,Lambayeque,Lambayeque,Morrope,INVERSIONES MEDIO PUNTO S.A.C.,Diesel DB5,23.89
2026-08-24,Lambayeque,Lambayeque,Morrope,INVERSIONES MEME E.I.R.L.,Diesel DB5,24.30
2026-08-24,Lambayeque,Lambayeque,Morrope,INVERSIONES MIGUEL ANGELO E.I.R.L.,Diesel DB5,24.29
2026-08-24,Lambayeque,Lambayeque,Morrope,PETROEXPRESS SB S.A.C.,Diesel DB5,23.39
2026-08-24,Lambayeque,Lambayeque,Morrope,CORPORACION HILBERTH E.I.R.L.,Gasolina Premium,21.49
2026-08-24,Lambayeque,Lambayeque,Morrope,GRIFO MORROPE E.I.R.L.,Gasolina Premium,21.49
2026-08-24,Lambayeque,Lambayeque,Morrope,GRIFO ROCA SAC,Gasolina Premium,21.49
2026-08-24,Lambayeque,Lambayeque,Morrope,GRIFO SANDOVAL E.I.R.L.,Gasolina Premium,22.30
2026-08-24,Lambayeque,Lambayeque,Morrope,GRIFO TOBI EIRL,Gasolina Premium,21.99
2026-08-24,Lambayeque,Lambayeque,Morrope,INVERSIONES MEDIO PUNTO S.A.C.,Gasolina Premium,22.15
2026-08-24,Lambayeque,Lambayeque,Morrope,INVERSIONES MEME E.I.R.L.,Gasolina Premium,21.50
2026-08-24,Lambayeque,Lambayeque,Morrope,INVERSIONES MIGUEL ANGELO E.I.R.L.,Gasolina Premium,21.79
2026-08-24,Lambayeque,Lambayeque,Morrope,PETROEXPRESS SB S.A.C.,Gasolina Premium,21.99
2026-08-24,Lambayeque,Lambayeque,Morrope,CORPORACION HILBERTH E.I.R.L.,Gasolina Regular,19.99
2026-08-24,Lambayeque,Lambayeque,Morrope,EE.SS MI MANUELITO S.A.C,Gasolina Regular,21.19
2026-08-24,Lambayeque,Lambayeque,Morrope,ESTACION DE SERVICIO INOÑAN E.I.R.L.,Gasolina Regular,21.60
2026-08-24,Lambayeque,Lambayeque,Morrope,ESTACION DE SERVICIOS FARRONAN,Gasolina Regular,22.40
2026-08-24,Lambayeque,Lambayeque,Morrope,ESTACION DE SERVICIOS MI MECHITA S.R.L.,Gasolina Regular,20.40
2026-08-24,Lambayeque,Lambayeque,Morrope,ESTACION DE SERVICIOS VENTURA S.A.C,Gasolina Regular,19.99
2026-08-24,Lambayeque,Lambayeque,Morrope,GRANADOS MIMBELA JOSE ARMANDO,Gasolina Regular,20.69
2026-08-24,Lambayeque,Lambayeque,Morrope,GRANADOS MIMBELA JOSE MANUEL,Gasolina Regular,19.98
2026-08-24,Lambayeque,Lambayeque,Morrope,GRIFO JUNIOR S.A.C.,Gasolina Regular,21.80
2026-08-24,Lambayeque,Lambayeque,Morrope,GRIFO MORROPE E.I.R.L.,Gasolina Regular,19.99
2026-08-24,Lambayeque,Lambayeque,Morrope,GRIFO ROCA SAC,Gasolina Regular,19.99
2026-08-24,Lambayeque,Lambayeque,Morrope,GRIFO SANDOVAL E.I.R.L.,Gasolina Regular,21.50
2026-08-24,Lambayeque,Lambayeque,Morrope,GRIFO TOBI EIRL,Gasolina Regular,21.19
2026-08-24,Lambayeque,Lambayeque,Morrope,INVERSIONES MEDIO PUNTO S.A.C.,Gasolina Regular,21.35
2026-08-24,Lambayeque,Lambayeque,Morrope,INVERSIONES MEME E.I.R.L.,Gasolina Regular,20.00
2026-08-24,Lambayeque,Lambayeque,Morrope,INVERSIONES MIGUEL ANGELO E.I.R.L.,Gasolina Regular,19.99
2026-08-24,Lambayeque,Lambayeque,Morrope,PETROEXPRESS SB S.A.C.,Gasolina Regular,20.49
2026-08-24,Lambayeque,Lambayeque,Motupe,ALEGROUP INVERSIONES E.I.R.L.,Diesel DB5,23.60
2026-08-24,Lambayeque,Lambayeque,Motupe,CORPORACION PETROGAS E.I.R.L.,Diesel DB5,23.99
2026-08-24,Lambayeque,Lambayeque,Motupe,CRM GAS S.A.C.,Diesel DB5,23.60
2026-08-24,Lambayeque,Lambayeque,Motupe,CRM GAS SAC,Diesel DB5,23.60
2026-08-24,Lambayeque,Lambayeque,Motupe,GRIFO JUAN JOSE VG E.I.R.L.,Diesel DB5,23.60
2026-08-24,Lambayeque,Lambayeque,Motupe,MAYRA ALEJANDRINA BERNILLA NEIRA,Diesel DB5,31.99
2026-08-24,Lambayeque,Lambayeque,Motupe,VICENTE CAJO GUTIERREZ,Diesel DB5,23.60
2026-08-24,Lambayeque,Lambayeque,Motupe,ALEGROUP INVERSIONES E.I.R.L.,Gasolina Premium,20.95
2026-08-24,Lambayeque,Lambayeque,Motupe,CORPORACION PETROGAS E.I.R.L.,Gasolina Premium,21.59
2026-08-24,Lambayeque,Lambayeque,Motupe,CRM GAS S.A.C.,Gasolina Premium,20.95
2026-08-24,Lambayeque,Lambayeque,Motupe,CRM GAS SAC,Gasolina Premium,20.95
2026-08-24,Lambayeque,Lambayeque,Motupe,GRIFO JUAN JOSE VG E.I.R.L.,Gasolina Premium,20.95
2026-08-24,Lambayeque,Lambayeque,Motupe,VICENTE CAJO GUTIERREZ,Gasolina Premium,21.59
2026-08-24,Lambayeque,Lambayeque,Motupe,ALEGROUP INVERSIONES E.I.R.L.,Gasolina Regular,19.75
2026-08-24,Lambayeque,Lambayeque,Motupe,CORPORACION PETROGAS E.I.R.L.,Gasolina Regular,20.99
2026-08-24,Lambayeque,Lambayeque,Motupe,CRM GAS S.A.C.,Gasolina Regular,19.75
2026-08-24,Lambayeque,Lambayeque,Motupe,CRM GAS SAC,Gasolina Regular,19.75
2026-08-24,Lambayeque,Lambayeque,Motupe,GRIFO JUAN JOSE VG E.I.R.L.,Gasolina Regular,19.75
2026-08-24,Lambayeque,Lambayeque,Motupe,MAYRA ALEJANDRINA BERNILLA NEIRA,Gasolina Regular,29.99
2026-08-24,Lambayeque,Lambayeque,Motupe,VICENTE CAJO GUTIERREZ,Gasolina Regular,20.99
2026-08-24,Lambayeque,Lambayeque,Olmos,BENICORP PRIMAX,Diesel DB5,24.87
2026-08-24,Lambayeque,Lambayeque,Olmos,CESAR BELIZARIO LEON  DELGADO,Diesel DB5,24.70
2026-08-24,Lambayeque,Lambayeque,Olmos,CRM GAS S.A.C.,Diesel DB5,23.60
2026-08-24,Lambayeque,Lambayeque,Olmos,ESTACION DE SERVICIOS OLMOS E.I.R.L.,Diesel DB5,24.69
2026-08-24,Lambayeque,Lambayeque,Olmos,ESTACION DE SERVICIOS SAN JOSE S.A.C.,Diesel DB5,23.59
2026-08-24,Lambayeque,Lambayeque,Olmos,ESTACIÓN DE SERVICIOS MIGUEL ANGEL EIRL,Diesel DB5,24.80
2026-08-24,Lambayeque,Lambayeque,Olmos,GASOCENTRO VISTA ALEGRE S.A.C.,Diesel DB5,23.99
2026-08-24,Lambayeque,Lambayeque,Olmos,GRIFO 4A E.I.R.L.,Diesel DB5,23.60
2026-08-24,Lambayeque,Lambayeque,Olmos,GRIFO OLMOS S.A.C.,Diesel DB5,23.95
2026-08-24,Lambayeque,Lambayeque,Olmos,SERVICIOS E INVERSIONES VALLEJOS CUATRO S.A.C.,Diesel DB5,24.00
2026-08-24,Lambayeque,Lambayeque,Olmos,TERESA DE JESUS PUPUCHE ARROYO,Diesel DB5,24.70
2026-08-24,Lambayeque,Lambayeque,Olmos,TRANSPORTES MB E.I.R.L.,Diesel DB5,23.99
2026-08-24,Lambayeque,Lambayeque,Olmos,BENICORP PRIMAX,Gasolina Premium,22.97
2026-08-24,Lambayeque,Lambayeque,Olmos,CESAR BELIZARIO LEON  DELGADO,Gasolina Premium,22.00
2026-08-24,Lambayeque,Lambayeque,Olmos,CRM GAS S.A.C.,Gasolina Premium,20.95
2026-08-24,Lambayeque,Lambayeque,Olmos,ESTACION DE SERVICIOS OLMOS E.I.R.L.,Gasolina Premium,21.39
2026-08-24,Lambayeque,Lambayeque,Olmos,ESTACIÓN DE SERVICIOS MIGUEL ANGEL EIRL,Gasolina Premium,21.60
2026-08-24,Lambayeque,Lambayeque,Olmos,GASOCENTRO VISTA ALEGRE S.A.C.,Gasolina Premium,20.95
2026-08-24,Lambayeque,Lambayeque,Olmos,GRIFO 4A E.I.R.L.,Gasolina Premium,20.85
2026-08-24,Lambayeque,Lambayeque,Olmos,GRIFO OLMOS S.A.C.,Gasolina Premium,21.90
2026-08-24,Lambayeque,Lambayeque,Olmos,TERESA DE JESUS PUPUCHE ARROYO,Gasolina Premium,21.50
2026-08-24,Lambayeque,Lambayeque,Olmos,BENICORP PRIMAX,Gasolina Regular,20.97
2026-08-24,Lambayeque,Lambayeque,Olmos,CESAR BELIZARIO LEON  DELGADO,Gasolina Regular,20.00
2026-08-24,Lambayeque,Lambayeque,Olmos,CRM GAS S.A.C.,Gasolina Regular,19.75
2026-08-24,Lambayeque,Lambayeque,Olmos,ESTACION DE SERVICIOS OLMOS E.I.R.L.,Gasolina Regular,19.99
2026-08-24,Lambayeque,Lambayeque,Olmos,ESTACION DE SERVICIOS SAN JOSE S.A.C.,Gasolina Regular,19.69
2026-08-24,Lambayeque,Lambayeque,Olmos,ESTACIÓN DE SERVICIOS MIGUEL ANGEL EIRL,Gasolina Regular,20.20
2026-08-24,Lambayeque,Lambayeque,Olmos,GASOCENTRO VISTA ALEGRE S.A.C.,Gasolina Regular,19.89
2026-08-24,Lambayeque,Lambayeque,Olmos,GRIFO 4A E.I.R.L.,Gasolina Regular,19.70
2026-08-24,Lambayeque,Lambayeque,Olmos,GRIFO OLMOS S.A.C.,Gasolina Regular,20.50
2026-08-24,Lambayeque,Lambayeque,Olmos,SERVICIOS E INVERSIONES VALLEJOS CUATRO S.A.C.,Gasolina Regular,19.50
2026-08-24,Lambayeque,Lambayeque,Olmos,TERESA DE JESUS PUPUCHE ARROYO,Gasolina Regular,20.00
2026-08-24,Lambayeque,Lambayeque,Olmos,TRANSPORTES MB E.I.R.L.,Gasolina Regular,19.89
2026-08-24,Lambayeque,Lambayeque,Pacora,GRIFOS PACORA E.I.R.L.,Diesel DB5,23.99
2026-08-24,Lambayeque,Lambayeque,Pacora,PETROMAR S.R.L.,Diesel DB5,22.00
2026-08-24,Lambayeque,Lambayeque,Pacora,GRIFOS PACORA E.I.R.L.,Gasolina Premium,21.40
2026-08-24,Lambayeque,Lambayeque,Pacora,GRIFOS PACORA E.I.R.L.,Gasolina Regular,20.33
2026-08-24,Lambayeque,Lambayeque,Pacora,PETROMAR S.R.L.,Gasolina Regular,21.00
2026-08-24,Lambayeque,Lambayeque,Salas,MIREZ TONGO JOSE GREGORIO,Diesel DB5,24.40
2026-08-24,Lambayeque,Lambayeque,Salas,MIREZ TONGO JOSE GREGORIO,Gasolina Regular,21.00
2026-08-24,Lambayeque,Lambayeque,San Jose,SERVICIOS E INVERSIONES ENERGYNOR E.I.R.L,Diesel DB5,23.45
2026-08-24,Lambayeque,Lambayeque,San Jose,SERVICIOS E INVERSIONES ENERGYNOR E.I.R.L,Gasolina Premium,20.75
2026-08-24,Lambayeque,Lambayeque,San Jose,SERVICIOS E INVERSIONES ENERGYNOR E.I.R.L,Gasolina Regular,19.85
2026-08-24,Lambayeque,Lambayeque,Tucume,CAJUSOL TUÑOQUE JORGE NATIVIDAD,Diesel DB5,24.98
2026-08-24,Lambayeque,Lambayeque,Tucume,ESTACION DE SERVICIOS CRUZ BLANCA E.I.R.L.,Diesel DB5,23.45
2026-08-24,Lambayeque,Lambayeque,Tucume,ESTACION DE SERVICIOS YAMPIER E.I.R.L.,Diesel DB5,23.95
2026-08-24,Lambayeque,Lambayeque,Tucume,GRIFO LAS PIRAMIDES SAC,Diesel DB5,23.99
2026-08-24,Lambayeque,Lambayeque,Tucume,GRIFO TRANCA SASAPE E.I.R.L.,Diesel DB5,23.45
2026-08-24,Lambayeque,Lambayeque,Tucume,INVERSIONES MCV SOCIEDAD ANONIMA CERRADA,Diesel DB5,23.50
2026-08-24,Lambayeque,Lambayeque,Tucume,PETRONOR EIRL,Diesel DB5,23.99
2026-08-24,Lambayeque,Lambayeque,Tucume,ESTACION DE SERVICIOS CRUZ BLANCA E.I.R.L.,Gasolina Premium,21.30
2026-08-24,Lambayeque,Lambayeque,Tucume,ESTACION DE SERVICIOS YAMPIER E.I.R.L.,Gasolina Premium,21.45
2026-08-24,Lambayeque,Lambayeque,Tucume,GRIFO TRANCA SASAPE E.I.R.L.,Gasolina Premium,21.30
2026-08-24,Lambayeque,Lambayeque,Tucume,PETRONOR EIRL,Gasolina Premium,21.49
2026-08-24,Lambayeque,Lambayeque,Tucume,CAJUSOL TUÑOQUE JORGE NATIVIDAD,Gasolina Regular,20.98
2026-08-24,Lambayeque,Lambayeque,Tucume,ESTACION DE SERVICIOS CRUZ BLANCA E.I.R.L.,Gasolina Regular,20.30
2026-08-24,Lambayeque,Lambayeque,Tucume,ESTACION DE SERVICIOS YAMPIER E.I.R.L.,Gasolina Regular,20.35
2026-08-24,Lambayeque,Lambayeque,Tucume,GRIFO LAS PIRAMIDES SAC,Gasolina Regular,20.49
2026-08-24,Lambayeque,Lambayeque,Tucume,GRIFO TRANCA SASAPE E.I.R.L.,Gasolina Regular,20.30
2026-08-24,Lambayeque,Lambayeque,Tucume,INVERSIONES MCV SOCIEDAD ANONIMA CERRADA,Gasolina Regular,20.99
2026-08-24,Lambayeque,Lambayeque,Tucume,PETRONOR EIRL,Gasolina Regular,20.39
